46.05,47.13,48.45,50.49,52.93,55.24,57.39,59.66,62.84,66.50,69.73,72.44,74.91,77.39,80.69,84.83,89.64,94.22,98.36,102.32,106.43,111.17,116.05,118.99,120.51,121.76,123.09,123.66,124.20,125.27,126.97,128.20,129.41,130.59,131.34,132.56,133.82,135.72,138.49,139.62,141.25,144.04,147.70,150.76,152.59,153.56,154.34,155.63,156.84,158.95,162.01,164.77,162.78,158.41,153.87,150.14,147.75,145.25,142.64,139.36,134.92,130.34,127.18,124.84,123.60,125.11,128.72,134.01,140.35,146.84,151.44,155.91,160.28,164.34,168.26,172.75,177.46,181.72,184.43,186.61,187.48,186.25,182.20,177.49,173.08,169.06,165.44,162.10,157.88,153.14,148.67,145.45,142.30,138.45,134.46,130.84,127.86,125.11,122.30,118.99,114.51,110.26,107.01,104.16,101.16,98.59,97.25,97.37,98.80,100.36,102.07,103.77,105.47,107.22,109.02,110.23,110.80,110.75,110.37,109.96,109.53,109.03,108.28,106.24,103.75,101.28,98.92,95.82,92.37,89.06,86.08,83.20,79.70,73.75,67.05,63.06,59.13,55.04,50.67,45.92,41.08,36.92,32.98,29.34,26.69,24.07,21.50,19.13,17.13,15.19,13.22,11.37,9.96,9.53,9.27,9.00,8.69,8.38,8.06,7.86,7.76,7.68,7.58,7.03,6.33,5.66,5.09,4.81,4.69,4.61,4.51,4.30,4.13,4.02,3.95,3.88,3.79,3.66,3.50,3.34,3.12,2.90,2.69,2.53,2.37,2.16,1.96,1.79,1.56,1.33,1.09,0.83,0.56,0.31,0.24,e,e,e,e,e,e,e,e,e,e,e,e,e,e,e,e,e,e,e,e,e,e,e,e,e,e,e,e,e,e,e,e,e,e,e,e,e,e,e,e,e,e,e,e,e,e,e,e,e,e,e,e,e,e,e,e,e,e,e,e,e
45.22,46.47,48.12,50.46,53.11,55.59,57.92,60.49,64.33,68.18,71.47,74.25,76.83,79.69,83.64,88.47,93.69,97.83,101.81,105.68,109.55,113.79,117.86,119.99,120.75,121.20,121.32,121.34,121.53,122.27,124.05,126.15,128.63,130.89,131.80,133.37,135.45,137.90,140.41,141.86,143.32,144.97,146.76,148.40,149.36,149.51,149.43,149.93,150.66,153.50,158.09,162.63,161.62,157.29,152.28,147.90,145.18,142.70,139.36,135.30,130.88,126.76,123.81,121.40,120.02,121.66,125.27,130.83,137.49,143.92,148.12,152.13,156.40,160.83,164.92,169.04,173.39,177.72,181.17,183.46,184.59,184.06,181.09,176.82,172.52,168.78,165.64,162.54,158.43,153.75,149.30,146.03,143.04,139.62,135.60,131.28,128.13,125.35,122.41,118.92,114.53,111.05,108.06,105.07,101.82,98.95,96.53,95.68,96.68,98.24,100.41,102.53,104.52,106.56,108.54,110.22,111.44,112.18,112.95,113.67,113.73,113.02,111.63,109.13,106.14,103.13,100.17,96.36,92.24,88.77,86.16,83.58,80.69,74.94,68.15,64.22,59.86,55.31,50.66,45.94,41.13,36.94,32.94,29.28,26.66,24.04,21.46,19.01,16.76,14.68,12.61,10.85,9.71,9.35,9.07,8.78,8.47,8.15,7.81,7.54,7.37,7.30,7.25,6.97,6.45,5.78,5.22,4.90,4.73,4.60,4.43,4.21,3.98,3.80,3.69,3.61,3.54,3.43,3.31,3.15,2.93,2.69,2.49,2.34,2.18,1.97,1.75,1.56,1.37,1.14,0.91,0.67,0.42,0.27,0.20,e,e,e,e,e,e,e,e,e,e,e,e,e,e,e,e,e,e,e,e,e,e,e,e,e,e,e,e,e,e,e,e,e,e,e,e,e,e,e,e,e,e,e,e,e,e,e,e,e,e,e,e,e,e,e,e,e,e,e,e,e
44.34,45.85,47.87,50.40,53.22,55.88,58.44,61.33,65.68,69.73,73.17,76.13,78.95,82.28,86.83,92.13,97.32,100.66,104.32,107.98,111.45,114.83,117.60,118.86,119.05,118.68,117.66,117.26,117.21,117.53,119.01,121.80,125.48,128.92,130.30,132.34,135.34,138.53,141.12,142.97,144.21,144.68,144.62,144.88,145.04,144.68,144.18,144.19,144.84,148.72,154.82,160.75,160.58,156.57,151.40,146.45,142.87,139.93,135.72,131.00,126.86,123.25,120.37,117.83,116.35,118.22,121.73,127.26,134.01,140.51,144.82,148.45,152.54,157.42,162.00,165.79,169.62,173.77,177.93,180.20,181.46,181.47,179.46,175.65,171.54,168.10,165.44,162.65,158.84,154.54,150.34,146.93,144.06,141.18,137.34,132.47,128.88,125.78,122.50,118.76,114.61,111.86,109.08,105.93,102.47,99.35,96.09,94.22,94.38,95.84,98.28,100.56,102.57,104.68,106.78,108.76,110.48,111.93,113.56,115.31,115.95,115.12,113.03,110.05,106.80,103.58,100.33,95.99,91.63,88.19,85.84,83.50,81.05,75.78,69.30,65.14,60.30,55.27,50.38,45.72,41.02,36.85,32.84,29.18,26.58,23.96,21.38,18.82,16.30,14.03,11.87,10.30,9.55,9.21,8.89,8.59,8.28,7.96,7.60,7.26,7.01,6.90,6.83,6.80,6.50,5.92,5.40,5.04,4.81,4.62,4.38,4.15,3.86,3.62,3.46,3.36,3.28,3.20,3.11,2.96,2.74,2.51,2.31,2.15,1.98,1.77,1.55,1.34,1.17,0.95,0.72,0.49,0.28,e,e,e,e,e,e,e,e,e,e,e,e,e,e,e,e,e,e,e,e,e,e,e,e,e,e,e,e,e,e,e,e,e,e,e,e,e,e,e,e,e,e,e,e,e,e,e,e,e,e,e,e,e,e,e,e,e,e,e,e,e,e,e
43.54,45.45,47.82,50.39,53.22,56.02,58.90,62.21,66.70,71.00,74.81,78.23,81.59,85.41,90.42,95.61,99.77,102.13,105.18,108.28,110.94,112.81,113.86,114.36,114.32,113.56,112.81,112.61,112.68,112.96,113.95,116.34,119.56,122.96,125.72,128.32,131.89,136.13,140.07,141.52,142.05,142.01,141.53,140.97,140.29,139.43,138.77,139.05,140.48,145.56,152.63,159.04,159.41,156.05,151.25,146.00,140.97,136.63,132.15,127.68,123.61,120.05,116.81,114.00,112.59,114.92,118.24,123.24,129.41,135.73,141.13,144.93,148.86,153.94,159.27,163.27,167.01,170.94,174.91,177.23,178.50,178.59,176.88,173.33,169.64,166.47,163.95,161.78,158.71,155.16,151.44,147.90,145.06,142.27,138.73,134.14,129.66,125.89,122.29,118.74,115.41,112.43,109.38,106.18,102.81,99.43,96.01,93.27,92.03,93.37,95.72,98.07,100.17,102.09,103.91,106.03,108.41,110.76,112.37,114.18,115.22,114.81,112.21,108.06,104.35,101.23,98.07,93.35,89.84,87.21,85.07,82.95,80.61,76.16,70.47,65.57,60.48,55.06,49.86,45.16,40.47,36.52,32.70,29.10,26.46,23.84,21.22,18.59,15.95,13.41,11.24,9.88,9.40,9.03,8.70,8.39,8.09,7.78,7.45,7.10,6.75,6.48,6.44,6.39,6.28,6.05,5.58,5.14,4.85,4.61,4.32,4.08,3.80,3.53,3.32,3.13,3.02,2.94,2.86,2.76,2.54,2.35,2.17,1.95,1.74,1.55,1.38,1.20,0.99,0.76,0.53,0.30,0.10,e,e,e,e,e,e,e,e,e,e,e,e,e,e,e,e,e,e,e,e,e,e,e,e,e,e,e,e,e,e,e,e,e,e,e,e,e,e,e,e,e,e,e,e,e,e,e,e,e,e,e,e,e,e,e,e,e,e,e,e,e,e,e
43.09,45.31,47.80,50.36,53.21,56.12,59.26,62.89,67.36,72.20,76.58,80.39,84.00,88.03,92.78,97.37,100.89,102.99,105.19,107.21,108.77,109.67,109.84,109.76,109.39,108.58,108.04,107.96,108.12,108.56,109.68,111.72,114.57,117.92,121.34,124.69,128.76,133.26,137.30,138.75,138.76,138.12,137.13,136.12,135.20,134.34,133.96,134.94,137.71,143.59,150.52,156.19,157.15,154.61,150.36,145.16,139.30,134.18,129.59,125.26,121.09,117.23,113.72,110.77,109.42,111.83,115.01,119.41,124.78,130.68,136.32,140.84,145.52,151.09,156.61,160.74,164.47,168.23,171.81,174.12,175.33,175.43,173.94,170.74,167.37,164.24,161.43,158.88,156.44,153.87,151.07,148.04,145.26,142.59,139.31,135.04,130.39,126.16,122.22,118.62,115.65,112.62,109.48,106.24,102.84,99.38,95.78,92.45,90.18,90.54,92.57,94.90,97.06,98.92,100.80,102.98,105.63,108.65,110.98,113.00,113.92,113.23,110.32,105.03,100.75,97.56,94.55,90.71,87.99,85.82,83.81,81.77,79.00,75.11,70.42,65.45,60.18,54.41,48.94,44.31,39.91,36.11,32.43,28.92,26.19,23.52,20.86,18.19,15.50,12.86,10.83,9.64,9.26,8.88,8.53,8.20,7.90,7.58,7.24,6.87,6.50,6.18,6.04,5.97,5.94,5.82,5.43,5.06,4.79,4.57,4.29,4.03,3.76,3.49,3.22,2.96,2.80,2.69,2.61,2.52,2.34,2.17,1.99,1.76,1.53,1.35,1.19,1.00,0.79,0.57,0.35,0.18,0.03,e,e,e,e,e,e,e,e,e,e,e,e,e,e,e,e,e,e,e,e,e,e,e,e,e,e,e,e,e,e,e,e,e,e,e,e,e,e,e,e,e,e,e,e,e,e,e,e,e,e,e,e,e,e,e,e,e,e,e,e,e,e,e
42.78,45.27,47.79,50.36,53.26,56.24,59.55,63.38,67.71,73.21,78.23,82.40,86.06,90.09,94.18,97.98,101.09,103.21,104.46,105.22,105.67,105.90,105.57,104.92,104.16,103.50,103.13,103.17,103.55,104.39,106.06,107.99,110.67,114.02,117.64,121.69,126.14,130.43,133.71,135.15,134.69,133.39,131.85,130.62,129.78,129.28,129.54,131.56,135.86,142.18,148.41,152.88,154.32,152.57,148.94,143.95,137.73,132.27,127.65,123.36,119.01,114.69,110.98,107.99,106.60,108.87,111.94,115.74,120.32,125.83,131.44,136.87,142.57,148.63,154.03,158.19,161.91,165.46,168.61,170.84,171.98,172.06,170.78,167.98,164.79,161.41,157.94,154.76,152.85,151.25,149.51,147.38,144.92,142.44,139.38,135.32,130.81,126.25,122.01,118.33,115.45,112.49,109.36,106.06,102.61,99.19,95.50,91.86,88.84,87.65,89.12,91.32,93.45,95.25,97.16,99.20,101.98,105.73,109.17,111.66,112.38,111.15,107.90,101.82,97.09,93.74,90.84,88.30,86.18,84.21,82.18,79.78,76.39,72.97,69.38,64.83,59.43,53.40,47.79,43.28,39.30,35.65,32.09,28.70,25.83,23.08,20.37,17.67,14.97,12.33,10.54,9.53,9.14,8.76,8.37,8.01,7.70,7.38,7.01,6.63,6.27,5.95,5.67,5.57,5.53,5.41,5.13,4.89,4.70,4.52,4.28,3.99,3.73,3.46,3.15,2.86,2.61,2.46,2.36,2.28,2.14,1.98,1.80,1.57,1.34,1.17,0.97,0.76,0.59,0.38,0.21,0.11,e,e,e,e,e,e,e,e,e,e,e,e,e,e,e,e,e,e,e,e,e,e,e,e,e,e,e,e,e,e,e,e,e,e,e,e,e,e,e,e,e,e,e,e,e,e,e,e,e,e,e,e,e,e,e,e,e,e,e,e,e,e,e,e
42.34,45.02,47.81,50.63,53.59,56.56,59.81,63.50,67.55,73.52,79.08,83.56,87.11,90.82,94.38,97.65,100.35,101.84,102.36,102.44,102.29,101.93,100.63,99.06,97.87,97.57,97.26,97.72,98.90,100.80,103.38,106.17,109.28,112.74,116.53,120.52,124.99,128.75,130.56,130.96,129.67,127.77,125.84,124.40,123.71,123.89,125.36,129.03,134.28,140.36,146.13,150.44,151.70,150.22,146.91,142.17,136.10,130.60,125.99,121.66,117.07,112.49,108.81,105.64,103.84,105.95,108.88,112.36,116.67,122.47,129.01,134.89,140.58,146.38,151.66,155.67,159.10,162.28,165.21,167.22,168.27,168.44,167.50,165.06,161.66,157.22,152.50,150.10,148.58,147.34,146.19,145.14,144.10,142.17,139.09,134.75,129.99,125.14,120.88,117.40,114.63,111.89,108.67,105.20,101.83,98.69,95.33,91.94,88.57,85.41,85.83,87.52,89.31,90.62,91.49,92.86,96.03,101.35,105.86,109.47,110.96,109.77,105.65,100.34,95.95,92.40,89.32,86.81,84.64,82.59,80.07,75.59,72.02,69.36,66.85,63.14,57.78,51.91,46.50,42.13,38.45,35.15,31.81,28.48,25.51,22.59,19.80,17.10,14.40,11.72,10.23,9.46,9.07,8.68,8.26,7.83,7.46,7.19,6.82,6.43,6.06,5.70,5.39,5.20,5.11,5.05,4.91,4.78,4.63,4.46,4.22,3.97,3.69,3.40,3.10,2.84,2.56,2.30,2.10,2.03,1.93,1.79,1.61,1.39,1.20,1.00,0.78,0.57,0.41,0.19,0.10,e,e,e,e,e,e,e,e,e,e,e,e,e,e,e,e,e,e,e,e,e,e,e,e,e,e,e,e,e,e,e,e,e,e,e,e,e,e,e,e,e,e,e,e,e,e,e,e,e,e,e,e,e,e,e,e,e,e,e,e,e,e,e,e,e
42.18,45.12,48.17,51.08,53.97,56.86,60.00,63.52,67.33,73.35,79.14,83.79,87.14,90.43,93.49,96.12,98.00,98.91,98.16,97.20,96.53,95.75,94.25,92.79,91.87,91.85,91.98,92.77,94.69,97.94,101.65,105.18,108.70,112.35,116.21,120.05,123.99,126.65,126.79,126.18,124.36,122.18,120.11,118.48,117.65,118.54,121.42,126.65,132.64,138.32,143.48,147.56,149.09,147.76,144.65,140.15,134.17,128.82,124.23,119.78,115.00,110.29,106.46,103.11,101.14,103.35,106.26,109.45,113.38,119.19,126.69,133.04,138.67,144.04,149.05,152.97,156.20,159.02,161.57,163.21,164.11,164.42,163.88,161.73,157.87,153.10,148.52,146.35,144.69,143.49,142.72,142.42,142.29,140.75,137.58,132.86,127.88,123.01,118.95,115.78,113.22,110.62,107.39,103.91,100.68,97.82,94.85,91.74,88.18,83.67,82.54,83.34,84.76,85.59,85.77,86.56,89.59,95.52,101.36,106.04,108.39,107.86,104.03,99.48,95.38,91.77,88.59,85.98,83.58,80.81,77.01,71.43,68.00,65.85,63.77,60.20,54.92,49.68,44.95,40.92,37.58,34.53,31.38,28.13,25.07,22.01,19.12,16.35,13.63,11.05,9.83,9.24,8.84,8.44,7.98,7.53,7.14,6.90,6.58,6.25,5.89,5.51,5.17,4.96,4.84,4.79,4.71,4.63,4.52,4.37,4.16,3.93,3.64,3.33,3.04,2.80,2.50,2.20,1.94,1.81,1.71,1.57,1.40,1.20,1.04,0.82,0.59,0.40,0.30,0.09,0.00,e,e,e,e,e,e,e,e,e,e,e,e,e,e,e,e,e,e,e,e,e,e,e,e,e,e,e,e,e,e,e,e,e,e,e,e,e,e,e,e,e,e,e,e,e,e,e,e,e,e,e,e,e,e,e,e,e,e,e,e,e,e,e,e,e
42.30,45.53,48.79,51.63,54.32,57.08,60.12,63.50,67.12,72.77,78.42,83.11,86.19,89.01,91.60,93.45,94.18,94.57,92.19,89.96,88.81,87.76,86.84,86.47,86.46,86.65,87.54,88.59,91.15,95.84,100.81,104.84,108.67,112.55,116.39,120.02,122.94,124.00,122.43,120.97,118.91,116.73,114.68,112.86,111.70,113.33,117.64,124.13,130.73,136.01,140.46,144.19,146.44,145.23,142.24,137.93,131.95,126.90,122.29,117.67,112.78,108.07,103.91,100.34,98.52,101.15,104.18,107.08,110.48,115.85,124.05,131.00,136.69,141.57,146.17,150.08,153.19,155.64,157.64,158.76,159.46,159.92,159.84,157.97,153.63,149.39,146.26,143.64,141.36,139.90,139.27,139.37,139.50,138.10,134.79,129.65,124.54,119.98,116.31,113.49,111.17,108.67,105.54,102.22,99.24,96.61,94.00,91.10,87.42,82.35,79.24,78.86,79.94,80.49,80.48,80.87,83.18,88.53,95.73,101.36,104.64,105.30,102.92,98.97,95.04,91.49,88.33,85.63,82.94,78.90,73.20,67.61,64.53,62.53,60.25,56.18,51.11,46.90,43.20,39.69,36.71,33.77,30.74,27.63,24.48,21.31,18.30,15.40,12.63,10.35,9.34,8.84,8.45,8.00,7.54,7.12,6.76,6.53,6.28,6.04,5.74,5.36,5.01,4.85,4.73,4.61,4.53,4.45,4.37,4.26,4.09,3.87,3.58,3.27,2.98,2.74,2.44,2.14,1.86,1.64,1.47,1.32,1.16,1.00,0.84,0.63,0.40,0.22,e,e,e,e,e,e,e,e,e,e,e,e,e,e,e,e,e,e,e,e,e,e,e,e,e,e,e,e,e,e,e,e,e,e,e,e,e,e,e,e,e,e,e,e,e,e,e,e,e,e,e,e,e,e,e,e,e,e,e,e,e,e,e,e,e,e,e,e
42.24,45.50,48.81,51.72,54.38,57.09,60.12,63.55,67.13,71.81,76.87,81.43,84.34,86.97,89.10,90.38,90.39,89.71,87.58,85.53,84.04,82.69,81.96,81.99,82.51,83.30,84.41,86.22,89.46,94.52,100.45,104.93,108.92,112.84,116.58,119.73,121.46,121.24,118.80,116.41,114.00,111.42,108.78,106.64,105.99,108.49,113.55,120.30,127.38,133.01,137.56,141.19,143.58,142.81,139.91,135.49,129.87,124.89,120.17,115.42,110.57,105.92,101.41,97.66,96.17,99.74,102.90,105.67,108.58,112.79,120.57,128.17,134.42,139.10,143.35,146.98,149.74,151.71,153.05,153.48,154.00,154.69,155.06,153.65,150.52,147.26,144.44,141.67,138.74,136.71,135.80,136.01,136.33,134.81,131.15,125.64,120.68,116.59,113.28,110.64,108.45,106.01,103.11,100.23,97.79,95.37,92.89,89.73,85.61,80.85,76.16,74.71,75.78,77.07,77.21,77.53,79.00,82.56,88.85,95.78,100.53,102.23,100.89,97.88,94.33,90.80,87.64,84.86,82.10,77.33,70.34,64.28,60.98,58.66,56.14,52.55,48.61,45.16,41.90,38.61,35.67,32.78,29.84,26.80,23.62,20.34,17.21,14.19,11.41,9.79,8.90,8.36,7.96,7.54,7.13,6.70,6.32,6.09,5.86,5.66,5.42,5.10,4.88,4.78,4.67,4.52,4.40,4.31,4.23,4.14,4.02,3.81,3.52,3.23,2.96,2.68,2.38,2.09,1.83,1.55,1.30,1.09,0.92,0.80,0.65,0.44,0.23,0.08,e,e,e,e,e,e,e,e,e,e,e,e,e,e,e,e,e,e,e,e,e,e,e,e,e,e,e,e,e,e,e,e,e,e,e,e,e,e,e,e,e,e,e,e,e,e,e,e,e,e,e,e,e,e,e,e,e,e,e,e,e,e,e,e,e,e,e,e
42.16,45.35,48.63,51.58,54.28,56.98,60.02,63.52,67.17,71.16,75.45,79.50,82.27,84.74,86.50,87.30,86.83,85.42,83.50,81.40,79.38,78.00,77.49,77.83,78.78,80.19,81.59,84.06,87.92,93.44,100.27,105.21,109.34,113.19,116.69,118.71,119.10,117.86,114.92,111.80,108.94,106.09,103.30,101.19,101.38,104.67,110.17,116.83,123.97,130.08,134.93,138.42,140.77,140.22,137.44,133.08,127.78,122.81,117.98,113.18,108.39,103.80,98.84,94.87,93.72,97.99,101.60,104.50,107.10,110.41,117.36,125.03,131.61,136.37,140.37,143.72,146.19,147.83,148.71,148.75,149.18,150.03,150.76,149.88,147.94,145.48,142.64,139.53,136.14,133.54,132.23,132.59,133.01,131.41,127.68,122.28,117.65,113.88,110.69,107.97,105.70,103.30,100.78,98.44,96.45,94.15,91.61,88.25,83.94,79.42,73.64,71.17,71.96,73.95,74.39,74.81,75.76,77.94,82.69,89.74,95.54,98.58,98.30,96.32,93.30,89.96,86.87,84.00,80.86,75.41,67.62,61.30,57.80,55.15,52.52,49.57,46.58,43.62,40.60,37.48,34.55,31.66,28.76,25.77,22.59,19.04,15.75,12.76,10.23,9.12,8.42,7.87,7.45,7.09,6.71,6.29,5.90,5.65,5.43,5.25,5.06,4.84,4.73,4.65,4.54,4.40,4.27,4.19,4.11,4.03,3.93,3.74,3.47,3.19,2.93,2.63,2.33,2.06,1.80,1.49,1.18,0.92,0.73,0.59,0.44,0.29,0.13,0.01,e,e,e,e,e,e,e,e,e,e,e,e,e,e,e,e,e,e,e,e,e,e,e,e,e,e,e,e,e,e,e,e,e,e,e,e,e,e,e,e,e,e,e,e,e,e,e,e,e,e,e,e,e,e,e,e,e,e,e,e,e,e,e,e,e,e,e,e
42.09,45.16,48.29,51.22,54.00,56.77,59.81,63.31,67.17,71.16,74.61,77.51,80.11,82.43,83.90,84.37,83.66,82.27,79.81,76.72,73.83,72.89,72.83,73.58,74.94,76.82,78.88,81.61,85.96,92.50,100.23,105.68,109.94,113.63,116.62,116.49,115.37,113.41,110.28,106.85,103.44,100.69,98.72,97.35,98.63,102.55,108.16,114.55,121.02,127.53,132.74,135.95,138.13,137.32,134.71,130.82,125.64,120.61,115.75,110.97,106.25,101.63,96.07,91.88,91.03,95.33,99.93,103.37,106.01,109.16,114.95,121.60,127.92,133.17,137.08,140.24,142.63,144.24,145.05,145.33,145.81,146.66,147.61,147.32,145.90,143.71,140.72,136.83,133.30,130.26,128.48,129.13,129.52,128.05,124.87,120.42,116.34,112.54,109.01,105.84,103.19,100.80,98.84,97.13,95.33,92.96,90.13,86.83,82.94,78.17,71.99,68.62,68.53,70.70,71.52,72.23,73.39,75.35,78.27,83.25,89.07,94.00,95.00,94.13,91.84,88.96,86.10,83.14,79.01,72.72,64.77,58.76,55.27,52.53,49.96,47.60,44.91,42.02,39.10,36.19,33.32,30.41,27.48,24.51,21.31,17.25,13.72,11.00,9.20,8.21,7.81,7.41,6.90,6.62,6.26,5.87,5.50,5.22,5.04,4.88,4.74,4.62,4.49,4.40,4.31,4.22,4.13,4.05,3.98,3.90,3.81,3.65,3.43,3.17,2.86,2.56,2.31,2.03,1.73,1.42,1.11,0.86,0.61,0.36,0.20,0.15,e,e,e,e,e,e,e,e,e,e,e,e,e,e,e,e,e,e,e,e,e,e,e,e,e,e,e,e,e,e,e,e,e,e,e,e,e,e,e,e,e,e,e,e,e,e,e,e,e,e,e,e,e,e,e,e,e,e,e,e,e,e,e,e,e,e,e,e,e,e
41.70,44.66,47.76,50.80,53.75,56.57,59.60,63.05,66.84,70.47,73.52,76.02,78.19,79.93,80.93,80.84,79.24,76.51,73.64,71.21,69.56,69.19,69.44,70.52,72.35,74.81,77.19,79.84,84.75,92.52,100.23,106.38,110.84,113.75,114.84,113.51,111.31,108.59,105.30,101.99,98.97,96.53,94.85,94.17,96.48,101.10,106.94,113.00,118.83,125.14,130.50,133.90,135.71,134.99,132.34,128.23,123.06,118.07,113.10,108.15,103.08,97.23,92.25,89.03,88.58,92.36,97.77,101.83,104.64,107.62,112.28,118.23,124.25,129.51,133.66,136.69,138.88,140.36,141.11,141.58,142.46,143.65,144.78,145.00,143.81,141.58,138.33,134.00,129.71,126.03,123.88,124.59,125.39,124.83,122.84,119.53,115.92,112.29,108.10,103.87,101.25,99.20,97.41,95.75,94.01,91.77,87.91,84.07,80.66,76.40,70.84,67.06,65.63,66.22,66.47,68.08,70.45,72.97,75.42,78.83,82.87,86.81,89.31,90.71,89.73,87.39,84.79,81.93,76.67,69.54,61.79,56.61,52.97,50.16,47.82,45.63,43.04,40.29,37.50,34.68,31.86,29.01,26.12,23.11,19.76,15.49,12.06,9.73,8.37,7.35,6.98,6.71,6.32,6.03,5.74,5.43,5.14,4.91,4.75,4.60,4.46,4.34,4.22,4.13,4.06,3.99,3.91,3.83,3.72,3.62,3.54,3.43,3.31,3.06,2.66,2.35,2.10,1.83,1.53,1.26,0.95,0.69,0.45,0.21,0.13,0.10,e,e,e,e,e,e,e,e,e,e,e,e,e,e,e,e,e,e,e,e,e,e,e,e,e,e,e,e,e,e,e,e,e,e,e,e,e,e,e,e,e,e,e,e,e,e,e,e,e,e,e,e,e,e,e,e,e,e,e,e,e,e,e,e,e,e,e,e,e,e
41.18,44.04,47.14,50.28,53.38,56.28,59.34,62.72,66.33,69.50,72.23,74.47,76.07,77.04,77.31,76.45,73.89,70.04,67.26,65.95,65.91,66.27,67.00,68.45,70.72,73.78,76.37,79.13,84.57,93.22,100.68,107.22,111.59,113.45,112.50,110.14,107.06,103.72,100.40,97.36,94.88,92.78,91.32,91.45,94.83,100.10,106.09,111.87,117.10,122.88,128.14,131.79,133.27,132.63,129.81,125.33,120.17,115.21,110.04,104.75,99.23,92.51,88.40,86.25,86.22,89.62,95.42,99.97,103.12,106.01,109.78,115.09,120.69,125.70,130.12,133.00,134.87,136.06,136.75,137.59,139.03,140.72,142.14,142.78,141.61,139.12,135.49,130.79,125.77,121.53,119.03,119.42,120.64,121.17,120.60,118.68,115.66,112.33,107.58,102.36,99.71,97.94,96.20,94.44,92.64,90.15,85.25,80.88,77.90,74.32,69.78,65.97,63.34,62.03,61.27,63.52,67.01,70.25,72.88,75.28,77.50,79.95,83.53,86.93,87.28,85.56,83.14,80.06,73.79,66.13,58.85,54.36,50.71,47.96,45.81,43.64,41.12,38.50,35.83,33.06,30.30,27.55,24.71,21.67,18.10,13.78,10.59,8.61,7.53,6.48,6.10,5.92,5.70,5.44,5.21,5.00,4.80,4.64,4.48,4.33,4.19,4.04,3.96,3.88,3.80,3.71,3.64,3.56,3.44,3.32,3.24,3.14,3.10,2.92,2.52,2.16,1.86,1.55,1.25,1.02,0.73,0.52,0.32,0.12,e,e,e,e,e,e,e,e,e,e,e,e,e,e,e,e,e,e,e,e,e,e,e,e,e,e,e,e,e,e,e,e,e,e,e,e,e,e,e,e,e,e,e,e,e,e,e,e,e,e,e,e,e,e,e,e,e,e,e,e,e,e,e,e,e,e,e,e,e,e,e,e
40.60,43.37,46.41,49.47,52.61,55.71,58.89,62.23,65.60,68.34,70.56,72.26,73.09,73.03,72.00,69.94,66.81,63.87,62.56,62.36,63.01,64.48,66.36,68.37,70.93,74.52,77.36,81.07,87.00,95.20,102.53,108.26,111.52,112.17,109.99,106.30,102.48,99.02,96.07,93.38,91.03,89.15,88.26,89.58,94.18,99.84,105.70,111.41,116.16,120.88,125.41,129.07,130.57,129.60,126.40,121.72,116.75,111.67,106.05,100.12,94.25,89.01,85.48,83.59,83.95,87.92,92.92,97.55,101.39,104.44,108.04,112.67,117.43,121.84,126.32,128.93,130.19,130.71,131.36,133.13,135.34,137.69,139.78,140.59,139.08,135.97,131.64,126.56,121.41,117.14,114.20,113.31,114.55,115.94,116.96,117.04,114.97,112.14,107.57,102.17,98.90,96.91,95.18,93.42,91.25,87.18,81.91,77.62,74.82,71.78,68.48,65.37,62.53,59.98,57.70,59.16,62.52,66.25,69.85,72.51,74.61,76.75,79.83,83.22,84.34,83.45,80.93,76.39,69.60,62.48,56.16,51.45,48.41,46.05,43.87,41.64,39.23,36.66,34.02,31.36,28.70,26.03,23.32,20.28,16.30,12.18,9.30,7.53,6.47,5.55,5.24,5.14,5.03,4.90,4.79,4.67,4.55,4.39,4.18,4.05,3.93,3.79,3.71,3.63,3.52,3.40,3.32,3.24,3.15,3.06,2.97,2.79,2.69,2.71,2.70,2.18,1.65,1.21,0.88,0.64,0.39,0.32,e,e,e,e,e,e,e,e,e,e,e,e,e,e,e,e,e,e,e,e,e,e,e,e,e,e,e,e,e,e,e,e,e,e,e,e,e,e,e,e,e,e,e,e,e,e,e,e,e,e,e,e,e,e,e,e,e,e,e,e,e,e,e,e,e,e,e,e,e,e,e,e,e,e
39.99,42.73,45.84,49.04,52.18,55.27,58.35,61.41,64.29,66.51,68.22,69.40,69.69,68.89,67.11,64.65,61.90,60.07,59.70,60.17,61.34,63.48,65.91,68.29,71.11,75.05,78.59,83.49,90.13,97.99,104.26,108.91,111.02,110.30,106.50,102.08,98.02,94.60,91.90,89.48,87.30,85.75,85.69,88.81,93.98,99.71,105.47,110.94,115.16,119.02,122.79,126.13,127.68,126.67,123.44,118.80,113.79,107.48,101.40,95.64,90.19,85.75,82.52,80.86,81.54,85.75,90.33,94.91,99.15,102.63,106.27,110.42,114.66,118.69,122.49,124.51,125.32,125.61,126.50,129.00,131.92,134.64,136.62,137.12,135.26,131.97,127.63,122.67,118.06,114.01,110.67,108.75,109.65,111.27,113.00,114.31,113.77,111.76,107.67,102.50,99.09,97.01,94.97,92.90,90.53,85.53,80.30,76.07,72.94,69.81,67.17,64.46,61.55,58.45,55.03,55.15,57.63,61.26,64.84,68.41,71.47,74.23,77.63,81.12,81.97,80.48,77.02,71.55,65.16,58.87,53.32,49.16,46.44,44.16,41.96,39.74,37.39,34.87,32.30,29.74,27.23,24.66,21.96,18.89,14.95,11.16,8.42,6.64,5.60,4.95,4.71,4.63,4.58,4.51,4.43,4.35,4.26,4.13,3.94,3.80,3.68,3.53,3.42,3.33,3.23,3.12,3.04,2.96,2.88,2.80,2.67,2.42,2.25,2.31,2.51,2.28,1.74,1.21,0.78,0.43,0.27,0.20,e,e,e,e,e,e,e,e,e,e,e,e,e,e,e,e,e,e,e,e,e,e,e,e,e,e,e,e,e,e,e,e,e,e,e,e,e,e,e,e,e,e,e,e,e,e,e,e,e,e,e,e,e,e,e,e,e,e,e,e,e,e,e,e,e,e,e,e,e,e,e,e,e,e
39.39,42.10,45.36,48.80,51.93,54.88,57.70,60.32,62.56,64.24,65.42,66.10,66.00,64.76,62.69,60.41,58.51,57.69,57.94,58.86,60.45,62.96,65.60,68.27,71.42,75.64,80.11,86.14,93.40,100.81,105.58,109.06,109.99,107.89,102.41,97.60,93.60,90.34,87.79,85.54,83.52,82.39,83.34,88.37,93.86,99.56,105.23,110.37,114.08,117.23,120.29,123.10,124.67,123.84,120.83,116.33,111.03,103.20,96.70,91.42,86.68,82.56,79.48,78.09,79.16,83.39,87.79,92.23,96.57,100.56,104.37,108.26,112.19,115.91,118.72,120.03,120.53,120.87,122.10,125.08,128.53,131.47,133.00,132.97,130.85,127.63,123.67,119.11,115.29,111.51,107.81,105.09,105.50,107.03,108.98,110.97,112.02,111.08,107.76,103.15,99.90,97.75,95.25,92.74,90.21,84.89,79.90,75.59,71.84,68.34,65.92,63.38,60.40,56.96,52.81,51.57,52.90,56.02,59.09,63.57,67.83,71.61,75.70,79.25,79.39,76.71,72.03,66.22,60.72,55.41,50.55,47.28,44.65,42.30,40.08,37.90,35.61,33.14,30.62,28.18,25.84,23.37,20.62,17.46,13.77,10.36,7.72,5.88,4.93,4.58,4.40,4.30,4.26,4.19,4.11,4.03,3.95,3.87,3.73,3.57,3.42,3.27,3.12,3.03,2.94,2.86,2.79,2.70,2.63,2.52,2.34,2.06,1.82,1.82,2.10,2.33,1.97,1.43,0.88,0.34,e,e,e,e,e,e,e,e,e,e,e,e,e,e,e,e,e,e,e,e,e,e,e,e,e,e,e,e,e,e,e,e,e,e,e,e,e,e,e,e,e,e,e,e,e,e,e,e,e,e,e,e,e,e,e,e,e,e,e,e,e,e,e,e,e,e,e,e,e,e,e,e,e,e,e,e
38.86,41.52,44.88,48.56,51.64,54.40,56.80,58.75,60.33,61.55,62.24,62.43,62.03,60.90,59.37,57.80,56.52,55.91,56.73,58.17,60.04,62.73,65.64,68.71,72.36,77.20,82.37,88.86,95.70,101.76,105.41,107.88,107.62,104.29,98.06,92.89,89.07,86.14,83.72,81.30,79.21,78.68,80.82,86.77,93.04,99.01,104.56,109.45,112.80,115.58,118.06,120.19,121.66,121.17,118.60,114.18,108.00,100.01,93.36,87.95,83.23,79.10,76.13,75.34,77.26,81.44,85.69,89.78,93.78,97.84,102.00,106.07,109.85,113.06,115.28,116.11,116.47,117.02,118.53,121.23,124.67,127.75,129.27,129.00,126.90,123.88,120.27,116.15,112.57,108.73,104.73,101.61,101.85,103.34,105.33,107.49,109.07,109.45,107.55,104.02,101.04,98.55,95.80,92.96,90.05,85.53,80.56,75.68,71.27,67.79,64.99,62.29,59.00,54.42,50.52,49.19,49.84,51.98,54.97,58.70,62.73,66.96,71.34,74.44,74.33,71.37,66.23,61.50,56.93,52.53,48.56,45.61,42.92,40.48,38.24,36.11,33.87,31.45,29.00,26.65,24.38,22.10,19.30,15.89,12.21,9.24,6.81,5.17,4.69,4.48,4.28,4.09,3.95,3.87,3.79,3.71,3.64,3.56,3.46,3.29,3.12,3.01,2.86,2.77,2.69,2.61,2.53,2.41,2.31,2.19,1.98,1.73,1.49,1.43,1.61,1.95,2.04,1.72,1.11,0.56,e,e,e,e,e,e,e,e,e,e,e,e,e,e,e,e,e,e,e,e,e,e,e,e,e,e,e,e,e,e,e,e,e,e,e,e,e,e,e,e,e,e,e,e,e,e,e,e,e,e,e,e,e,e,e,e,e,e,e,e,e,e,e,e,e,e,e,e,e,e,e,e,e,e,e,e
38.26,40.72,43.96,47.85,51.04,53.55,55.53,56.97,57.95,58.67,58.98,58.87,58.29,57.20,56.03,55.03,54.45,54.59,56.03,57.83,59.84,62.67,65.82,69.26,73.31,78.51,84.41,91.12,97.36,102.18,105.15,106.22,104.89,100.85,93.85,88.93,85.34,82.14,78.90,76.22,74.58,75.25,78.86,85.06,91.52,97.64,103.13,107.54,110.75,113.05,114.70,115.96,117.44,117.77,115.95,111.63,104.48,96.83,90.21,84.51,79.55,75.31,72.68,72.47,74.95,79.33,83.54,87.34,90.99,94.92,99.26,103.41,107.08,109.96,111.69,112.23,112.66,113.59,115.59,118.18,121.31,124.13,125.57,125.18,123.06,119.96,116.32,112.90,109.58,105.72,101.59,98.21,97.80,99.17,101.30,103.62,105.53,106.75,106.41,104.52,101.77,99.14,95.97,92.62,89.36,85.34,80.00,74.61,69.90,66.27,63.52,60.39,56.42,51.68,48.35,47.19,47.54,49.12,51.64,54.59,58.00,61.80,65.62,68.13,67.96,65.42,61.11,57.49,53.58,49.79,46.44,43.62,41.01,38.65,36.46,34.34,32.13,29.79,27.43,25.13,22.88,20.52,17.63,14.21,10.70,7.83,5.85,4.76,4.54,4.35,4.15,3.93,3.72,3.60,3.49,3.40,3.32,3.24,3.16,3.02,2.86,2.73,2.60,2.49,2.40,2.32,2.25,2.12,2.01,1.86,1.63,1.38,1.14,1.02,1.12,1.48,1.81,1.64,1.09,0.58,e,e,e,e,e,e,e,e,e,e,e,e,e,e,e,e,e,e,e,e,e,e,e,e,e,e,e,e,e,e,e,e,e,e,e,e,e,e,e,e,e,e,e,e,e,e,e,e,e,e,e,e,e,e,e,e,e,e,e,e,e,e,e,e,e,e,e,e,e,e,e,e,e,e,e,e
37.58,39.72,42.65,46.66,50.06,52.31,53.89,54.96,55.44,55.67,55.70,55.49,54.83,53.70,52.66,52.05,52.27,53.68,55.72,57.72,59.79,62.75,66.13,69.91,74.21,79.47,86.09,92.84,98.44,102.24,104.84,104.26,101.87,97.48,89.94,85.81,82.28,78.17,73.47,70.60,70.00,72.41,77.56,83.41,89.43,95.47,100.85,104.57,107.70,109.41,110.13,110.54,112.23,113.72,112.80,108.58,100.63,93.64,87.15,81.06,75.64,71.38,69.37,69.64,72.32,77.03,81.23,84.82,88.19,91.87,96.11,100.17,103.79,106.56,107.88,108.34,109.04,110.52,113.24,115.94,118.56,120.75,121.88,121.34,119.09,115.69,111.88,109.32,106.35,102.58,98.42,94.87,93.38,94.53,96.84,99.33,101.52,103.12,104.32,104.48,102.00,99.45,95.76,91.73,88.17,84.19,78.12,72.20,67.44,63.52,61.24,57.60,52.86,48.91,46.29,45.35,45.75,47.25,48.96,51.28,53.90,56.59,59.12,61.02,60.94,59.34,56.86,54.14,50.63,47.16,44.12,41.32,38.94,36.79,34.72,32.57,30.41,28.17,25.90,23.59,21.31,18.64,15.65,12.45,9.21,6.26,4.95,4.63,4.40,4.18,4.00,3.80,3.58,3.36,3.20,3.09,3.00,2.92,2.85,2.76,2.62,2.43,2.33,2.20,2.09,2.01,1.93,1.84,1.72,1.54,1.30,1.01,0.76,0.61,0.66,0.99,1.29,1.20,0.79,0.40,e,e,e,e,e,e,e,e,e,e,e,e,e,e,e,e,e,e,e,e,e,e,e,e,e,e,e,e,e,e,e,e,e,e,e,e,e,e,e,e,e,e,e,e,e,e,e,e,e,e,e,e,e,e,e,e,e,e,e,e,e,e,e,e,e,e,e,e,e,e,e,e,e,e,e,e
37.08,39.03,41.66,45.43,48.52,50.59,51.83,52.36,52.57,52.67,52.62,52.32,51.61,50.58,50.06,50.19,51.09,52.79,54.99,57.23,59.64,62.99,66.70,70.80,75.29,80.52,87.43,93.95,98.97,101.98,103.53,102.38,98.19,92.23,87.09,83.38,78.18,72.83,69.14,66.96,67.97,71.54,76.83,82.00,87.49,92.88,97.44,100.28,102.42,103.84,104.92,106.12,108.47,110.49,109.42,104.90,97.81,91.24,84.60,77.90,71.90,68.83,67.55,68.14,70.77,74.93,78.57,81.84,85.03,88.49,92.17,96.01,99.67,102.56,103.72,104.41,105.61,107.80,111.33,114.06,116.42,118.04,118.09,116.25,113.42,110.57,108.10,106.04,103.49,99.76,95.40,91.59,89.61,90.31,92.22,94.52,97.34,99.82,101.89,102.98,101.73,99.32,95.54,91.27,87.27,83.21,76.30,68.94,62.90,59.55,57.19,54.14,50.35,46.55,43.84,43.02,43.58,45.13,46.65,48.51,50.70,53.05,55.13,56.82,56.92,55.73,53.65,51.17,48.05,44.84,41.88,39.30,37.07,35.00,32.98,30.89,28.74,26.56,24.32,21.98,19.55,16.76,13.79,10.62,7.19,5.34,4.66,4.46,4.27,4.04,3.83,3.64,3.44,3.21,3.01,2.85,2.73,2.61,2.53,2.45,2.33,2.17,2.08,1.94,1.83,1.75,1.67,1.55,1.38,1.17,0.93,0.68,0.43,0.35,0.54,0.64,0.75,0.62,0.35,0.33,e,e,e,e,e,e,e,e,e,e,e,e,e,e,e,e,e,e,e,e,e,e,e,e,e,e,e,e,e,e,e,e,e,e,e,e,e,e,e,e,e,e,e,e,e,e,e,e,e,e,e,e,e,e,e,e,e,e,e,e,e,e,e,e,e,e,e,e,e,e,e,e,e,e,e,e
36.58,38.46,40.81,44.10,46.76,48.57,49.47,49.55,49.61,49.69,49.60,49.33,48.86,48.03,48.02,48.77,50.11,51.85,54.16,56.69,59.57,63.40,67.50,71.82,76.39,81.59,88.45,94.56,99.09,101.51,101.98,99.76,94.40,88.02,84.73,80.67,74.11,68.05,65.36,64.30,66.65,70.84,75.83,80.46,85.43,90.07,93.76,95.78,97.02,98.30,100.09,102.63,105.59,107.84,106.49,101.72,95.50,89.11,81.92,74.74,69.05,66.90,65.97,66.68,69.22,72.63,75.75,78.73,81.78,85.06,88.25,91.61,94.86,97.53,98.85,100.11,102.19,105.35,109.49,112.38,114.29,115.02,113.90,110.97,107.95,105.79,104.48,102.73,100.46,96.89,92.57,88.75,86.38,86.55,88.05,90.26,93.40,96.45,99.10,100.88,100.69,98.53,95.00,90.84,86.63,82.61,75.21,66.77,59.62,56.80,54.32,51.82,48.80,44.68,41.70,40.80,41.34,42.80,44.22,45.81,47.72,49.85,51.74,53.30,53.56,52.66,50.79,48.44,45.64,42.68,39.78,37.34,35.19,33.16,31.17,29.16,27.02,24.88,22.70,20.39,17.89,15.14,12.22,9.04,5.67,4.76,4.50,4.30,4.12,3.91,3.68,3.48,3.29,3.08,2.86,2.67,2.51,2.34,2.22,2.13,2.03,1.90,1.80,1.68,1.57,1.49,1.39,1.25,1.04,0.81,0.59,0.44,0.23,0.10,e,0.40,0.40,0.23,0.00,e,e,e,e,e,e,e,e,e,e,e,e,e,e,e,e,e,e,e,e,e,e,e,e,e,e,e,e,e,e,e,e,e,e,e,e,e,e,e,e,e,e,e,e,e,e,e,e,e,e,e,e,e,e,e,e,e,e,e,e,e,e,e,e,e,e,e,e,e,e,e,e,e,e,e,e,e
36.05,37.97,40.10,42.62,44.82,46.17,46.71,46.63,46.63,46.69,46.64,46.60,46.80,46.33,46.69,47.71,49.09,50.84,53.30,56.23,59.69,64.09,68.61,72.96,77.43,82.67,88.97,94.47,98.59,100.73,100.34,95.83,90.70,86.36,82.84,77.23,70.50,64.80,62.18,62.61,65.62,69.68,74.13,78.57,83.08,87.03,89.97,91.36,92.28,93.51,96.16,100.38,103.75,105.95,104.45,99.66,93.71,87.17,78.89,71.53,67.71,65.55,64.26,64.81,67.24,69.91,72.75,75.55,78.44,81.66,84.68,87.17,89.21,90.95,92.86,95.21,98.77,103.30,107.60,110.86,111.92,111.21,109.03,105.82,103.44,101.90,100.85,99.24,97.01,93.77,90.03,86.61,83.84,83.46,84.76,87.17,89.95,92.87,95.85,98.25,98.47,96.72,93.84,90.31,86.32,82.58,75.38,66.83,59.35,56.65,54.24,51.79,48.53,43.52,40.25,39.01,39.13,40.20,41.46,43.05,44.78,46.60,48.47,49.92,50.25,49.63,48.16,45.99,43.41,40.67,37.91,35.39,33.22,31.21,29.27,27.31,25.17,23.10,21.02,18.85,16.46,14.01,11.10,7.87,5.23,4.54,4.34,4.15,3.94,3.77,3.56,3.33,3.12,2.95,2.73,2.54,2.37,2.15,1.94,1.81,1.73,1.64,1.50,1.40,1.31,1.22,1.08,0.92,0.73,0.50,0.30,e,e,e,e,e,e,e,e,e,e,e,e,e,e,e,e,e,e,e,e,e,e,e,e,e,e,e,e,e,e,e,e,e,e,e,e,e,e,e,e,e,e,e,e,e,e,e,e,e,e,e,e,e,e,e,e,e,e,e,e,e,e,e,e,e,e,e,e,e,e,e,e,e,e,e,e,e,e,e,e,e,e,e,e,e
35.34,37.20,39.05,40.94,42.59,43.57,43.95,43.87,43.76,43.74,43.80,44.02,44.46,44.50,45.29,46.56,48.06,50.07,52.91,56.17,59.88,64.49,69.22,73.59,77.91,82.75,88.04,92.48,95.92,97.88,97.31,92.89,88.41,84.85,81.13,73.97,67.32,62.34,59.86,60.66,63.64,67.38,71.34,75.45,79.70,83.20,85.64,86.78,87.64,89.09,92.29,97.48,102.12,104.61,103.14,98.34,92.20,85.52,76.99,69.67,66.37,63.75,62.26,62.63,64.75,67.08,69.59,72.09,74.75,77.88,80.97,83.33,85.12,86.66,88.72,92.05,96.84,102.20,105.99,108.48,108.69,107.13,104.32,101.24,98.95,97.43,96.38,95.00,92.96,90.01,86.58,83.28,80.17,79.93,81.63,84.37,87.30,90.29,93.28,95.62,95.73,94.28,91.85,88.84,85.49,82.13,75.43,67.05,59.34,56.62,54.22,51.80,48.31,42.49,39.22,37.46,37.00,37.81,38.81,40.14,41.63,43.22,44.92,46.44,47.04,46.74,45.56,43.65,41.24,38.66,36.05,33.56,31.36,29.39,27.51,25.50,23.30,21.11,18.90,16.65,14.52,12.36,9.42,6.24,4.87,4.44,4.23,4.02,3.80,3.60,3.41,3.20,2.97,2.78,2.58,2.39,2.20,2.00,1.77,1.59,1.46,1.33,1.22,1.11,1.01,0.92,0.76,0.57,0.51,0.42,0.23,e,e,e,e,e,e,e,e,e,e,e,e,e,e,e,e,e,e,e,e,e,e,e,e,e,e,e,e,e,e,e,e,e,e,e,e,e,e,e,e,e,e,e,e,e,e,e,e,e,e,e,e,e,e,e,e,e,e,e,e,e,e,e,e,e,e,e,e,e,e,e,e,e,e,e,e,e,e,e,e,e,e,e,e,e
34.53,36.30,37.91,39.28,40.42,41.11,41.42,41.38,41.22,41.13,41.28,41.68,42.24,42.78,43.97,45.55,47.34,49.66,52.84,56.30,60.09,64.76,69.45,73.70,77.79,82.15,86.26,89.53,92.24,94.15,93.85,90.35,86.62,83.29,79.11,71.10,64.76,60.41,57.99,58.62,61.27,64.56,68.05,71.73,75.57,78.69,80.85,82.00,83.11,85.03,88.68,94.41,100.64,103.44,102.00,97.21,90.78,83.97,75.50,68.26,64.84,61.88,60.32,60.45,62.09,64.17,66.38,68.60,70.99,73.86,76.91,79.34,81.32,83.13,85.50,89.78,95.45,101.11,104.20,105.72,105.14,102.98,99.75,96.92,94.61,92.88,91.66,90.34,88.48,85.71,82.34,78.93,75.97,76.39,78.69,81.72,84.87,88.00,90.96,93.08,92.97,91.64,89.44,86.82,84.05,80.96,74.95,67.04,59.38,56.61,54.16,51.66,47.89,41.51,38.35,36.15,35.05,35.44,36.19,37.26,38.54,39.96,41.47,43.02,43.86,43.87,42.93,41.28,39.01,36.55,34.08,31.63,29.51,27.64,25.82,23.78,21.55,19.13,16.63,14.27,12.38,10.53,7.75,4.88,4.63,4.39,4.16,3.93,3.69,3.46,3.28,3.08,2.85,2.63,2.44,2.24,2.03,1.85,1.63,1.41,1.21,1.06,0.96,0.82,0.71,0.61,0.45,0.28,0.21,e,e,e,e,e,e,e,e,e,e,e,e,e,e,e,e,e,e,e,e,e,e,e,e,e,e,e,e,e,e,e,e,e,e,e,e,e,e,e,e,e,e,e,e,e,e,e,e,e,e,e,e,e,e,e,e,e,e,e,e,e,e,e,e,e,e,e,e,e,e,e,e,e,e,e,e,e,e,e,e,e,e,e,e,e,e,e
33.57,35.26,36.75,37.87,38.71,39.28,39.58,39.63,39.64,39.62,39.70,39.98,40.66,41.51,42.98,45.06,47.66,50.23,53.30,56.64,60.34,64.91,68.99,72.60,76.28,80.39,83.20,85.31,87.47,89.66,90.38,88.14,85.10,81.46,75.91,69.26,63.71,59.43,56.72,56.58,58.55,61.26,64.22,67.36,70.07,72.75,75.12,76.70,78.79,81.78,85.81,91.44,99.38,102.25,100.71,96.00,89.35,82.46,74.26,66.91,62.70,60.19,58.94,58.64,59.34,61.11,63.23,65.30,67.33,69.48,71.85,74.33,76.90,79.74,83.38,88.65,94.28,99.13,101.59,102.50,101.46,98.91,95.44,92.94,90.68,88.68,86.94,85.16,83.25,80.34,76.48,72.44,71.25,73.20,76.24,79.23,82.39,85.69,88.73,90.84,90.63,88.94,86.55,83.93,81.19,77.99,72.88,66.15,59.32,56.55,53.94,50.96,46.75,40.55,37.59,35.33,33.62,32.93,33.58,34.61,35.85,37.24,38.60,39.87,40.73,40.95,40.20,38.70,36.55,34.13,31.66,29.25,27.55,26.00,24.29,22.27,20.20,17.31,14.35,11.99,10.15,8.57,6.67,4.88,4.68,4.41,4.15,3.92,3.69,3.46,3.24,3.02,2.79,2.56,2.34,2.11,1.89,1.67,1.44,1.25,1.06,0.86,0.72,0.57,0.45,0.34,0.15,e,e,e,e,e,e,e,e,e,e,e,e,e,e,e,e,e,e,e,e,e,e,e,e,e,e,e,e,e,e,e,e,e,e,e,e,e,e,e,e,e,e,e,e,e,e,e,e,e,e,e,e,e,e,e,e,e,e,e,e,e,e,e,e,e,e,e,e,e,e,e,e,e,e,e,e,e,e,e,e,e,e,e,e,e,e,e,e,e
32.59,34.21,35.63,36.62,37.27,37.75,38.05,38.18,38.26,38.30,38.41,38.72,39.45,40.43,42.33,44.90,47.84,50.71,53.63,56.75,60.23,64.22,67.44,70.06,72.54,75.17,76.83,79.35,82.45,85.48,87.06,85.99,83.64,79.81,73.10,67.66,62.90,58.80,55.79,54.49,55.94,58.33,60.91,63.60,65.88,68.31,70.68,72.70,75.78,79.82,84.33,89.72,97.40,100.73,99.49,94.69,87.86,80.79,72.92,65.75,61.15,59.10,57.91,57.37,57.65,59.05,60.61,62.33,64.15,66.07,68.14,70.84,74.12,77.99,82.25,87.42,92.34,96.25,98.30,98.65,97.15,94.42,91.13,88.55,86.51,84.56,82.45,80.02,77.58,74.83,71.69,68.61,68.59,71.06,74.17,76.96,79.88,83.02,85.81,87.65,87.55,85.90,83.53,80.85,77.91,74.55,69.47,63.72,58.52,55.76,53.15,49.88,45.50,39.91,36.77,34.35,32.34,31.11,31.34,32.07,33.21,34.63,35.93,37.06,37.79,37.94,37.27,35.95,33.98,31.69,29.25,26.85,25.38,24.16,22.77,20.96,19.20,16.37,13.29,10.77,9.01,7.43,5.96,4.84,4.63,4.37,4.12,3.88,3.65,3.42,3.19,2.96,2.73,2.49,2.26,2.03,1.81,1.60,1.38,1.18,0.97,0.75,0.56,0.37,0.29,0.24,0.04,e,e,e,e,e,e,e,e,e,e,e,e,e,e,e,e,e,e,e,e,e,e,e,e,e,e,e,e,e,e,e,e,e,e,e,e,e,e,e,e,e,e,e,e,e,e,e,e,e,e,e,e,e,e,e,e,e,e,e,e,e,e,e,e,e,e,e,e,e,e,e,e,e,e,e,e,e,e,e,e,e,e,e,e,e,e,e,e,e
31.62,33.16,34.51,35.42,35.96,36.38,36.70,36.91,37.00,37.09,37.34,37.83,38.59,39.64,41.97,44.95,47.99,51.12,53.93,56.83,59.93,62.92,65.06,66.53,67.58,68.44,69.41,73.01,77.53,81.55,83.95,83.90,82.13,78.15,70.72,66.23,62.15,58.21,54.87,52.41,53.42,55.63,57.97,60.34,62.59,64.92,67.28,69.80,73.84,78.76,83.75,88.81,95.17,99.01,98.13,93.16,86.29,79.06,71.52,64.71,60.05,58.35,57.09,56.38,56.53,57.54,58.40,59.67,61.36,63.27,65.35,68.34,72.28,76.99,81.52,86.01,89.89,92.88,94.58,94.38,92.41,89.61,86.68,83.87,82.03,80.20,77.85,74.95,72.02,69.63,67.69,66.26,67.13,69.65,72.51,75.06,77.58,80.29,82.56,83.99,84.03,82.68,80.49,77.78,74.49,70.54,65.27,60.57,57.19,54.50,51.98,48.60,44.28,39.50,36.06,33.36,31.20,29.78,29.47,29.80,30.78,32.17,33.39,34.42,34.92,34.88,34.23,33.00,31.20,29.04,26.65,24.35,23.09,22.23,21.27,19.77,18.36,15.93,13.04,10.39,8.69,6.90,5.51,4.75,4.51,4.27,4.04,3.81,3.58,3.35,3.11,2.89,2.66,2.43,2.20,1.97,1.76,1.59,1.36,1.14,0.91,0.69,0.46,0.24,0.13,e,e,e,e,e,e,e,e,e,e,e,e,e,e,e,e,e,e,e,e,e,e,e,e,e,e,e,e,e,e,e,e,e,e,e,e,e,e,e,e,e,e,e,e,e,e,e,e,e,e,e,e,e,e,e,e,e,e,e,e,e,e,e,e,e,e,e,e,e,e,e,e,e,e,e,e,e,e,e,e,e,e,e,e,e,e,e,e,e,e,e
30.78,32.09,33.27,34.07,34.62,35.04,35.38,35.64,35.78,35.95,36.55,37.50,38.48,39.64,42.07,45.16,48.28,51.45,54.48,57.33,59.70,60.89,61.56,62.00,62.47,63.38,65.34,69.13,73.66,78.05,81.31,82.03,80.22,75.92,69.21,65.03,61.13,57.05,53.13,50.53,51.14,53.05,55.35,57.81,60.04,62.56,65.35,68.54,73.42,78.71,83.78,88.54,93.60,97.05,95.96,90.92,84.56,77.43,70.12,63.72,59.50,57.70,56.28,55.38,55.29,56.04,56.60,57.64,59.11,60.85,63.32,66.55,70.57,75.35,80.15,83.98,87.08,89.43,90.52,89.65,87.24,84.31,81.55,78.90,76.72,74.51,72.16,70.09,68.03,66.20,64.64,63.85,66.01,68.99,71.88,74.33,76.38,78.12,79.55,80.50,80.48,79.46,77.66,75.14,71.34,64.87,60.80,57.90,55.34,52.85,50.42,47.30,43.47,39.32,35.94,32.84,30.38,28.96,28.31,28.54,29.23,30.12,30.91,31.74,32.03,31.81,31.08,29.63,27.71,25.52,23.24,21.50,20.75,20.34,19.77,18.59,17.41,15.60,13.44,11.29,9.44,7.16,5.46,4.63,4.38,4.15,3.92,3.69,3.46,3.22,2.99,2.78,2.59,2.37,2.14,1.93,1.75,1.53,1.30,1.11,0.91,0.69,0.50,0.29,0.12,0.01,e,e,e,e,e,e,e,e,e,e,e,e,e,e,e,e,e,e,e,e,e,e,e,e,e,e,e,e,e,e,e,e,e,e,e,e,e,e,e,e,e,e,e,e,e,e,e,e,e,e,e,e,e,e,e,e,e,e,e,e,e,e,e,e,e,e,e,e,e,e,e,e,e,e,e,e,e,e,e,e,e,e,e,e,e,e,e,e,e,e
30.05,31.08,32.04,32.72,33.25,33.67,34.04,34.36,34.63,35.20,36.25,37.55,38.70,40.01,42.50,45.63,48.85,52.15,55.31,57.57,58.55,58.23,57.86,57.78,58.26,59.76,62.61,66.66,71.15,75.49,78.89,79.62,77.54,73.17,67.47,63.40,59.66,55.67,51.54,49.10,49.31,50.87,53.12,55.61,57.98,60.65,63.66,67.25,72.39,78.25,83.76,88.41,92.53,95.23,93.82,88.80,82.62,75.52,68.58,62.77,59.07,57.19,55.51,54.32,53.93,54.42,54.82,55.73,57.07,58.73,61.40,64.81,68.75,73.17,77.75,81.35,84.06,85.89,86.38,84.88,81.92,78.66,76.03,73.77,71.79,69.77,67.75,66.15,64.60,63.09,61.86,61.80,64.82,68.13,71.01,73.22,74.70,75.80,76.55,76.90,76.75,76.06,74.69,72.25,67.85,61.03,57.75,55.64,53.38,51.01,48.58,45.75,42.45,38.77,35.48,32.27,29.77,28.42,27.51,27.38,27.72,28.29,28.86,29.45,29.54,29.23,28.50,26.80,24.62,22.37,20.40,19.24,18.83,18.58,18.12,17.10,16.13,14.89,13.41,11.75,9.91,7.30,5.38,4.54,4.29,4.05,3.84,3.63,3.40,3.19,2.96,2.75,2.57,2.36,2.13,1.94,1.77,1.54,1.33,1.14,0.94,0.73,0.57,0.37,0.18,0.04,e,e,e,e,e,e,e,e,e,e,e,e,e,e,e,e,e,e,e,e,e,e,e,e,e,e,e,e,e,e,e,e,e,e,e,e,e,e,e,e,e,e,e,e,e,e,e,e,e,e,e,e,e,e,e,e,e,e,e,e,e,e,e,e,e,e,e,e,e,e,e,e,e,e,e,e,e,e,e,e,e,e,e,e,e,e,e,e,e,e
29.40,30.13,30.85,31.39,31.87,32.29,32.69,33.14,33.74,34.97,36.45,37.92,39.19,40.77,43.38,46.53,49.81,53.32,56.26,57.30,56.41,55.03,54.10,54.05,55.05,57.44,60.80,65.23,69.80,73.79,76.60,76.66,74.21,70.04,65.33,61.30,57.82,54.18,50.27,48.14,47.94,49.09,51.22,53.70,56.32,59.06,62.06,65.74,70.60,77.12,83.36,88.13,91.79,93.56,91.77,86.87,80.48,73.33,66.86,61.74,58.53,56.63,54.66,53.16,52.51,52.72,53.01,53.84,55.16,56.91,59.53,63.02,66.78,70.55,74.50,78.22,80.87,82.23,82.16,80.07,76.50,72.86,70.34,68.66,67.44,66.18,64.71,63.13,61.59,60.15,59.31,60.22,63.55,67.00,69.78,71.56,72.42,73.21,73.47,73.21,72.92,72.46,71.44,68.91,64.05,59.19,56.18,53.79,51.41,49.03,46.53,43.93,41.08,37.73,34.52,31.56,29.31,28.09,26.98,26.27,26.19,26.65,27.21,27.54,27.46,27.14,26.51,24.73,22.23,19.97,18.40,17.66,17.32,16.95,16.34,15.32,14.55,13.78,12.82,11.54,9.91,7.21,5.25,4.48,4.23,4.00,3.81,3.63,3.41,3.23,3.02,2.80,2.58,2.42,2.20,2.00,1.83,1.61,1.43,1.23,1.01,0.79,0.63,0.47,0.28,0.10,e,e,e,e,e,e,e,e,e,e,e,e,e,e,e,e,e,e,e,e,e,e,e,e,e,e,e,e,e,e,e,e,e,e,e,e,e,e,e,e,e,e,e,e,e,e,e,e,e,e,e,e,e,e,e,e,e,e,e,e,e,e,e,e,e,e,e,e,e,e,e,e,e,e,e,e,e,e,e,e,e,e,e,e,e,e,e,e,e,e
28.72,29.19,29.67,30.12,30.54,31.00,31.61,32.63,34.42,35.86,37.19,38.53,40.01,42.58,45.66,48.86,52.05,55.33,56.18,55.30,53.46,51.78,50.44,50.86,52.79,55.69,59.02,63.34,67.94,71.98,74.07,73.74,71.33,67.34,62.52,59.14,56.25,53.11,49.65,47.44,46.65,47.42,49.54,52.05,54.72,57.47,60.53,64.38,69.03,74.97,80.95,86.16,90.46,91.76,89.63,84.73,78.26,71.33,64.91,59.83,56.78,54.53,52.75,51.66,51.30,51.25,51.30,51.85,53.10,55.34,57.89,61.05,64.51,68.09,71.83,75.14,77.40,78.33,77.49,74.81,71.30,67.96,65.69,64.67,63.95,62.98,61.66,60.31,58.95,57.71,57.44,59.55,62.57,65.84,68.44,69.72,70.08,70.23,70.11,69.79,69.48,68.77,67.15,64.47,60.73,57.50,54.88,52.43,49.89,47.18,44.56,41.92,39.08,35.85,32.68,30.33,28.70,27.56,26.50,25.57,25.05,25.01,25.37,25.63,25.55,25.28,24.86,23.83,21.74,19.61,17.92,16.62,15.95,15.34,14.61,13.83,13.16,12.51,11.73,10.69,9.34,6.89,5.15,4.52,4.28,4.05,3.87,3.69,3.46,3.25,3.06,2.85,2.64,2.48,2.26,2.05,1.85,1.66,1.46,1.28,1.09,0.90,0.70,0.53,0.37,0.20,0.04,e,e,e,e,e,e,e,e,e,e,e,e,e,e,e,e,e,e,e,e,e,e,e,e,e,e,e,e,e,e,e,e,e,e,e,e,e,e,e,e,e,e,e,e,e,e,e,e,e,e,e,e,e,e,e,e,e,e,e,e,e,e,e,e,e,e,e,e,e,e,e,e,e,e,e,e,e,e,e,e,e,e,e,e,e,e,e,e,e
27.92,28.20,28.52,28.97,29.48,30.06,31.07,32.85,35.56,37.06,38.38,39.92,41.96,45.23,48.53,51.57,54.21,56.05,54.82,52.43,49.98,48.20,46.80,47.90,50.78,54.08,57.33,61.40,65.89,69.95,71.53,70.75,68.22,64.40,59.91,57.19,54.76,51.97,48.79,46.59,45.29,45.73,47.92,50.43,53.08,55.82,58.88,62.69,67.35,72.69,78.17,83.43,88.08,89.28,87.10,82.30,75.88,68.94,62.58,57.58,54.52,52.21,50.88,50.28,50.12,49.82,49.66,49.95,51.09,53.52,56.04,58.96,62.18,65.66,69.29,72.20,74.05,74.51,72.84,69.60,66.31,63.55,61.74,61.20,60.79,59.87,58.46,57.26,56.15,55.55,56.25,59.21,61.94,64.81,66.95,67.72,67.74,67.33,66.93,66.57,66.01,64.90,62.96,60.53,58.01,55.88,53.61,51.14,48.44,45.46,42.71,39.86,36.83,33.69,30.81,29.09,27.93,26.88,25.87,24.88,24.06,23.57,23.59,23.76,23.70,23.49,23.25,22.82,21.32,19.51,17.71,15.91,14.78,13.88,13.09,12.47,11.86,11.25,10.59,9.76,8.58,6.49,5.04,4.56,4.34,4.11,3.92,3.72,3.49,3.28,3.10,2.90,2.68,2.52,2.32,2.09,1.88,1.72,1.51,1.33,1.16,1.00,0.79,0.61,0.44,0.28,0.08,e,e,e,e,e,e,e,e,e,e,e,e,e,e,e,e,e,e,e,e,e,e,e,e,e,e,e,e,e,e,e,e,e,e,e,e,e,e,e,e,e,e,e,e,e,e,e,e,e,e,e,e,e,e,e,e,e,e,e,e,e,e,e,e,e,e,e,e,e,e,e,e,e,e,e,e,e,e,e,e,e,e,e,e,e,e,e,e,e
26.95,27.14,27.46,28.09,28.91,29.74,31.38,34.13,36.90,38.42,40.18,42.62,45.73,48.94,51.86,54.34,55.69,54.14,51.56,48.63,45.85,44.06,43.20,45.16,48.86,52.51,55.80,59.52,63.68,67.58,69.02,67.62,64.55,60.89,57.91,55.63,53.31,50.49,47.25,45.37,43.73,44.00,46.35,48.78,51.33,54.06,57.00,60.40,65.36,70.52,75.46,80.02,84.08,85.68,83.96,79.45,73.26,65.80,59.68,55.04,51.82,50.10,49.48,49.21,48.92,48.39,48.06,48.27,49.20,51.15,53.77,56.71,59.87,63.25,66.77,69.49,71.00,70.89,68.35,64.63,61.67,59.70,58.63,58.21,57.88,56.81,55.03,53.75,52.96,53.75,55.98,59.11,61.81,63.95,65.25,65.52,65.39,64.70,64.13,63.59,62.36,60.82,59.35,57.87,56.16,54.35,52.24,49.77,46.91,43.92,41.07,37.86,34.43,31.35,29.26,28.00,27.00,25.99,24.98,24.03,23.19,22.49,21.98,21.96,21.89,21.75,21.59,21.17,20.32,19.08,17.44,15.61,13.89,12.68,11.89,11.27,10.65,10.08,9.54,8.90,7.72,6.04,4.93,4.57,4.39,4.17,3.95,3.72,3.50,3.33,3.12,2.90,2.68,2.52,2.36,2.16,1.94,1.79,1.62,1.42,1.23,1.07,0.90,0.70,0.51,0.35,0.20,e,e,e,e,e,e,e,e,e,e,e,e,e,e,e,e,e,e,e,e,e,e,e,e,e,e,e,e,e,e,e,e,e,e,e,e,e,e,e,e,e,e,e,e,e,e,e,e,e,e,e,e,e,e,e,e,e,e,e,e,e,e,e,e,e,e,e,e,e,e,e,e,e,e,e,e,e,e,e,e,e,e,e,e,e,e,e,e,e
26.11,26.74,27.62,28.50,29.56,31.04,33.12,35.76,38.33,40.62,43.16,46.00,48.84,51.67,53.84,54.89,54.06,50.96,47.48,44.30,41.79,40.45,40.49,42.94,46.85,50.84,54.22,57.95,61.81,65.12,66.24,64.45,61.40,58.22,55.92,53.80,51.29,48.10,44.54,42.79,41.78,42.17,44.10,46.70,49.43,52.26,55.21,58.45,62.82,68.20,73.45,77.85,81.53,82.96,81.19,76.55,69.88,62.40,56.72,52.71,50.08,48.73,48.33,48.06,47.62,47.03,46.56,46.75,47.70,49.53,51.91,54.87,58.12,61.46,64.66,66.71,67.40,66.51,63.58,60.45,58.34,57.05,56.26,55.59,55.14,53.93,51.96,50.80,51.05,52.82,55.54,58.41,60.91,62.64,63.44,63.30,63.01,62.20,61.41,60.64,59.36,57.99,56.75,55.53,54.13,52.50,50.49,48.12,45.38,42.41,39.81,36.62,33.07,30.11,28.22,27.05,26.10,25.10,24.18,23.31,22.50,21.74,21.04,20.66,20.42,20.27,20.14,19.79,19.12,18.14,16.78,15.00,13.21,11.83,10.88,10.26,9.68,9.15,8.65,8.08,7.16,5.76,4.84,4.57,4.41,4.19,3.96,3.74,3.54,3.35,3.16,2.96,2.77,2.58,2.42,2.24,2.05,1.86,1.70,1.52,1.33,1.14,0.98,0.80,0.60,0.42,0.27,0.16,0.10,e,e,e,e,e,e,e,e,e,e,e,e,e,e,e,e,e,e,e,e,e,e,e,e,e,e,e,e,e,e,e,e,e,e,e,e,e,e,e,e,e,e,e,e,e,e,e,e,e,e,e,e,e,e,e,e,e,e,e,e,e,e,e,e,e,e,e,e,e,e,e,e,e,e,e,e,e,e,e,e,e,e,e,e,e,e,e
25.59,26.78,28.26,29.47,30.84,32.95,35.30,37.64,40.09,43.18,46.36,49.23,51.46,53.70,54.82,54.19,51.28,47.16,43.28,40.21,38.18,37.37,38.32,40.96,44.73,49.03,52.60,56.41,60.02,62.74,63.50,61.44,58.53,55.80,53.85,51.76,48.96,45.48,41.81,40.19,39.91,40.45,41.84,44.52,47.44,50.42,53.42,56.59,60.26,65.81,71.41,75.82,79.21,80.35,78.37,73.40,66.06,58.97,53.89,50.59,48.74,47.63,47.20,46.82,46.25,45.64,45.06,45.21,46.20,48.04,50.29,53.31,56.65,59.92,62.74,63.97,63.73,62.11,59.09,56.75,55.43,54.70,54.08,53.19,52.53,51.18,49.20,48.24,49.72,52.20,54.93,57.52,59.76,61.11,61.51,61.06,60.60,59.73,58.77,57.79,56.66,55.57,54.45,53.21,51.75,50.10,48.28,46.19,43.73,40.94,38.69,35.72,32.31,29.54,27.64,26.33,25.25,24.25,23.38,22.59,21.81,21.04,20.28,19.58,19.14,18.93,18.82,18.52,17.87,17.04,15.96,14.31,12.60,11.12,10.01,9.40,8.85,8.34,7.83,7.27,6.64,5.53,4.78,4.57,4.41,4.20,3.97,3.77,3.60,3.39,3.21,3.04,2.88,2.66,2.48,2.33,2.16,1.94,1.77,1.61,1.43,1.22,1.05,0.89,0.70,0.50,0.33,0.18,0.11,e,e,e,e,e,e,e,e,e,e,e,e,e,e,e,e,e,e,e,e,e,e,e,e,e,e,e,e,e,e,e,e,e,e,e,e,e,e,e,e,e,e,e,e,e,e,e,e,e,e,e,e,e,e,e,e,e,e,e,e,e,e,e,e,e,e,e,e,e,e,e,e,e,e,e,e,e,e,e,e,e,e,e,e,e,e,e
25.99,27.56,29.22,30.90,32.93,35.20,37.55,39.99,42.74,46.08,49.04,51.37,53.09,54.44,53.90,51.66,47.81,42.62,39.51,37.42,35.91,35.42,36.92,39.21,42.36,46.87,50.98,54.70,58.12,60.75,61.15,58.92,56.03,53.39,51.48,49.27,46.26,42.95,40.10,38.88,38.73,39.17,40.24,42.35,45.33,48.47,51.58,54.72,58.16,63.30,68.64,73.06,76.22,77.27,75.05,69.56,61.54,55.66,51.59,49.00,47.75,46.62,45.96,45.38,44.73,44.10,43.40,43.41,44.29,46.22,49.01,52.22,55.50,58.59,61.06,61.39,60.33,58.34,55.77,53.72,52.60,52.05,51.69,51.13,50.14,48.71,47.11,46.43,49.02,51.66,53.94,56.59,58.58,59.32,59.30,58.79,58.11,57.22,56.26,55.26,54.22,53.20,52.13,50.65,48.45,46.25,45.00,43.63,41.69,39.55,37.63,35.21,32.48,30.07,28.01,26.13,24.55,23.43,22.55,21.77,20.96,20.16,19.45,18.75,18.16,17.80,17.72,17.33,16.70,15.91,14.96,13.66,11.98,10.51,9.43,8.82,8.27,7.70,7.11,6.52,5.96,5.26,4.78,4.57,4.41,4.24,4.04,3.83,3.67,3.50,3.29,3.11,2.95,2.78,2.57,2.39,2.23,2.05,1.85,1.68,1.51,1.33,1.13,0.95,0.79,0.61,0.40,0.23,0.10,0.00,e,e,e,e,e,e,e,e,e,e,e,e,e,e,e,e,e,e,e,e,e,e,e,e,e,e,e,e,e,e,e,e,e,e,e,e,e,e,e,e,e,e,e,e,e,e,e,e,e,e,e,e,e,e,e,e,e,e,e,e,e,e,e,e,e,e,e,e,e,e,e,e,e,e,e,e,e,e,e,e,e,e,e,e,e,e
26.58,28.31,30.22,32.53,35.02,37.48,39.98,42.58,45.40,48.38,50.92,52.82,53.82,53.83,51.98,48.46,43.55,39.03,36.35,34.48,33.28,33.66,35.58,37.88,40.85,45.32,49.89,53.80,56.90,58.57,57.43,55.01,52.49,50.30,48.49,46.37,43.64,40.99,39.11,38.09,37.84,38.21,39.19,40.77,43.46,46.59,49.77,52.93,56.42,60.99,65.93,70.50,73.57,74.16,71.49,65.85,58.32,52.86,49.26,47.02,45.92,45.08,44.56,43.94,43.14,42.42,41.66,41.56,42.41,44.61,47.81,51.16,54.31,57.01,59.00,58.78,57.21,54.92,52.55,50.68,49.70,49.26,48.99,48.55,47.45,46.06,44.95,45.33,48.69,51.50,53.53,55.75,56.92,57.10,56.84,56.38,55.63,54.70,53.73,52.72,51.72,50.74,49.72,47.87,44.65,42.33,41.44,40.60,39.24,37.64,35.95,34.06,32.08,30.11,27.94,25.66,23.75,22.53,21.65,20.86,20.08,19.32,18.65,17.97,17.32,16.85,16.64,16.15,15.52,14.80,13.96,12.84,11.33,10.02,9.04,8.34,7.75,7.15,6.53,5.93,5.42,5.03,4.75,4.57,4.42,4.29,4.12,3.92,3.74,3.58,3.40,3.20,3.02,2.86,2.67,2.48,2.30,2.14,1.95,1.76,1.58,1.42,1.22,1.04,0.86,0.70,0.50,0.34,0.17,0.04,e,e,e,e,e,e,e,e,e,e,e,e,e,e,e,e,e,e,e,e,e,e,e,e,e,e,e,e,e,e,e,e,e,e,e,e,e,e,e,e,e,e,e,e,e,e,e,e,e,e,e,e,e,e,e,e,e,e,e,e,e,e,e,e,e,e,e,e,e,e,e,e,e,e,e,e,e,e,e,e,e,e,e,e,e,e
27.23,29.05,31.25,34.17,36.98,39.66,42.35,45.10,47.83,50.19,52.23,53.70,53.78,52.35,49.30,44.72,39.20,36.05,33.61,31.69,30.80,32.22,34.46,36.94,39.98,44.30,49.24,53.43,56.12,56.39,53.38,50.69,48.53,46.75,45.13,43.31,41.23,39.47,38.48,37.56,37.08,37.38,38.38,39.54,41.80,44.78,48.01,51.13,54.76,58.76,63.27,67.96,71.02,70.96,67.75,62.16,55.61,50.35,46.95,44.83,43.62,43.23,43.08,42.57,41.63,40.75,39.93,39.80,40.71,43.17,46.58,50.04,53.03,55.27,56.72,56.17,54.31,51.81,49.46,47.72,46.82,46.38,46.09,45.63,44.57,43.36,42.79,44.53,48.48,51.44,53.29,54.85,55.00,54.70,54.33,53.89,53.12,52.16,51.15,50.16,49.18,48.24,47.27,45.09,41.02,38.75,38.00,37.48,36.61,35.40,33.88,32.42,31.04,29.50,27.34,24.93,22.88,21.57,20.70,19.92,19.19,18.50,17.87,17.19,16.54,15.99,15.57,14.97,14.35,13.68,12.92,11.93,10.65,9.57,8.73,7.94,7.28,6.65,6.03,5.46,5.02,4.84,4.71,4.55,4.41,4.31,4.18,4.00,3.80,3.64,3.49,3.30,3.09,2.93,2.77,2.58,2.37,2.21,2.05,1.85,1.65,1.50,1.33,1.13,0.94,0.78,0.62,0.46,0.27,0.11,e,e,e,e,e,e,e,e,e,e,e,e,e,e,e,e,e,e,e,e,e,e,e,e,e,e,e,e,e,e,e,e,e,e,e,e,e,e,e,e,e,e,e,e,e,e,e,e,e,e,e,e,e,e,e,e,e,e,e,e,e,e,e,e,e,e,e,e,e,e,e,e,e,e,e,e,e,e,e,e,e,e,e,e,e,e
27.71,29.86,32.39,35.40,38.39,41.27,44.06,46.76,49.31,51.32,52.90,53.65,52.47,50.22,45.44,40.21,36.39,33.48,31.36,30.03,29.93,31.84,34.34,36.91,39.95,44.25,49.24,53.48,55.63,54.72,51.22,47.95,45.12,42.84,41.53,40.57,39.54,38.58,37.84,36.98,36.22,36.31,37.33,38.46,40.39,43.20,46.32,49.17,52.51,56.39,60.68,64.99,67.99,67.30,63.73,58.22,52.01,47.87,44.83,42.59,41.39,41.41,41.70,41.47,40.56,39.47,38.46,38.54,39.69,41.84,45.13,48.59,51.52,53.46,54.34,53.69,51.82,49.22,46.72,45.13,44.12,43.46,43.00,42.49,41.66,40.84,40.87,43.44,47.97,51.00,52.45,53.33,53.10,52.59,52.03,51.41,50.54,49.48,48.45,47.52,46.62,45.74,44.79,42.90,39.47,36.89,35.78,35.04,34.11,32.91,31.57,30.11,28.58,27.12,25.49,23.75,22.04,20.59,19.78,19.06,18.35,17.68,17.05,16.37,15.69,15.06,14.49,13.83,13.17,12.48,11.77,10.96,9.95,9.06,8.33,7.64,6.92,6.19,5.55,5.09,4.87,4.73,4.58,4.44,4.34,4.21,4.10,3.97,3.80,3.69,3.55,3.39,3.21,3.00,2.83,2.67,2.48,2.28,2.12,1.95,1.78,1.61,1.41,1.23,1.06,0.90,0.69,0.53,0.36,0.19,0.03,e,e,e,e,e,e,e,e,e,e,e,e,e,e,e,e,e,e,e,e,e,e,e,e,e,e,e,e,e,e,e,e,e,e,e,e,e,e,e,e,e,e,e,e,e,e,e,e,e,e,e,e,e,e,e,e,e,e,e,e,e,e,e,e,e,e,e,e,e,e,e,e,e,e,e,e,e,e,e,e,e,e,e,e,e
28.09,30.44,33.24,36.36,39.52,42.57,45.51,48.24,50.45,52.19,53.10,52.95,51.08,47.49,42.14,37.27,34.41,31.62,29.72,28.94,29.52,31.71,34.35,37.02,40.14,44.47,49.29,53.32,55.04,53.57,50.05,46.43,43.08,40.41,39.21,38.71,38.21,37.64,37.02,36.28,35.45,35.37,36.24,37.55,39.30,41.80,44.65,47.33,50.35,54.06,58.18,62.28,65.29,64.19,60.44,55.13,49.41,45.90,43.02,40.72,39.58,39.80,40.27,40.20,39.39,38.21,37.19,37.54,38.95,40.84,43.94,47.10,49.77,51.52,52.02,51.12,49.15,46.53,43.98,42.49,41.53,40.85,40.41,39.95,39.38,38.96,39.47,42.64,47.15,50.04,51.25,51.55,50.94,50.07,49.21,48.44,47.68,46.65,45.67,44.83,44.00,43.16,42.03,40.27,37.61,35.27,33.79,32.64,31.50,30.10,28.74,27.19,25.58,24.23,23.04,21.93,20.75,19.55,18.82,18.16,17.49,16.81,16.16,15.50,14.81,14.16,13.57,12.89,12.17,11.47,10.77,10.07,9.25,8.45,7.75,7.14,6.42,5.72,5.17,4.85,4.75,4.61,4.47,4.35,4.24,4.12,4.00,3.90,3.77,3.66,3.54,3.40,3.23,3.04,2.89,2.75,2.58,2.38,2.21,2.04,1.88,1.71,1.51,1.32,1.16,0.99,0.79,0.60,0.43,0.27,0.09,e,e,e,e,e,e,e,e,e,e,e,e,e,e,e,e,e,e,e,e,e,e,e,e,e,e,e,e,e,e,e,e,e,e,e,e,e,e,e,e,e,e,e,e,e,e,e,e,e,e,e,e,e,e,e,e,e,e,e,e,e,e,e,e,e,e,e,e,e,e,e,e,e,e,e,e,e,e,e,e,e,e,e,e,e
28.34,30.79,33.77,37.09,40.43,43.66,46.79,49.58,51.33,52.80,52.89,51.73,49.69,44.38,39.64,35.96,33.10,30.41,28.64,28.25,29.37,31.65,34.35,37.12,40.39,44.79,49.32,52.91,54.35,52.92,49.69,45.96,42.38,39.50,38.20,37.68,37.16,36.58,36.02,35.45,34.77,34.54,35.13,36.72,38.42,40.55,43.03,45.68,48.42,51.87,55.84,59.93,62.93,61.64,57.89,52.96,47.93,44.44,41.55,39.29,38.18,38.39,38.78,38.72,38.03,36.92,36.08,36.73,38.35,40.11,42.98,45.57,47.75,49.33,49.66,48.34,46.17,43.63,41.20,39.84,39.07,38.61,38.34,38.02,37.75,37.71,38.66,42.19,46.08,48.58,49.60,49.41,48.35,47.01,45.83,45.02,44.51,43.61,42.72,41.94,41.11,40.23,38.82,37.02,35.10,33.46,31.72,30.13,28.70,27.01,25.41,23.80,22.30,21.19,20.29,19.63,19.06,18.46,17.80,17.21,16.59,15.91,15.22,14.59,13.92,13.30,12.79,12.12,11.38,10.64,9.95,9.25,8.54,7.76,7.00,6.43,5.78,5.25,4.88,4.71,4.62,4.49,4.37,4.27,4.13,4.03,3.91,3.79,3.69,3.55,3.45,3.33,3.17,3.02,2.92,2.79,2.64,2.48,2.33,2.13,1.94,1.78,1.62,1.41,1.22,1.06,0.90,0.69,0.50,0.34,0.20,e,e,e,e,e,e,e,e,e,e,e,e,e,e,e,e,e,e,e,e,e,e,e,e,e,e,e,e,e,e,e,e,e,e,e,e,e,e,e,e,e,e,e,e,e,e,e,e,e,e,e,e,e,e,e,e,e,e,e,e,e,e,e,e,e,e,e,e,e,e,e,e,e,e,e,e,e,e,e,e,e,e,e,e,e
28.44,30.93,34.04,37.62,41.33,44.92,48.06,50.44,51.87,52.70,52.30,50.71,47.88,42.50,38.27,34.93,31.85,29.40,27.65,27.48,29.00,31.24,34.00,36.91,40.27,44.65,49.20,52.59,53.94,52.66,49.59,45.91,42.24,39.17,37.60,36.73,36.11,35.54,34.96,34.41,33.82,33.55,33.99,35.58,37.16,39.23,41.71,44.39,47.09,50.34,54.12,57.97,60.27,58.94,55.55,51.21,46.87,43.32,40.56,38.36,36.86,36.91,37.20,37.12,36.50,35.50,34.93,35.72,37.39,39.20,41.48,43.55,45.17,46.10,46.05,44.62,42.59,40.41,38.51,37.61,37.06,36.73,36.57,36.31,36.25,36.92,38.75,41.96,45.26,46.71,46.59,45.81,44.36,43.17,42.27,41.60,41.05,40.03,38.91,37.77,36.54,35.32,34.05,32.77,31.49,30.05,28.48,26.91,25.34,23.63,22.09,20.86,19.91,19.27,18.64,18.13,17.67,17.20,16.73,16.17,15.60,15.01,14.33,13.65,13.03,12.47,11.97,11.30,10.59,9.87,9.17,8.43,7.73,7.00,6.28,5.68,5.30,5.01,4.78,4.63,4.50,4.40,4.28,4.16,4.05,3.93,3.81,3.70,3.57,3.42,3.32,3.21,3.06,2.95,2.83,2.72,2.60,2.45,2.34,2.18,2.00,1.85,1.69,1.51,1.32,1.13,0.97,0.79,0.59,0.41,0.27,0.14,0.10,e,e,e,e,e,e,e,e,e,e,e,e,e,e,e,e,e,e,e,e,e,e,e,e,e,e,e,e,e,e,e,e,e,e,e,e,e,e,e,e,e,e,e,e,e,e,e,e,e,e,e,e,e,e,e,e,e,e,e,e,e,e,e,e,e,e,e,e,e,e,e,e,e,e,e,e,e,e,e,e,e,e,e
28.29,30.95,34.28,38.09,42.19,46.14,49.18,50.99,52.16,52.39,51.70,49.87,46.15,40.92,36.87,33.58,30.52,28.36,26.75,26.79,28.52,30.63,33.38,36.34,39.71,43.94,48.64,52.05,53.46,52.45,49.58,45.93,42.22,39.03,37.21,35.88,35.08,34.51,33.92,33.38,32.86,32.57,32.85,34.29,35.85,37.95,40.49,43.19,45.95,49.04,52.47,55.79,57.27,56.01,53.11,49.41,45.68,42.16,39.53,37.37,35.56,35.48,35.67,35.54,34.92,34.00,33.74,34.63,36.21,37.84,39.61,41.23,42.34,42.67,42.30,40.83,39.08,37.38,35.97,35.48,35.16,34.90,34.80,34.68,35.14,36.56,38.97,41.73,44.42,44.80,43.51,42.11,40.38,39.17,38.29,37.53,36.71,35.67,34.54,33.34,32.04,30.69,29.63,28.79,27.91,26.49,25.04,23.60,22.13,20.64,19.35,18.45,17.93,17.67,17.25,16.79,16.34,15.91,15.59,15.09,14.57,14.04,13.42,12.73,12.15,11.64,11.14,10.47,9.77,9.06,8.36,7.61,6.89,6.22,5.63,5.16,5.06,4.95,4.81,4.66,4.50,4.39,4.27,4.13,4.02,3.88,3.77,3.65,3.50,3.34,3.23,3.11,2.97,2.87,2.74,2.63,2.52,2.39,2.28,2.16,2.02,1.86,1.71,1.57,1.39,1.19,1.03,0.88,0.69,0.49,0.32,0.17,0.11,e,e,e,e,e,e,e,e,e,e,e,e,e,e,e,e,e,e,e,e,e,e,e,e,e,e,e,e,e,e,e,e,e,e,e,e,e,e,e,e,e,e,e,e,e,e,e,e,e,e,e,e,e,e,e,e,e,e,e,e,e,e,e,e,e,e,e,e,e,e,e,e,e,e,e,e,e,e,e,e,e,e,e
27.78,30.82,34.56,38.55,42.97,47.19,50.04,51.19,52.16,52.02,51.20,49.25,44.70,39.43,35.02,31.59,29.06,27.22,25.98,26.24,27.95,29.78,32.40,35.32,38.53,42.38,47.37,51.07,52.80,52.16,49.58,45.91,42.19,39.01,37.03,35.14,34.10,33.51,32.96,32.42,31.98,31.68,31.76,32.85,34.58,36.80,39.33,42.00,44.93,47.86,50.70,53.07,53.76,52.71,50.41,47.34,44.08,40.80,38.25,36.09,34.28,34.15,34.30,34.08,33.34,32.44,32.50,33.45,34.71,35.73,37.30,38.56,39.27,39.29,38.72,37.25,35.87,34.76,33.66,33.42,33.25,33.04,32.95,33.10,34.66,36.77,39.05,41.42,43.45,43.00,40.85,38.81,36.98,35.26,33.71,32.37,31.05,30.21,29.55,28.95,28.29,27.30,26.40,25.63,24.78,23.28,21.75,20.46,19.44,18.48,17.59,16.83,16.33,16.24,15.89,15.46,15.02,14.64,14.32,13.98,13.50,12.94,12.49,11.84,11.29,10.82,10.32,9.64,8.90,8.17,7.47,6.76,6.02,5.46,5.14,5.11,5.16,5.11,5.00,4.84,4.69,4.54,4.40,4.24,4.10,3.95,3.80,3.65,3.50,3.34,3.20,3.05,2.90,2.76,2.66,2.54,2.41,2.31,2.17,2.07,1.96,1.80,1.65,1.54,1.42,1.25,1.10,0.94,0.79,0.60,0.39,0.23,0.09,0.00,e,e,e,e,e,e,e,e,e,e,e,e,e,e,e,e,e,e,e,e,e,e,e,e,e,e,e,e,e,e,e,e,e,e,e,e,e,e,e,e,e,e,e,e,e,e,e,e,e,e,e,e,e,e,e,e,e,e,e,e,e,e,e,e,e,e,e,e,e,e,e,e,e,e,e,e,e,e,e,e,e,e
27.14,30.26,34.03,38.36,43.09,47.52,50.33,51.20,51.91,51.54,50.61,48.41,43.16,38.01,33.49,30.02,27.91,26.18,25.25,25.71,27.36,29.04,31.32,34.09,37.13,40.60,45.61,49.81,52.08,51.79,49.52,45.88,42.13,38.92,36.74,34.51,33.21,32.50,31.98,31.54,31.17,30.88,30.80,31.35,33.22,35.54,38.01,40.59,43.38,45.97,48.24,49.81,49.95,49.00,47.14,44.65,41.85,39.20,36.88,34.73,32.94,32.78,32.91,32.66,31.90,31.01,31.31,31.83,32.37,33.18,34.92,36.00,36.41,36.25,35.52,33.97,32.68,31.90,31.42,31.37,31.41,31.47,31.61,32.08,33.98,36.18,38.27,40.63,42.24,41.70,39.59,37.17,34.84,32.63,30.68,29.10,27.75,26.98,26.42,25.93,25.48,24.73,23.79,22.81,21.83,20.55,19.27,18.14,17.25,16.61,15.90,15.17,14.64,14.62,14.45,14.10,13.70,13.36,13.05,12.71,12.30,11.85,11.41,10.89,10.43,9.98,9.44,8.73,8.00,7.26,6.54,5.86,5.45,5.21,5.12,5.20,5.28,5.25,5.14,4.99,4.83,4.68,4.52,4.37,4.21,4.06,3.91,3.75,3.60,3.44,3.29,3.13,2.98,2.83,2.70,2.58,2.47,2.35,2.20,2.07,1.94,1.79,1.63,1.51,1.38,1.22,1.07,0.95,0.80,0.65,0.49,0.30,0.14,0.05,e,e,e,e,e,e,e,e,e,e,e,e,e,e,e,e,e,e,e,e,e,e,e,e,e,e,e,e,e,e,e,e,e,e,e,e,e,e,e,e,e,e,e,e,e,e,e,e,e,e,e,e,e,e,e,e,e,e,e,e,e,e,e,e,e,e,e,e,e,e,e,e,e,e,e,e,e,e,e,e,e,e
26.44,29.48,33.13,37.80,42.84,47.52,50.41,51.11,51.58,51.09,49.89,47.23,41.47,36.54,32.16,28.83,26.96,25.23,24.54,25.14,26.74,28.33,30.27,32.80,35.68,38.81,43.48,48.33,51.34,51.41,49.46,45.85,42.05,38.75,36.35,33.88,32.35,31.50,31.01,30.66,30.33,30.05,29.85,29.95,31.75,34.06,36.47,38.97,41.49,43.68,45.38,46.30,45.99,45.08,43.64,41.73,39.45,37.41,35.34,33.28,31.60,31.39,31.51,31.28,30.57,29.73,30.14,30.22,30.13,30.85,32.60,33.47,33.66,33.38,32.61,31.15,29.99,29.44,29.45,29.52,29.74,30.06,30.50,31.25,33.11,35.06,36.88,39.21,40.71,40.30,38.40,35.76,33.04,30.59,28.45,26.71,25.32,24.46,23.85,23.36,22.97,22.42,21.47,20.33,19.23,18.17,17.13,16.11,15.22,14.76,14.15,13.46,12.93,12.93,12.93,12.70,12.38,12.07,11.76,11.42,11.09,10.76,10.34,9.95,9.56,9.12,8.54,7.80,7.07,6.37,5.69,5.14,5.09,5.17,5.25,5.33,5.40,5.38,5.27,5.11,4.96,4.80,4.65,4.50,4.34,4.19,4.04,3.89,3.74,3.58,3.43,3.27,3.12,2.97,2.81,2.69,2.59,2.43,2.28,2.13,1.97,1.82,1.66,1.51,1.35,1.20,1.05,0.95,0.82,0.68,0.58,0.37,0.20,0.11,e,e,e,e,e,e,e,e,e,e,e,e,e,e,e,e,e,e,e,e,e,e,e,e,e,e,e,e,e,e,e,e,e,e,e,e,e,e,e,e,e,e,e,e,e,e,e,e,e,e,e,e,e,e,e,e,e,e,e,e,e,e,e,e,e,e,e,e,e,e,e,e,e,e,e,e,e,e,e,e,e,e
25.65,28.39,31.80,36.69,42.06,47.18,50.30,50.90,51.23,50.84,48.90,45.13,39.36,34.81,31.19,28.38,26.36,24.44,23.83,24.48,26.05,27.66,29.32,31.60,34.33,37.22,40.65,46.40,50.64,51.12,49.46,45.87,41.95,38.42,35.70,33.13,31.49,30.58,30.16,29.73,29.30,28.97,28.78,28.86,30.03,32.00,34.40,36.88,39.07,40.76,41.95,42.45,41.81,40.94,39.94,38.72,37.06,35.22,33.34,31.59,30.27,30.02,30.11,29.97,29.45,28.78,29.03,29.03,28.98,29.62,30.48,30.94,31.02,30.76,30.28,29.57,28.92,28.46,28.27,28.30,28.52,28.95,29.65,30.47,31.75,33.04,34.34,36.32,38.36,38.14,36.05,33.43,31.16,29.24,27.31,25.26,23.32,22.04,21.26,20.83,20.55,20.14,19.46,18.59,17.58,16.41,15.23,14.13,13.21,12.64,12.16,11.66,11.27,11.27,11.27,11.22,11.04,10.74,10.43,10.20,9.97,9.71,9.43,9.05,8.67,8.21,7.59,6.89,6.15,5.55,5.20,5.10,5.15,5.26,5.38,5.45,5.53,5.50,5.40,5.24,5.09,4.93,4.78,4.62,4.47,4.31,4.20,4.08,3.93,3.77,3.62,3.47,3.31,3.16,3.00,2.85,2.71,2.56,2.41,2.25,2.10,1.94,1.79,1.63,1.48,1.32,1.17,1.03,0.88,0.73,0.59,0.43,0.27,0.13,0.01,e,e,e,e,e,e,e,e,e,e,e,e,e,e,e,e,e,e,e,e,e,e,e,e,e,e,e,e,e,e,e,e,e,e,e,e,e,e,e,e,e,e,e,e,e,e,e,e,e,e,e,e,e,e,e,e,e,e,e,e,e,e,e,e,e,e,e,e,e,e,e,e,e,e,e,e,e,e,e,e,e
24.59,27.26,30.48,35.01,40.36,46.30,50.10,50.71,50.89,50.52,47.86,43.19,38.02,33.91,30.68,28.09,25.95,23.72,22.81,23.17,24.55,26.23,27.96,30.23,32.91,35.70,38.61,44.02,48.78,50.57,49.29,45.81,41.87,38.24,35.28,32.37,30.50,29.49,29.04,28.58,28.16,27.81,27.62,27.83,28.78,30.33,32.28,34.42,36.22,37.48,38.33,38.63,37.91,37.34,36.76,35.94,34.57,32.88,31.40,30.15,29.18,28.82,28.85,28.77,28.41,27.86,28.00,27.97,27.98,28.63,29.11,29.31,29.23,28.90,28.52,28.17,27.85,27.53,27.20,27.12,27.39,27.94,28.66,29.33,30.10,30.83,31.69,33.39,35.81,35.93,34.05,31.69,29.85,28.14,26.28,24.13,21.96,20.35,19.38,18.91,18.66,18.27,17.72,16.98,15.97,14.74,13.50,12.35,11.44,11.03,10.75,10.45,10.18,10.13,10.12,10.12,10.04,9.81,9.51,9.27,9.04,8.82,8.59,8.18,7.78,7.30,6.65,5.99,5.51,5.21,5.11,5.17,5.25,5.35,5.47,5.58,5.66,5.65,5.56,5.41,5.25,5.10,4.95,4.79,4.64,4.48,4.36,4.23,4.08,3.92,3.77,3.61,3.46,3.30,3.15,3.00,2.84,2.69,2.53,2.38,2.22,2.07,1.92,1.76,1.61,1.45,1.30,1.14,1.00,0.88,0.72,0.56,0.41,0.24,0.09,e,e,e,e,e,e,e,e,e,e,e,e,e,e,e,e,e,e,e,e,e,e,e,e,e,e,e,e,e,e,e,e,e,e,e,e,e,e,e,e,e,e,e,e,e,e,e,e,e,e,e,e,e,e,e,e,e,e,e,e,e,e,e,e,e,e,e,e,e,e,e,e,e,e,e,e,e,e,e,e,e
23.40,26.10,29.16,33.05,38.21,45.03,49.67,50.51,50.54,49.95,46.61,41.42,37.13,33.45,30.39,27.80,25.54,23.00,21.67,21.61,22.66,24.38,26.37,28.77,31.45,34.22,37.02,41.45,46.23,49.60,48.93,45.65,41.78,38.11,34.96,31.65,29.51,28.35,27.78,27.31,26.96,26.61,26.40,26.83,27.79,28.93,30.24,31.84,33.21,34.07,34.66,34.88,34.28,34.10,33.88,33.30,32.10,30.61,29.61,28.89,28.23,27.74,27.68,27.64,27.41,26.96,27.03,27.00,27.07,27.75,28.11,28.13,27.89,27.45,27.06,26.84,26.69,26.51,26.12,25.95,26.28,26.88,27.51,27.95,28.32,28.64,29.18,30.71,33.27,33.76,32.34,30.35,28.86,27.18,25.27,23.16,21.00,19.19,18.01,17.41,17.07,16.64,16.13,15.42,14.37,13.10,11.91,10.83,10.03,9.88,9.79,9.64,9.47,9.31,9.27,9.27,9.24,9.12,8.82,8.52,8.24,8.01,7.81,7.34,6.90,6.42,5.79,5.22,5.12,5.17,5.22,5.30,5.38,5.46,5.55,5.69,5.78,5.80,5.75,5.59,5.44,5.28,5.13,4.97,4.82,4.66,4.51,4.36,4.21,4.05,3.90,3.74,3.59,3.43,3.28,3.12,2.97,2.82,2.66,2.51,2.36,2.21,2.05,1.90,1.74,1.59,1.44,1.28,1.17,1.05,0.90,0.74,0.59,0.41,0.22,e,e,e,e,e,e,e,e,e,e,e,e,e,e,e,e,e,e,e,e,e,e,e,e,e,e,e,e,e,e,e,e,e,e,e,e,e,e,e,e,e,e,e,e,e,e,e,e,e,e,e,e,e,e,e,e,e,e,e,e,e,e,e,e,e,e,e,e,e,e,e,e,e,e,e,e,e,e,e,e,e
22.30,24.96,27.82,31.15,36.27,43.22,48.45,50.19,50.16,48.34,44.63,40.02,36.40,33.01,29.90,27.11,24.65,22.07,20.77,20.45,21.00,22.49,24.75,27.34,30.03,32.77,35.54,39.05,43.32,47.41,48.09,45.27,41.55,37.91,34.46,31.10,28.81,27.38,26.54,26.09,25.71,25.34,25.18,25.83,26.83,27.74,28.61,29.63,30.42,30.91,31.23,31.39,31.19,31.14,31.05,30.73,29.95,28.95,28.31,27.84,27.30,26.74,26.58,26.52,26.38,26.13,26.09,26.09,26.24,26.76,27.00,26.86,26.50,26.04,25.61,25.35,25.18,25.03,24.80,24.76,25.03,25.46,25.92,26.32,26.69,27.02,27.56,29.08,31.18,31.84,31.00,29.33,27.94,26.19,24.19,22.14,20.27,18.68,17.36,16.29,15.51,15.03,14.54,13.82,12.73,11.50,10.65,10.04,9.63,9.54,9.46,9.31,9.07,8.78,8.65,8.61,8.61,8.53,8.24,7.89,7.54,7.24,7.00,6.56,6.07,5.61,5.27,5.10,5.17,5.27,5.35,5.43,5.50,5.58,5.67,5.76,5.84,5.91,5.88,5.72,5.57,5.41,5.26,5.11,4.95,4.80,4.64,4.49,4.33,4.18,4.02,3.87,3.71,3.56,3.41,3.25,3.10,2.94,2.79,2.67,2.55,2.39,2.24,2.08,1.93,1.78,1.62,1.46,1.33,1.19,1.03,0.88,0.72,0.54,0.32,0.15,0.10,e,e,e,e,e,e,e,e,e,e,e,e,e,e,e,e,e,e,e,e,e,e,e,e,e,e,e,e,e,e,e,e,e,e,e,e,e,e,e,e,e,e,e,e,e,e,e,e,e,e,e,e,e,e,e,e,e,e,e,e,e,e,e,e,e,e,e,e,e,e,e,e,e,e,e,e,e,e,e
21.20,23.84,26.61,29.66,34.50,41.38,47.00,49.44,49.16,46.68,43.07,39.17,35.88,32.63,29.43,26.43,23.73,21.17,19.93,19.52,19.81,21.06,23.40,25.99,28.61,31.29,34.17,37.31,41.08,45.12,47.21,44.96,41.45,37.83,34.20,30.79,28.38,26.66,25.41,24.86,24.45,24.08,23.99,24.82,25.72,26.43,27.05,27.76,28.26,28.54,28.70,28.78,28.77,28.76,28.73,28.59,28.12,27.42,26.96,26.61,26.18,25.68,25.49,25.41,25.32,25.18,25.10,25.14,25.34,25.73,25.79,25.50,25.07,24.60,24.17,23.86,23.64,23.50,23.42,23.58,23.82,24.11,24.47,24.84,25.19,25.52,26.07,27.57,29.23,29.89,29.45,28.15,26.99,25.34,23.41,21.51,19.82,18.37,16.94,15.52,14.29,13.58,13.00,12.28,11.29,10.37,9.87,9.58,9.39,9.29,9.21,9.02,8.73,8.36,8.11,8.03,8.01,7.96,7.67,7.30,6.91,6.55,6.25,5.84,5.46,5.19,5.09,5.14,5.26,5.38,5.47,5.55,5.63,5.71,5.79,5.86,5.94,6.02,6.00,5.85,5.70,5.54,5.39,5.23,5.08,4.92,4.77,4.61,4.46,4.30,4.17,4.03,3.87,3.72,3.56,3.41,3.26,3.10,2.95,2.83,2.71,2.55,2.40,2.24,2.09,1.93,1.78,1.62,1.47,1.31,1.16,1.01,0.85,0.66,0.43,0.21,0.13,e,e,e,e,e,e,e,e,e,e,e,e,e,e,e,e,e,e,e,e,e,e,e,e,e,e,e,e,e,e,e,e,e,e,e,e,e,e,e,e,e,e,e,e,e,e,e,e,e,e,e,e,e,e,e,e,e,e,e,e,e,e,e,e,e,e,e,e,e,e,e,e,e,e,e,e,e,e,e
20.12,22.78,25.57,28.59,32.91,39.58,45.41,48.20,47.58,45.14,42.06,38.80,35.55,32.31,29.03,25.82,22.86,20.36,19.17,18.81,19.09,20.13,22.32,24.75,27.21,29.85,32.92,36.24,39.63,43.02,46.28,44.71,41.46,37.88,34.19,30.69,28.19,26.18,24.39,23.62,23.18,22.84,22.82,23.77,24.43,24.95,25.50,26.18,26.67,26.91,27.00,27.00,26.94,26.92,26.91,26.84,26.55,25.93,25.48,25.17,24.86,24.54,24.41,24.34,24.24,24.11,24.08,24.16,24.37,24.68,24.49,24.09,23.63,23.18,22.77,22.38,22.13,22.01,22.05,22.41,22.68,22.90,23.21,23.52,23.83,24.10,24.59,26.04,27.28,27.80,27.59,26.72,25.89,24.54,22.91,21.23,19.60,18.15,16.64,15.03,13.45,12.32,11.56,10.88,10.12,9.74,9.52,9.34,9.18,9.04,8.95,8.73,8.41,8.03,7.66,7.49,7.43,7.38,7.10,6.72,6.34,5.96,5.62,5.25,5.12,5.15,5.20,5.27,5.36,5.47,5.60,5.68,5.76,5.84,5.91,5.99,6.07,6.14,6.13,5.98,5.83,5.68,5.52,5.37,5.21,5.06,4.90,4.75,4.59,4.44,4.33,4.21,4.06,3.90,3.75,3.60,3.44,3.29,3.13,2.98,2.83,2.68,2.52,2.37,2.21,2.06,1.91,1.75,1.60,1.44,1.29,1.13,0.98,0.79,0.56,0.33,0.12,0.01,e,e,e,e,e,e,e,e,e,e,e,e,e,e,e,e,e,e,e,e,e,e,e,e,e,e,e,e,e,e,e,e,e,e,e,e,e,e,e,e,e,e,e,e,e,e,e,e,e,e,e,e,e,e,e,e,e,e,e,e,e,e,e,e,e,e,e,e,e,e,e,e,e,e,e,e,e,e
19.14,21.83,24.67,27.70,31.63,37.99,43.60,46.37,46.16,44.03,41.33,38.43,35.23,31.99,28.73,25.43,22.27,19.88,18.63,18.29,18.69,19.64,21.49,23.72,26.12,28.72,31.89,35.41,38.85,42.02,44.96,44.03,41.33,37.90,34.05,30.55,27.97,25.78,23.67,22.33,21.84,21.65,21.70,22.38,22.87,23.35,23.93,24.63,25.09,25.26,25.29,25.27,25.21,25.15,25.11,25.05,24.90,24.38,23.97,23.69,23.49,23.41,23.36,23.29,23.18,23.17,23.16,23.20,23.36,23.64,23.34,22.87,22.38,21.91,21.44,20.99,20.73,20.68,20.85,21.26,21.61,21.87,22.05,22.30,22.57,22.71,22.99,24.20,24.86,25.12,25.07,24.64,24.00,23.14,22.12,20.88,19.21,17.64,16.04,14.37,12.75,11.38,10.60,10.12,9.68,9.47,9.27,9.09,8.94,8.78,8.66,8.40,8.05,7.70,7.32,7.02,6.84,6.76,6.51,6.15,5.76,5.44,5.33,5.17,5.17,5.25,5.32,5.40,5.48,5.57,5.68,5.80,5.89,5.96,6.04,6.12,6.20,6.27,6.28,6.16,6.01,5.85,5.70,5.55,5.39,5.24,5.08,4.93,4.77,4.62,4.49,4.35,4.20,4.04,3.89,3.73,3.58,3.42,3.27,3.11,2.96,2.81,2.65,2.50,2.34,2.19,2.03,1.88,1.72,1.57,1.42,1.26,1.07,0.86,0.64,0.45,0.22,0.12,e,e,e,e,e,e,e,e,e,e,e,e,e,e,e,e,e,e,e,e,e,e,e,e,e,e,e,e,e,e,e,e,e,e,e,e,e,e,e,e,e,e,e,e,e,e,e,e,e,e,e,e,e,e,e,e,e,e,e,e,e,e,e,e,e,e,e,e,e,e,e,e,e,e,e,e,e,e
18.34,21.07,23.93,26.95,30.49,36.78,42.26,44.78,44.96,43.14,40.73,38.07,34.89,31.64,28.25,24.75,21.48,19.38,18.14,17.76,18.19,19.13,20.63,22.68,25.06,27.68,30.81,34.46,38.06,41.23,43.69,43.22,41.09,37.94,33.99,30.43,27.62,25.19,22.93,21.16,20.56,20.45,20.57,20.96,21.32,21.79,22.38,23.07,23.49,23.58,23.57,23.53,23.46,23.40,23.33,23.27,23.21,22.82,22.50,22.30,22.23,22.29,22.32,22.27,22.19,22.24,22.27,22.27,22.37,22.58,22.20,21.69,21.20,20.77,20.29,19.85,19.59,19.58,19.84,20.23,20.60,20.86,20.96,21.14,21.30,21.33,21.40,22.18,22.41,22.47,22.50,22.39,21.95,21.53,20.98,20.03,18.46,16.85,15.21,13.54,11.95,10.62,9.95,9.65,9.43,9.25,9.04,8.85,8.68,8.53,8.34,8.05,7.69,7.36,6.98,6.61,6.33,6.16,5.93,5.65,5.39,5.23,5.26,5.27,5.31,5.37,5.45,5.53,5.61,5.68,5.77,5.90,6.00,6.09,6.17,6.25,6.32,6.39,6.40,6.33,6.18,6.02,5.87,5.71,5.56,5.40,5.25,5.10,4.94,4.79,4.63,4.48,4.32,4.17,4.01,3.86,3.71,3.55,3.40,3.24,3.09,2.93,2.78,2.64,2.49,2.34,2.18,2.03,1.88,1.72,1.56,1.39,1.18,0.95,0.73,0.54,0.33,0.21,e,e,e,e,e,e,e,e,e,e,e,e,e,e,e,e,e,e,e,e,e,e,e,e,e,e,e,e,e,e,e,e,e,e,e,e,e,e,e,e,e,e,e,e,e,e,e,e,e,e,e,e,e,e,e,e,e,e,e,e,e,e,e,e,e,e,e,e,e,e,e,e,e,e,e,e,e,e
17.82,20.59,23.41,26.33,29.48,36.16,41.78,43.82,44.12,42.48,40.27,37.74,34.50,31.26,27.43,23.49,20.23,18.77,17.66,17.13,17.40,18.44,19.65,21.54,23.96,26.66,29.56,33.19,37.01,40.44,42.64,42.38,40.72,38.01,34.09,30.32,27.05,24.29,22.09,20.24,19.43,19.24,19.39,19.66,19.91,20.34,20.90,21.50,21.85,21.90,21.83,21.77,21.69,21.67,21.62,21.55,21.47,21.28,21.14,21.09,21.14,21.21,21.28,21.30,21.29,21.30,21.36,21.38,21.42,21.46,21.01,20.52,20.11,19.77,19.43,19.10,18.87,18.83,19.12,19.39,19.65,19.86,19.99,20.03,20.02,19.96,19.91,20.00,20.08,20.12,20.12,20.09,19.95,19.77,19.31,18.39,17.16,15.68,14.09,12.46,10.93,10.05,9.67,9.46,9.23,9.01,8.83,8.64,8.43,8.26,8.00,7.70,7.36,6.99,6.60,6.26,5.93,5.61,5.38,5.29,5.37,5.52,5.47,5.46,5.47,5.50,5.58,5.65,5.73,5.81,5.89,5.98,6.11,6.22,6.29,6.37,6.45,6.48,6.49,6.45,6.30,6.15,6.00,5.84,5.69,5.53,5.38,5.22,5.07,4.91,4.76,4.61,4.45,4.30,4.14,3.99,3.83,3.68,3.52,3.37,3.21,3.06,2.91,2.81,2.68,2.53,2.38,2.22,2.06,1.91,1.75,1.53,1.30,1.07,0.84,0.62,0.39,0.21,0.10,e,e,e,e,e,e,e,e,e,e,e,e,e,e,e,e,e,e,e,e,e,e,e,e,e,e,e,e,e,e,e,e,e,e,e,e,e,e,e,e,e,e,e,e,e,e,e,e,e,e,e,e,e,e,e,e,e,e,e,e,e,e,e,e,e,e,e,e,e,e,e,e,e,e,e,e,e
17.32,20.06,23.00,26.02,29.06,35.34,40.64,42.73,43.38,42.07,39.95,37.34,33.97,30.51,26.34,22.34,19.59,18.34,17.26,16.58,16.66,17.78,18.97,20.65,22.86,25.54,28.31,31.73,35.58,39.33,41.65,41.89,40.62,38.08,34.20,30.40,26.99,23.95,21.39,19.71,18.87,18.49,18.45,18.71,19.02,19.40,19.82,20.21,20.43,20.43,20.37,20.32,20.25,20.23,20.22,20.17,20.10,20.09,20.09,20.12,20.20,20.27,20.35,20.39,20.40,20.44,20.48,20.49,20.48,20.39,20.02,19.62,19.27,18.96,18.65,18.34,18.13,18.12,18.41,18.66,18.87,19.03,19.13,19.10,19.03,18.95,18.86,18.72,18.75,18.80,18.80,18.77,18.63,18.45,17.96,16.98,15.76,14.38,12.84,11.35,10.29,9.75,9.48,9.27,9.04,8.85,8.65,8.44,8.22,8.01,7.73,7.40,7.05,6.70,6.32,5.96,5.61,5.33,5.34,5.32,5.46,5.68,5.61,5.60,5.63,5.66,5.71,5.78,5.86,5.94,6.01,6.09,6.20,6.32,6.42,6.50,6.58,6.60,6.60,6.57,6.43,6.28,6.12,5.97,5.81,5.66,5.50,5.35,5.20,5.04,4.89,4.73,4.58,4.42,4.30,4.17,4.01,3.86,3.70,3.55,3.39,3.24,3.08,2.96,2.82,2.67,2.51,2.36,2.21,2.05,1.89,1.66,1.43,1.20,0.97,0.74,0.51,0.29,0.15,e,e,0.20,0.14,0.01,e,e,e,e,e,e,e,e,e,e,e,e,e,e,e,e,e,e,e,e,e,e,e,e,e,e,e,e,e,e,e,e,e,e,e,e,e,e,e,e,e,e,e,e,e,e,e,e,e,e,e,e,e,e,e,e,e,e,e,e,e,e,e,e,e,e,e,e,e,e,e,e
16.77,19.39,22.42,25.63,28.75,34.28,39.14,41.57,42.56,41.62,39.58,36.82,33.35,29.63,25.16,21.26,19.15,17.96,16.87,16.05,15.88,17.05,18.31,19.81,21.76,24.36,27.05,30.18,33.93,38.00,40.66,41.42,40.44,37.98,34.19,30.46,27.03,23.77,20.82,19.37,18.52,17.92,17.62,17.91,18.28,18.62,18.89,19.09,19.17,19.14,19.10,19.08,19.02,19.01,19.00,18.98,18.93,19.07,19.19,19.28,19.37,19.44,19.51,19.55,19.58,19.64,19.66,19.65,19.60,19.41,19.12,18.82,18.52,18.21,17.90,17.59,17.41,17.43,17.72,17.94,18.11,18.23,18.28,18.23,18.16,18.08,17.96,17.75,17.75,17.77,17.77,17.74,17.54,17.29,16.77,15.79,14.45,13.07,11.64,10.38,9.83,9.54,9.31,9.08,8.86,8.68,8.47,8.24,8.01,7.77,7.48,7.16,6.82,6.52,6.15,5.78,5.42,5.20,5.37,5.40,5.55,5.78,5.74,5.73,5.78,5.83,5.86,5.91,5.98,6.06,6.14,6.22,6.29,6.41,6.54,6.63,6.71,6.73,6.73,6.70,6.56,6.40,6.25,6.10,5.94,5.80,5.65,5.49,5.34,5.18,5.03,4.88,4.72,4.57,4.47,4.34,4.19,4.03,3.88,3.72,3.57,3.42,3.26,3.11,2.95,2.80,2.64,2.49,2.33,2.18,2.01,1.79,1.56,1.33,1.10,0.86,0.63,0.40,0.23,e,e,0.31,0.23,0.12,e,e,e,e,e,e,e,e,e,e,e,e,e,e,e,e,e,e,e,e,e,e,e,e,e,e,e,e,e,e,e,e,e,e,e,e,e,e,e,e,e,e,e,e,e,e,e,e,e,e,e,e,e,e,e,e,e,e,e,e,e,e,e,e,e,e,e,e,e,e,e,e
16.12,18.33,21.24,24.71,28.20,32.74,37.13,40.32,41.44,40.85,38.88,35.97,32.61,28.70,24.01,20.26,18.76,17.58,16.48,15.47,14.98,16.06,17.42,18.87,20.63,23.11,25.79,28.55,32.01,36.19,39.60,40.65,39.72,37.29,33.74,30.30,26.91,23.52,20.47,19.19,18.31,17.47,16.88,17.20,17.53,17.85,18.10,18.20,18.22,18.22,18.18,18.13,18.11,18.11,18.08,18.03,18.04,18.27,18.46,18.59,18.72,18.80,18.84,18.87,18.94,19.00,19.02,18.98,18.88,18.66,18.36,18.09,17.82,17.51,17.20,16.89,16.73,16.78,17.01,17.15,17.25,17.33,17.40,17.39,17.33,17.22,17.07,16.85,16.77,16.76,16.76,16.73,16.52,16.16,15.73,15.06,13.53,11.87,10.63,9.91,9.60,9.35,9.12,8.89,8.66,8.44,8.21,7.98,7.75,7.52,7.27,7.05,6.83,6.57,6.25,5.93,5.59,5.26,5.14,5.24,5.51,5.80,5.85,5.86,5.90,5.97,6.03,6.05,6.11,6.19,6.27,6.35,6.42,6.51,6.62,6.75,6.83,6.86,6.86,6.83,6.69,6.53,6.38,6.22,6.08,5.97,5.84,5.68,5.53,5.37,5.22,5.06,4.91,4.76,4.62,4.47,4.31,4.16,4.01,3.85,3.70,3.54,3.39,3.23,3.08,2.92,2.77,2.61,2.46,2.31,2.14,1.92,1.69,1.45,1.22,0.99,0.76,0.53,0.34,0.34,0.60,0.68,0.63,0.55,e,e,e,e,e,e,e,e,e,e,e,e,e,e,e,e,e,e,e,e,e,e,e,e,e,e,e,e,e,e,e,e,e,e,e,e,e,e,e,e,e,e,e,e,e,e,e,e,e,e,e,e,e,e,e,e,e,e,e,e,e,e,e,e,e,e,e,e,e,e,e,e
15.44,17.23,19.97,23.48,27.13,30.95,34.77,38.11,39.80,39.65,37.84,34.96,31.73,27.70,23.14,19.64,18.29,17.05,15.94,14.86,14.25,15.26,16.66,18.08,19.68,21.84,24.47,27.14,30.29,34.09,37.69,39.16,38.53,36.30,33.02,29.76,26.45,23.13,20.21,18.97,17.98,16.95,16.19,16.47,16.77,17.03,17.20,17.27,17.28,17.28,17.26,17.21,17.19,17.18,17.15,17.14,17.25,17.50,17.70,17.86,18.00,18.12,18.17,18.22,18.29,18.34,18.37,18.30,18.13,17.86,17.58,17.32,17.05,16.77,16.49,16.19,16.02,16.04,16.20,16.32,16.41,16.48,16.55,16.56,16.48,16.36,16.21,15.96,15.79,15.73,15.73,15.70,15.47,15.07,14.65,14.13,12.81,11.15,10.04,9.58,9.31,9.08,8.85,8.61,8.38,8.15,7.92,7.69,7.46,7.22,7.02,6.83,6.64,6.43,6.16,5.91,5.62,5.29,5.05,5.19,5.50,5.83,5.96,6.01,6.05,6.11,6.18,6.22,6.26,6.32,6.39,6.47,6.55,6.63,6.71,6.83,6.92,6.96,6.98,6.96,6.85,6.70,6.55,6.39,6.24,6.12,5.99,5.83,5.68,5.52,5.37,5.21,5.06,4.91,4.75,4.60,4.44,4.29,4.13,3.98,3.82,3.67,3.52,3.36,3.21,3.05,2.90,2.74,2.59,2.42,2.23,2.00,1.77,1.56,1.35,1.12,0.89,0.69,0.56,0.58,0.88,1.06,1.03,0.76,0.28,0.10,e,e,e,e,e,e,e,e,e,e,e,e,e,e,e,e,e,e,e,e,e,e,e,e,e,e,e,e,e,e,e,e,e,e,e,e,e,e,e,e,e,e,e,e,e,e,e,e,e,e,e,e,e,e,e,e,e,e,e,e,e,e,e,e,e,e,e,e,e,e
14.85,16.21,18.68,22.10,25.74,29.06,32.29,35.44,37.81,38.13,36.56,33.84,30.78,26.71,22.46,19.25,17.82,16.50,15.34,14.23,13.60,14.58,15.96,17.37,18.83,20.62,23.17,25.86,28.74,31.93,35.35,37.18,36.97,35.05,32.08,28.96,25.77,22.63,19.96,18.68,17.55,16.39,15.55,15.73,16.00,16.17,16.25,16.31,16.33,16.33,16.33,16.30,16.25,16.23,16.23,16.30,16.53,16.76,16.94,17.09,17.25,17.40,17.50,17.58,17.64,17.66,17.70,17.59,17.35,17.05,16.81,16.52,16.24,16.01,15.77,15.47,15.29,15.25,15.34,15.47,15.57,15.65,15.72,15.72,15.61,15.50,15.36,15.08,14.84,14.73,14.72,14.68,14.41,13.99,13.56,13.08,12.17,10.70,9.71,9.33,9.02,8.77,8.54,8.30,8.07,7.84,7.61,7.38,7.15,6.92,6.74,6.54,6.34,6.17,5.95,5.76,5.54,5.27,5.08,5.22,5.52,5.86,6.08,6.18,6.21,6.24,6.31,6.39,6.42,6.45,6.52,6.60,6.68,6.75,6.83,6.92,6.99,7.06,7.11,7.10,7.02,6.88,6.73,6.57,6.42,6.27,6.11,5.96,5.80,5.65,5.50,5.34,5.19,5.03,4.88,4.72,4.57,4.42,4.26,4.11,3.96,3.81,3.65,3.50,3.34,3.19,3.04,2.88,2.72,2.54,2.31,2.08,1.84,1.64,1.46,1.23,1.02,0.88,0.84,0.96,1.30,1.53,1.44,0.93,0.32,0.17,e,e,e,e,e,e,e,e,e,e,e,e,e,e,e,e,e,e,e,e,e,e,e,e,e,e,e,e,e,e,e,e,e,e,e,e,e,e,e,e,e,e,e,e,e,e,e,e,e,e,e,e,e,e,e,e,e,e,e,e,e,e,e,e,e,e,e,e,e,e
14.67,15.53,17.41,20.70,24.21,27.21,30.09,32.99,35.37,36.17,35.06,32.63,29.77,25.91,21.97,19.00,17.59,16.23,14.91,13.67,12.97,13.94,15.28,16.59,17.94,19.68,22.06,24.71,27.44,30.25,33.16,34.81,34.77,33.27,30.79,27.91,24.87,21.97,19.59,18.23,17.01,15.83,14.95,15.03,15.18,15.25,15.29,15.37,15.42,15.44,15.41,15.37,15.34,15.34,15.37,15.49,15.81,16.01,16.17,16.33,16.48,16.64,16.78,16.90,17.01,17.01,16.99,16.84,16.59,16.29,16.04,15.76,15.48,15.24,14.96,14.70,14.50,14.42,14.50,14.60,14.68,14.78,14.88,14.85,14.76,14.65,14.49,14.24,13.96,13.77,13.69,13.65,13.34,12.91,12.48,12.04,11.38,10.32,9.56,9.18,8.82,8.53,8.28,8.04,7.82,7.58,7.35,7.12,6.89,6.66,6.45,6.25,6.06,5.86,5.68,5.48,5.30,5.18,5.21,5.39,5.65,5.93,6.20,6.31,6.34,6.36,6.44,6.52,6.58,6.62,6.65,6.73,6.80,6.88,6.96,7.04,7.11,7.19,7.24,7.22,7.15,7.01,6.86,6.71,6.55,6.40,6.24,6.09,5.93,5.78,5.62,5.47,5.31,5.16,5.01,4.85,4.70,4.54,4.39,4.27,4.15,3.99,3.84,3.68,3.53,3.38,3.22,3.07,2.88,2.66,2.43,2.20,1.97,1.75,1.53,1.31,1.16,1.09,1.12,1.33,1.68,1.95,1.92,1.43,0.69,0.52,e,e,e,e,e,e,e,e,e,e,e,e,e,e,e,e,e,e,e,e,e,e,e,e,e,e,e,e,e,e,e,e,e,e,e,e,e,e,e,e,e,e,e,e,e,e,e,e,e,e,e,e,e,e,e,e,e,e,e,e,e,e,e,e,e,e,e,e,e,e
14.37,14.94,16.40,19.28,22.57,25.38,28.05,30.72,32.98,34.17,33.50,31.35,28.61,25.06,21.50,18.79,17.39,15.98,14.53,13.11,12.24,13.09,14.35,15.66,17.07,18.85,21.07,23.60,26.18,28.66,30.99,32.40,32.50,31.36,29.17,26.55,23.72,21.12,19.13,17.76,16.52,15.31,14.36,14.24,14.28,14.33,14.36,14.41,14.49,14.51,14.49,14.45,14.45,14.45,14.53,14.73,15.07,15.26,15.41,15.56,15.72,15.87,16.03,16.18,16.31,16.36,16.26,16.07,15.82,15.52,15.28,14.99,14.71,14.47,14.19,13.93,13.74,13.66,13.71,13.76,13.83,13.92,14.03,13.99,13.90,13.78,13.60,13.37,13.10,12.86,12.70,12.63,12.27,11.84,11.41,11.00,10.55,9.95,9.45,9.08,8.70,8.36,8.05,7.79,7.56,7.33,7.09,6.87,6.63,6.38,6.16,5.97,5.78,5.58,5.39,5.26,5.20,5.23,5.39,5.58,5.78,6.04,6.32,6.39,6.45,6.52,6.57,6.64,6.72,6.78,6.81,6.89,6.94,7.01,7.09,7.16,7.16,7.27,7.37,7.35,7.28,7.14,6.99,6.83,6.68,6.52,6.37,6.21,6.06,5.90,5.77,5.63,5.47,5.32,5.17,5.01,4.86,4.70,4.55,4.43,4.31,4.15,4.00,3.84,3.69,3.53,3.38,3.22,3.02,2.79,2.56,2.33,2.10,1.86,1.64,1.47,1.39,1.36,1.42,1.68,2.06,2.37,2.41,2.00,1.20,0.99,e,e,e,e,e,e,e,e,e,e,e,e,e,e,e,e,e,e,e,e,e,e,e,e,e,e,e,e,e,e,e,e,e,e,e,e,e,e,e,e,e,e,e,e,e,e,e,e,e,e,e,e,e,e,e,e,e,e,e,e,e,e,e,e,e,e,e,e,e,e
13.86,14.41,15.66,17.97,20.89,23.56,26.11,28.60,30.70,32.15,31.85,30.00,27.34,24.13,21.00,18.57,17.15,15.68,14.11,12.53,11.44,12.05,13.20,14.61,16.22,18.07,20.14,22.52,24.90,27.06,28.81,29.95,30.14,29.27,27.20,24.86,22.33,20.10,18.57,17.29,16.05,14.82,13.77,13.37,13.35,13.41,13.45,13.47,13.54,13.56,13.56,13.55,13.55,13.56,13.72,14.02,14.31,14.49,14.65,14.80,14.96,15.11,15.27,15.42,15.57,15.69,15.54,15.31,15.05,14.76,14.52,14.23,13.96,13.72,13.48,13.19,13.01,12.94,12.95,12.96,13.01,13.08,13.15,13.15,13.04,12.89,12.71,12.48,12.25,11.98,11.74,11.62,11.22,10.82,10.41,10.00,9.74,9.57,9.34,9.01,8.63,8.25,7.88,7.54,7.30,7.07,6.83,6.61,6.36,6.07,5.89,5.69,5.48,5.32,5.13,5.14,5.27,5.42,5.63,5.75,5.92,6.16,6.41,6.41,6.52,6.67,6.70,6.77,6.85,6.92,6.99,7.07,7.09,7.13,7.20,7.25,7.14,7.30,7.48,7.48,7.41,7.27,7.12,6.96,6.81,6.66,6.50,6.35,6.19,6.04,5.93,5.81,5.66,5.50,5.35,5.20,5.04,4.89,4.73,4.58,4.43,4.28,4.12,3.97,3.82,3.66,3.51,3.35,3.15,2.92,2.69,2.45,2.22,2.00,1.80,1.71,1.68,1.68,1.74,2.00,2.42,2.78,2.91,2.61,1.73,1.50,e,e,e,e,e,e,e,e,e,e,e,e,e,e,e,e,e,e,e,e,e,e,e,e,e,e,e,e,e,e,e,e,e,e,e,e,e,e,e,e,e,e,e,e,e,e,e,e,e,e,e,e,e,e,e,e,e,e,e,e,e,e,e,e,e,e,e,e,e,e
13.07,13.88,15.38,17.46,19.49,21.73,24.15,26.59,28.57,29.83,29.77,28.48,26.17,23.07,20.32,18.14,16.53,14.96,13.36,11.80,10.71,11.03,12.18,13.72,15.38,17.05,19.00,21.24,23.42,25.25,26.54,27.20,27.02,26.08,24.50,22.63,20.73,19.10,17.91,16.68,15.45,14.21,13.14,12.68,12.59,12.55,12.50,12.51,12.58,12.63,12.66,12.65,12.62,12.72,12.97,13.30,13.56,13.73,13.88,14.04,14.19,14.35,14.50,14.66,14.82,14.99,14.84,14.58,14.29,13.99,13.75,13.50,13.23,12.96,12.72,12.47,12.30,12.23,12.19,12.18,12.20,12.25,12.31,12.28,12.18,12.03,11.82,11.59,11.36,11.11,10.85,10.58,10.31,10.02,9.71,9.41,9.22,9.23,9.15,8.91,8.61,8.20,7.76,7.37,7.06,6.77,6.53,6.29,6.06,5.80,5.63,5.43,5.25,5.19,5.18,5.29,5.46,5.65,5.84,5.94,6.10,6.28,6.31,6.29,6.43,6.64,6.81,6.90,6.98,7.05,7.13,7.21,7.26,7.27,7.24,7.18,7.07,7.25,7.49,7.60,7.58,7.46,7.30,7.15,6.99,6.84,6.68,6.53,6.38,6.22,6.09,5.95,5.80,5.64,5.49,5.33,5.18,5.02,4.87,4.71,4.56,4.41,4.25,4.10,3.94,3.79,3.63,3.44,3.22,3.00,2.81,2.58,2.35,2.16,2.04,2.00,1.96,1.94,2.02,2.36,2.80,3.20,3.40,3.11,1.82,1.48,e,e,e,e,e,e,e,e,e,e,e,e,e,e,e,e,e,e,e,e,e,e,e,e,e,e,e,e,e,e,e,e,e,e,e,e,e,e,e,e,e,e,e,e,e,e,e,e,e,e,e,e,e,e,e,e,e,e,e,e,e,e,e,e,e,e,e,e,e,e
12.29,13.34,15.02,16.79,18.15,20.00,22.21,24.54,26.45,27.51,27.64,26.87,24.97,22.08,19.65,17.67,15.90,14.21,12.52,11.04,10.09,10.18,11.12,12.58,14.23,15.83,17.74,19.82,21.74,23.23,24.04,24.21,23.72,22.78,21.73,20.36,19.07,17.95,17.02,15.94,14.78,13.58,12.52,12.03,11.89,11.80,11.70,11.65,11.66,11.71,11.75,11.75,11.73,11.93,12.25,12.59,12.80,12.96,13.12,13.27,13.43,13.58,13.74,13.91,14.11,14.30,14.14,13.87,13.57,13.27,13.02,12.77,12.50,12.21,11.96,11.73,11.58,11.51,11.45,11.43,11.42,11.44,11.46,11.41,11.32,11.18,10.95,10.72,10.51,10.29,10.04,9.72,9.54,9.33,9.10,8.88,8.75,8.85,8.88,8.76,8.55,8.19,7.74,7.28,6.87,6.52,6.24,6.00,5.77,5.54,5.37,5.25,5.17,5.21,5.33,5.49,5.68,5.88,6.02,6.12,6.25,6.33,6.18,6.16,6.31,6.58,6.85,6.94,7.03,7.12,7.21,7.31,7.34,7.31,7.21,7.06,6.98,7.17,7.47,7.72,7.74,7.62,7.47,7.31,7.16,7.00,6.85,6.70,6.54,6.39,6.23,6.08,5.92,5.77,5.62,5.46,5.31,5.15,5.00,4.84,4.69,4.53,4.38,4.24,4.09,3.94,3.76,3.54,3.30,3.09,2.91,2.69,2.49,2.36,2.30,2.29,2.25,2.21,2.30,2.73,3.19,3.60,3.86,3.68,2.46,2.15,e,e,e,e,e,e,e,e,e,e,e,e,e,e,e,e,e,e,e,e,e,e,e,e,e,e,e,e,e,e,e,e,e,e,e,e,e,e,e,e,e,e,e,e,e,e,e,e,e,e,e,e,e,e,e,e,e,e,e,e,e,e,e,e,e,e,e,e,e,e
11.59,12.78,14.36,15.59,16.83,18.46,20.36,22.41,24.28,25.30,25.57,25.13,23.67,21.22,19.07,17.19,15.35,13.53,11.66,10.29,9.62,9.63,9.96,10.99,12.53,14.34,16.31,18.20,19.81,20.91,21.16,20.91,20.39,19.72,19.07,18.21,17.38,16.57,15.73,15.01,14.05,12.96,11.92,11.35,11.23,11.21,11.14,10.96,10.82,10.79,10.80,10.83,10.94,11.21,11.55,11.88,12.04,12.20,12.36,12.51,12.66,12.82,12.97,13.20,13.47,13.66,13.46,13.20,12.94,12.63,12.33,12.04,11.76,11.50,11.21,10.97,10.82,10.76,10.74,10.68,10.66,10.64,10.59,10.57,10.46,10.31,10.13,9.90,9.73,9.56,9.37,9.13,8.96,8.76,8.52,8.32,8.23,8.38,8.51,8.53,8.43,8.25,7.85,7.33,6.82,6.37,6.03,5.75,5.52,5.29,5.13,5.20,5.38,5.45,5.54,5.71,5.91,6.06,6.15,6.28,6.34,6.26,6.06,6.03,6.21,6.52,6.78,6.83,6.93,7.08,7.22,7.35,7.28,7.18,7.08,6.94,6.85,7.04,7.42,7.83,7.87,7.75,7.60,7.44,7.29,7.13,6.98,6.82,6.67,6.52,6.36,6.21,6.05,5.90,5.74,5.59,5.44,5.28,5.13,4.97,4.81,4.66,4.51,4.41,4.29,4.11,3.89,3.66,3.43,3.20,2.98,2.76,2.67,2.62,2.55,2.54,2.54,2.50,2.58,3.10,3.57,3.98,4.29,4.40,4.17,4.07,e,e,e,e,e,e,e,e,e,e,e,e,e,e,e,e,e,e,e,e,e,e,e,e,e,e,e,e,e,e,e,e,e,e,e,e,e,e,e,e,e,e,e,e,e,e,e,e,e,e,e,e,e,e,e,e,e,e,e,e,e,e,e,e,e,e,e,e,e,e
10.84,11.84,13.13,14.24,15.49,17.07,18.79,20.49,22.08,23.03,23.40,23.17,22.06,20.14,18.08,16.09,14.19,12.30,10.74,9.68,9.17,9.17,9.42,10.07,11.17,12.75,14.56,16.24,17.59,18.38,18.54,18.45,18.06,17.51,16.98,16.28,15.63,14.94,14.16,13.52,12.75,11.93,11.15,10.64,10.54,10.57,10.54,10.39,10.24,10.11,10.04,10.07,10.22,10.50,10.83,11.13,11.28,11.44,11.59,11.73,11.85,12.00,12.22,12.51,12.82,12.99,12.77,12.50,12.25,11.95,11.67,11.38,11.08,10.80,10.50,10.28,10.15,10.09,10.04,10.01,9.99,9.97,9.89,9.81,9.71,9.57,9.42,9.26,9.07,8.90,8.74,8.55,8.39,8.21,8.00,7.80,7.76,7.90,8.05,8.20,8.42,8.53,8.39,7.99,7.34,6.75,6.20,5.69,5.31,5.26,5.29,5.42,5.59,5.70,5.78,5.91,6.02,6.04,6.05,6.14,6.20,6.13,5.89,5.88,6.14,6.49,6.72,6.71,6.81,6.97,7.16,7.42,7.27,7.08,6.96,6.85,6.74,6.91,7.36,7.91,7.99,7.88,7.72,7.57,7.41,7.26,7.11,6.95,6.80,6.64,6.49,6.33,6.18,6.02,5.90,5.76,5.61,5.46,5.30,5.15,4.99,4.84,4.68,4.56,4.42,4.25,4.02,3.79,3.56,3.33,3.11,2.94,2.91,2.88,2.85,2.81,2.81,2.78,2.90,3.43,3.94,4.36,4.53,4.24,3.54,2.17,0.50,e,e,e,e,e,e,e,e,e,e,e,e,e,e,e,e,e,e,e,e,e,e,e,e,e,e,e,e,e,e,e,e,e,e,e,e,e,e,e,e,e,e,e,e,e,e,e,e,e,e,e,e,e,e,e,e,e,e,e,e,e,e,e,e,e,e,e,e,e
10.14,10.82,11.76,12.84,14.14,15.70,17.26,18.67,19.95,20.80,21.18,21.02,20.13,18.73,16.83,14.78,12.87,11.05,9.91,9.18,8.75,8.75,9.06,9.45,10.06,11.22,12.68,14.13,15.24,15.82,16.05,16.22,16.02,15.53,15.05,14.42,13.82,13.22,12.51,11.91,11.34,10.80,10.32,9.96,9.89,9.93,9.95,9.87,9.74,9.54,9.41,9.42,9.58,9.85,10.14,10.39,10.54,10.68,10.83,10.96,11.05,11.21,11.50,11.86,12.19,12.30,12.07,11.80,11.55,11.26,11.02,10.73,10.44,10.13,9.83,9.65,9.55,9.47,9.39,9.38,9.37,9.34,9.25,9.09,8.98,8.86,8.73,8.64,8.46,8.28,8.11,7.96,7.80,7.67,7.49,7.30,7.29,7.41,7.61,7.92,8.45,8.81,8.95,8.75,8.11,7.41,6.70,5.98,5.38,5.28,5.44,5.59,5.70,5.84,5.96,6.02,6.01,5.93,5.86,5.91,5.98,5.97,5.73,5.76,6.10,6.50,6.66,6.58,6.67,6.83,7.05,7.48,7.25,6.98,6.85,6.76,6.62,6.77,7.27,7.95,8.10,8.01,7.87,7.71,7.56,7.40,7.25,7.09,6.94,6.79,6.63,6.47,6.32,6.17,6.07,5.94,5.79,5.63,5.48,5.32,5.17,5.02,4.86,4.71,4.55,4.37,4.15,3.92,3.69,3.46,3.27,3.19,3.16,3.16,3.14,3.08,3.07,3.08,3.23,3.77,4.30,4.79,4.90,4.26,2.90,1.54,0.86,e,e,e,e,e,e,e,e,e,e,e,e,e,e,e,e,e,e,e,e,e,e,e,e,e,e,e,e,e,e,e,e,e,e,e,e,e,e,e,e,e,e,e,e,e,e,e,e,e,e,e,e,e,e,e,e,e,e,e,e,e,e,e,e,e,e,e,e,e
9.64,9.94,10.50,11.47,12.79,14.22,15.61,16.87,18.05,18.81,18.93,18.44,17.48,16.53,15.16,13.45,11.60,10.18,9.41,8.88,8.47,8.38,8.68,9.06,9.49,10.03,10.74,11.83,12.78,13.32,13.72,13.97,13.88,13.50,13.09,12.53,11.98,11.44,10.92,10.42,10.06,9.72,9.43,9.38,9.38,9.38,9.39,9.37,9.28,9.13,8.98,8.93,9.12,9.36,9.58,9.74,9.84,9.93,10.06,10.19,10.29,10.49,10.87,11.28,11.59,11.62,11.37,11.11,10.87,10.62,10.33,10.07,9.82,9.56,9.26,9.12,9.04,8.94,8.82,8.79,8.76,8.72,8.66,8.41,8.24,8.12,8.03,7.95,7.84,7.67,7.48,7.32,7.17,7.09,6.98,6.79,6.78,6.90,7.28,7.87,8.50,8.92,9.17,9.27,9.12,8.43,7.90,7.21,6.25,5.28,5.22,5.37,5.51,5.68,5.92,5.89,5.76,5.68,5.61,5.65,5.72,5.74,5.59,5.67,6.13,6.60,6.65,6.43,6.48,6.63,6.89,7.45,7.16,6.86,6.72,6.64,6.49,6.61,7.14,7.96,8.21,8.18,8.06,7.90,7.75,7.59,7.44,7.28,7.13,6.97,6.82,6.67,6.51,6.36,6.22,6.07,5.92,5.76,5.61,5.45,5.30,5.14,4.99,4.83,4.65,4.44,4.27,4.05,3.81,3.62,3.52,3.50,3.44,3.42,3.41,3.39,3.39,3.42,3.61,4.14,4.63,5.33,5.88,5.72,4.39,3.04,2.00,1.32,e,e,e,e,e,e,e,e,e,e,e,e,e,e,e,e,e,e,e,e,e,e,e,e,e,e,e,e,e,e,e,e,e,e,e,e,e,e,e,e,e,e,e,e,e,e,e,e,e,e,e,e,e,e,e,e,e,e,e,e,e,e,e,e,e,e,e,e
9.20,9.33,9.66,10.34,11.30,12.56,13.84,15.01,16.14,16.71,16.31,15.26,14.32,13.90,13.09,11.87,10.52,9.59,9.03,8.56,8.16,8.01,8.30,8.68,9.04,9.34,9.59,10.14,10.71,11.12,11.51,11.75,11.74,11.54,11.24,10.88,10.50,10.12,9.76,9.42,9.16,8.93,8.75,8.81,8.82,8.85,8.87,8.86,8.79,8.68,8.54,8.46,8.67,8.88,9.05,9.18,9.26,9.34,9.45,9.57,9.69,9.88,10.23,10.59,10.85,10.87,10.66,10.43,10.22,10.02,9.75,9.48,9.23,8.99,8.72,8.61,8.53,8.43,8.28,8.21,8.15,8.12,8.04,7.73,7.52,7.41,7.33,7.25,7.17,7.04,6.88,6.72,6.57,6.50,6.40,6.25,6.27,6.55,7.08,7.78,8.49,9.04,9.39,9.71,10.10,10.37,10.24,9.56,8.29,6.69,5.74,5.35,5.36,5.64,5.94,5.82,5.55,5.40,5.34,5.39,5.46,5.47,5.41,5.64,6.22,6.71,6.61,6.27,6.29,6.47,6.80,7.43,7.22,6.87,6.63,6.51,6.37,6.47,7.01,7.89,8.26,8.30,8.21,8.05,7.90,7.74,7.59,7.43,7.28,7.12,6.97,6.81,6.66,6.51,6.35,6.20,6.04,5.89,5.73,5.58,5.42,5.27,5.12,4.96,4.77,4.54,4.36,4.13,3.96,3.84,3.77,3.77,3.74,3.71,3.70,3.67,3.67,3.73,3.96,4.58,5.62,6.54,7.11,7.03,5.87,4.59,3.32,2.32,2.29,1.25,0.80,e,e,e,e,e,e,e,e,e,e,e,e,e,e,e,e,e,e,e,e,e,e,e,e,e,e,e,e,e,e,e,e,e,e,e,e,e,e,e,e,e,e,e,e,e,e,e,e,e,e,e,e,e,e,e,e,e,e,e,e,e,e,e,e,e
8.79,8.85,9.06,9.40,9.88,10.92,12.08,13.16,14.27,14.61,13.67,12.06,11.23,11.29,10.98,10.31,9.60,9.14,8.70,8.24,7.83,7.64,7.91,8.30,8.65,8.88,8.80,8.80,8.93,9.20,9.52,9.73,9.80,9.74,9.59,9.44,9.28,9.08,8.85,8.68,8.46,8.27,8.18,8.25,8.27,8.31,8.36,8.35,8.28,8.20,8.09,8.01,8.21,8.38,8.53,8.67,8.75,8.83,8.91,9.02,9.17,9.34,9.60,9.87,10.06,10.11,9.95,9.77,9.62,9.45,9.23,8.94,8.66,8.43,8.20,8.09,8.02,7.92,7.78,7.62,7.55,7.52,7.41,7.05,6.83,6.71,6.63,6.55,6.48,6.39,6.29,6.14,5.99,5.89,5.79,5.70,5.82,6.33,6.99,7.70,8.47,9.17,9.70,10.32,11.37,12.90,13.24,12.52,10.91,8.81,6.78,5.59,5.28,5.66,5.99,5.77,5.40,5.24,5.22,5.26,5.28,5.26,5.25,5.64,6.34,6.83,6.56,6.12,6.11,6.34,6.75,7.43,7.34,6.94,6.54,6.39,6.25,6.35,6.87,7.79,8.30,8.41,8.33,8.18,8.02,7.87,7.71,7.56,7.41,7.25,7.10,6.94,6.79,6.63,6.48,6.32,6.17,6.02,5.87,5.72,5.56,5.41,5.25,5.09,4.90,4.67,4.44,4.22,4.13,4.10,4.04,4.04,4.02,4.02,4.00,3.95,3.93,4.01,4.38,5.44,7.43,8.59,8.90,8.50,7.39,6.14,4.84,3.63,2.71,1.60,1.18,e,e,e,e,e,e,e,e,e,e,e,e,e,e,e,e,e,e,e,e,e,e,e,e,e,e,e,e,e,e,e,e,e,e,e,e,e,e,e,e,e,e,e,e,e,e,e,e,e,e,e,e,e,e,e,e,e,e,e,e,e,e,e,e,e
8.37,8.38,8.50,8.68,9.12,9.77,10.58,11.55,12.63,12.78,11.76,10.27,9.67,9.70,9.65,9.42,9.02,8.63,8.27,7.89,7.50,7.27,7.53,7.92,8.21,8.23,7.75,7.51,7.55,7.82,8.21,8.51,8.63,8.60,8.52,8.50,8.44,8.29,8.08,7.96,7.77,7.62,7.61,7.73,7.75,7.80,7.85,7.84,7.77,7.70,7.61,7.55,7.66,7.81,7.96,8.11,8.24,8.32,8.40,8.50,8.67,8.87,9.08,9.24,9.34,9.37,9.31,9.22,9.10,8.94,8.72,8.39,8.09,7.85,7.63,7.56,7.51,7.43,7.31,7.12,6.98,6.90,6.81,6.42,6.15,6.00,5.92,5.85,5.78,5.69,5.61,5.50,5.36,5.26,5.19,5.23,5.65,6.32,7.06,7.81,8.58,9.34,10.41,11.97,14.04,15.97,16.47,15.55,13.38,10.71,8.33,6.51,5.47,5.60,5.97,5.67,5.42,5.69,5.72,5.65,5.56,5.40,5.17,5.69,6.47,6.92,6.55,6.01,5.98,6.25,6.73,7.44,7.47,6.99,6.42,6.27,6.16,6.22,6.69,7.64,8.38,8.54,8.46,8.30,8.15,8.00,7.84,7.69,7.53,7.38,7.22,7.07,6.92,6.76,6.61,6.45,6.30,6.15,6.04,5.90,5.75,5.59,5.44,5.25,5.02,4.79,4.57,4.42,4.38,4.37,4.35,4.34,4.30,4.28,4.27,4.25,4.20,4.32,5.20,7.94,11.41,12.85,12.58,11.11,9.17,7.59,6.18,5.02,4.50,3.51,2.71,1.74,0.47,e,e,e,e,e,e,e,e,e,e,e,e,e,e,e,e,e,e,e,e,e,e,e,e,e,e,e,e,e,e,e,e,e,e,e,e,e,e,e,e,e,e,e,e,e,e,e,e,e,e,e,e,e,e,e,e,e,e,e,e,e,e,e
8.05,7.97,7.99,8.08,8.41,8.84,9.44,10.22,11.08,11.13,10.33,9.18,8.64,8.57,8.63,8.63,8.46,8.12,7.80,7.45,7.09,6.85,7.14,7.54,7.77,7.54,6.76,6.34,6.31,6.59,7.06,7.38,7.53,7.54,7.52,7.58,7.59,7.50,7.32,7.25,7.06,6.98,7.06,7.18,7.23,7.29,7.34,7.36,7.29,7.22,7.14,7.09,7.13,7.27,7.42,7.58,7.72,7.81,7.89,8.00,8.16,8.38,8.52,8.60,8.64,8.64,8.66,8.64,8.57,8.42,8.18,7.85,7.54,7.31,7.06,7.00,6.99,6.95,6.84,6.65,6.46,6.33,6.23,5.79,5.54,5.41,5.36,5.31,5.26,5.21,5.15,5.07,4.97,4.92,4.90,4.97,5.39,6.46,7.53,8.51,9.78,11.29,13.11,15.07,16.92,18.39,18.77,17.81,15.50,12.51,9.80,7.56,5.98,5.52,5.95,5.60,5.47,6.21,6.50,6.45,6.31,6.01,5.40,5.80,6.58,7.01,6.52,5.87,5.82,6.14,6.73,7.45,7.58,7.10,6.42,6.17,6.06,6.09,6.53,7.51,8.38,8.63,8.60,8.47,8.31,8.16,8.00,7.85,7.69,7.54,7.38,7.23,7.07,6.92,6.76,6.61,6.46,6.31,6.20,6.06,5.91,5.75,5.59,5.38,5.15,4.93,4.76,4.68,4.66,4.66,4.63,4.63,4.59,4.55,4.53,4.53,4.49,5.08,7.12,11.70,15.56,16.88,16.42,14.68,11.67,9.28,7.63,6.71,6.48,5.57,4.27,2.80,1.49,e,e,e,e,e,e,e,e,e,e,e,e,e,e,e,e,e,e,e,e,e,e,e,e,e,e,e,e,e,e,e,e,e,e,e,e,e,e,e,e,e,e,e,e,e,e,e,e,e,e,e,e,e,e,e,e,e,e,e,e,e,e,e
7.85,7.65,7.55,7.57,7.72,8.09,8.59,9.14,9.63,9.69,9.29,8.61,7.95,7.77,7.80,7.87,7.87,7.61,7.29,6.95,6.60,6.41,6.74,7.16,7.31,6.87,5.93,5.39,5.27,5.54,6.02,6.29,6.43,6.49,6.55,6.63,6.69,6.68,6.55,6.53,6.37,6.36,6.55,6.63,6.71,6.78,6.85,6.90,6.84,6.76,6.69,6.63,6.64,6.76,6.91,7.06,7.21,7.30,7.38,7.48,7.65,7.87,7.93,7.94,7.94,7.95,8.01,8.03,8.00,7.89,7.63,7.32,7.03,6.79,6.50,6.44,6.47,6.48,6.34,6.18,5.98,5.81,5.67,5.21,5.02,4.97,4.96,4.95,4.94,4.93,4.91,4.84,4.82,4.86,4.90,4.91,5.03,6.64,8.29,9.77,11.99,14.80,17.36,19.09,19.60,20.01,20.05,19.25,17.26,14.18,11.13,8.67,6.77,5.50,5.96,5.59,5.57,6.73,7.47,7.58,7.46,7.02,5.92,5.94,6.64,7.08,6.46,5.71,5.64,6.03,6.72,7.46,7.67,7.26,6.55,6.08,5.93,5.96,6.39,7.38,8.29,8.68,8.75,8.65,8.50,8.34,8.19,8.03,7.88,7.72,7.57,7.41,7.26,7.10,6.95,6.80,6.64,6.49,6.34,6.19,6.03,5.88,5.72,5.50,5.28,5.09,5.00,4.98,4.98,4.96,4.90,4.88,4.88,4.85,4.79,4.78,4.84,6.50,10.32,16.28,19.37,20.17,19.91,18.70,14.79,11.31,9.32,8.77,8.61,7.64,6.32,4.83,3.33,2.29,1.11,0.42,e,e,e,e,e,e,e,e,e,e,e,e,e,e,e,e,e,e,e,e,e,e,e,e,e,e,e,e,e,e,e,e,e,e,e,e,e,e,e,e,e,e,e,e,e,e,e,e,e,e,e,e,e,e,e,e,e,e,e,e
7.76,7.52,7.34,7.21,7.17,7.36,7.73,8.20,8.52,8.71,8.48,7.91,7.28,6.99,6.97,7.10,7.26,7.12,6.84,6.52,6.21,6.06,6.38,6.77,6.89,6.38,5.70,5.22,5.04,5.16,5.36,5.48,5.54,5.57,5.60,5.63,5.70,5.73,5.73,5.77,5.74,5.83,6.03,6.12,6.23,6.30,6.35,6.40,6.34,6.27,6.21,6.18,6.19,6.27,6.40,6.55,6.66,6.78,6.87,6.97,7.13,7.31,7.33,7.28,7.25,7.29,7.33,7.35,7.33,7.29,7.13,6.83,6.51,6.23,5.98,5.92,5.94,5.93,5.83,5.72,5.53,5.34,5.20,4.99,4.88,4.84,4.83,4.79,4.78,4.78,4.77,4.75,4.74,4.79,4.84,4.85,4.95,6.31,8.51,11.21,14.13,17.33,19.31,20.23,20.48,20.62,20.53,20.00,18.59,15.56,12.39,9.70,7.53,6.04,6.14,5.84,6.05,7.43,8.49,8.80,8.64,7.95,6.55,5.79,6.38,7.03,6.38,5.59,5.56,6.02,6.72,7.46,7.78,7.44,6.70,6.07,5.83,5.83,6.25,7.21,8.17,8.71,8.88,8.79,8.63,8.48,8.32,8.17,8.02,7.86,7.71,7.55,7.40,7.24,7.09,6.93,6.78,6.62,6.47,6.31,6.16,6.00,5.80,5.58,5.41,5.33,5.30,5.26,5.24,5.23,5.20,5.15,5.14,5.13,5.08,5.04,5.68,9.71,15.66,19.35,21.09,21.36,21.06,20.27,17.55,14.12,11.97,11.49,11.47,10.04,8.27,6.58,5.12,4.10,2.91,2.21,1.87,1.43,0.49,0.00,e,e,e,e,e,e,e,e,e,e,e,e,e,e,e,e,e,e,e,e,e,e,e,e,e,e,e,e,e,e,e,e,e,e,e,e,e,e,e,e,e,e,e,e,e,e,e,e,e,e,e,e,e,e,e,e
7.70,7.43,7.21,6.98,6.82,6.82,6.99,7.27,7.47,7.76,7.67,7.21,6.62,6.24,6.16,6.33,6.63,6.60,6.38,6.09,5.81,5.71,6.00,6.37,6.47,6.00,5.52,5.17,5.00,5.00,5.00,5.00,5.00,5.00,5.00,5.00,5.04,5.10,5.16,5.23,5.30,5.40,5.54,5.61,5.75,5.82,5.86,5.89,5.86,5.78,5.74,5.74,5.74,5.78,5.89,6.03,6.12,6.26,6.36,6.47,6.64,6.76,6.72,6.63,6.58,6.63,6.64,6.64,6.65,6.66,6.62,6.37,6.01,5.68,5.48,5.44,5.44,5.42,5.36,5.31,5.17,5.01,4.89,4.88,4.82,4.78,4.76,4.71,4.69,4.68,4.68,4.68,4.70,4.75,4.80,4.83,4.93,6.10,8.66,12.12,15.31,18.48,20.02,20.53,20.82,21.00,20.85,20.49,19.50,16.75,13.58,10.64,8.22,6.72,6.30,6.25,6.86,8.30,9.59,10.10,9.81,8.83,7.40,6.34,6.57,6.95,6.21,5.46,5.52,6.02,6.72,7.47,7.91,7.63,6.86,6.14,5.76,5.69,6.09,7.05,8.04,8.75,9.01,8.91,8.76,8.61,8.45,8.30,8.14,7.99,7.83,7.68,7.52,7.37,7.21,7.06,6.91,6.75,6.60,6.44,6.29,6.12,5.90,5.71,5.61,5.59,5.59,5.54,5.51,5.49,5.48,5.42,5.35,5.31,5.25,5.24,7.39,13.21,19.81,21.32,21.97,21.89,21.54,21.00,19.57,16.88,14.87,14.04,13.47,11.94,10.09,8.37,7.10,6.17,4.95,3.69,2.66,2.01,0.97,0.41,e,e,e,e,e,e,e,e,e,e,e,e,e,e,e,e,e,e,e,e,e,e,e,e,e,e,e,e,e,e,e,e,e,e,e,e,e,e,e,e,e,e,e,e,e,e,e,e,e,e,e,e,e,e,e,e
7.63,7.37,7.14,6.92,6.75,6.58,6.43,6.34,6.43,6.69,6.78,6.57,5.97,5.51,5.38,5.57,5.98,6.02,5.88,5.64,5.39,5.33,5.63,5.93,6.02,5.71,5.22,5.03,5.00,5.00,5.00,5.00,5.00,5.00,5.00,5.00,5.01,5.02,5.04,5.11,5.14,5.13,5.10,5.12,5.25,5.35,5.40,5.40,5.40,5.34,5.30,5.30,5.30,5.31,5.39,5.53,5.61,5.75,5.86,5.98,6.17,6.21,6.10,6.00,5.94,5.95,5.95,5.95,5.97,6.03,6.08,5.92,5.57,5.14,5.02,5.00,5.00,5.00,4.99,4.98,4.95,4.90,4.82,4.82,4.75,4.71,4.71,4.70,4.64,4.62,4.62,4.62,4.68,4.75,4.83,4.88,4.95,6.30,8.83,12.02,14.86,17.60,19.40,20.40,20.89,21.31,21.19,20.77,19.84,17.70,14.65,11.46,8.80,7.47,6.39,6.85,8.04,9.36,10.82,11.49,10.98,9.65,8.63,8.20,7.69,6.90,5.91,5.38,5.51,6.01,6.72,7.48,8.04,7.82,7.05,6.30,5.71,5.54,5.92,6.92,7.92,8.77,9.13,9.04,8.89,8.73,8.58,8.42,8.27,8.11,7.96,7.81,7.65,7.50,7.34,7.19,7.04,6.88,6.72,6.57,6.42,6.25,6.03,5.95,5.90,5.85,5.85,5.84,5.79,5.75,5.73,5.67,5.49,5.33,5.20,5.43,10.39,16.49,21.15,21.93,22.13,21.99,21.67,21.18,20.41,19.20,17.74,15.98,13.68,12.81,11.65,10.27,9.32,8.20,6.83,5.61,4.66,3.54,2.25,1.03,0.10,e,e,e,e,e,e,e,e,e,e,e,e,e,e,e,e,e,e,e,e,e,e,e,e,e,e,e,e,e,e,e,e,e,e,e,e,e,e,e,e,e,e,e,e,e,e,e,e,e,e,e,e,e,e,e
7.57,7.31,7.08,6.85,6.65,6.46,6.28,6.14,6.06,6.01,5.95,5.78,5.38,5.12,5.05,5.16,5.42,5.44,5.38,5.27,5.14,5.12,5.27,5.46,5.54,5.33,5.08,5.00,5.00,5.00,5.00,5.00,5.00,5.00,5.00,5.00,5.02,5.05,5.05,5.05,5.05,5.03,5.00,5.00,5.06,5.12,5.15,5.15,5.15,5.15,5.15,5.16,5.19,5.20,5.24,5.30,5.30,5.33,5.37,5.46,5.62,5.60,5.51,5.45,5.45,5.49,5.53,5.52,5.50,5.49,5.49,5.38,5.19,4.96,4.91,4.87,4.85,4.85,4.85,4.85,4.85,4.84,4.80,4.76,4.72,4.68,4.65,4.65,4.58,4.55,4.55,4.56,4.63,4.71,4.78,4.85,4.94,6.22,8.42,11.13,13.79,16.39,18.57,20.08,20.76,21.31,21.39,21.05,20.21,18.60,15.45,11.96,9.10,7.88,7.09,7.69,8.93,10.32,11.96,12.82,12.39,11.14,10.54,10.43,9.90,8.91,7.71,6.91,6.08,5.89,6.60,7.46,8.13,7.98,7.24,6.48,5.77,5.47,5.79,6.79,7.75,8.69,9.17,9.16,9.02,8.86,8.71,8.57,8.44,8.29,8.14,7.98,7.83,7.67,7.52,7.37,7.21,7.06,6.90,6.75,6.58,6.39,6.24,6.20,6.19,6.15,6.11,6.07,5.98,5.86,5.75,5.63,5.46,5.26,5.55,7.87,12.88,17.67,20.83,21.30,21.35,21.21,20.97,20.63,20.13,18.70,16.91,14.81,12.06,11.18,10.61,10.08,9.84,9.24,8.03,6.71,5.51,4.17,2.75,1.32,0.25,e,e,e,e,e,e,e,e,e,e,e,e,e,e,e,e,e,e,e,e,e,e,e,e,e,e,e,e,e,e,e,e,e,e,e,e,e,e,e,e,e,e,e,e,e,e,e,e,e,e,e,e,e,e,e
7.50,7.24,7.01,6.78,6.56,6.39,6.26,6.15,5.95,5.61,5.35,5.15,4.94,4.90,4.91,4.94,5.00,5.00,5.00,5.00,5.00,5.00,5.00,5.08,5.13,5.02,5.00,5.01,5.01,5.00,5.00,5.00,5.00,5.00,5.00,5.01,5.05,5.08,5.07,5.02,5.00,5.00,5.00,5.00,5.00,5.00,5.00,5.00,5.01,5.06,5.10,5.13,5.19,5.20,5.19,5.17,5.11,5.03,5.00,5.05,5.15,5.11,5.05,5.06,5.13,5.21,5.27,5.24,5.17,5.09,5.03,4.96,4.92,4.92,4.91,4.84,4.79,4.79,4.79,4.79,4.78,4.77,4.76,4.70,4.69,4.66,4.60,4.58,4.53,4.49,4.49,4.51,4.58,4.65,4.73,4.81,4.93,6.02,7.81,10.04,12.45,14.95,17.49,19.52,20.53,21.23,21.60,21.42,20.63,19.42,16.20,12.44,9.38,8.29,7.97,8.61,9.78,11.29,13.09,14.18,14.01,13.05,12.79,12.86,12.52,11.65,10.34,9.13,7.15,6.01,6.39,7.43,8.21,8.12,7.39,6.58,5.85,5.43,5.64,6.64,7.58,8.57,9.18,9.30,9.16,9.00,8.85,8.71,8.62,8.47,8.32,8.16,8.00,7.85,7.70,7.54,7.39,7.23,7.08,6.91,6.74,6.56,6.49,6.46,6.44,6.39,6.30,6.21,6.08,5.90,5.69,5.52,5.35,5.32,6.29,10.41,14.52,17.87,20.01,20.21,20.04,19.74,19.48,19.27,18.88,16.95,14.69,12.46,10.01,9.11,9.00,9.25,9.61,9.60,8.65,7.29,5.83,4.37,2.90,1.53,0.40,e,e,e,e,e,e,e,e,e,e,e,e,e,e,e,e,e,e,e,e,e,e,e,e,e,e,e,e,e,e,e,e,e,e,e,e,e,e,e,e,e,e,e,e,e,e,e,e,e,e,e,e,e,e,e
7.44,7.18,6.95,6.73,6.54,6.39,6.24,6.11,5.99,5.75,5.45,5.14,4.94,4.90,4.94,4.98,5.00,5.00,5.00,5.00,5.00,5.00,5.00,5.02,5.03,5.00,5.00,5.04,5.05,5.00,5.00,5.00,5.00,5.00,5.00,5.06,5.05,5.03,5.02,5.00,5.00,5.00,5.00,5.00,5.00,5.00,5.00,5.01,5.06,5.09,5.13,5.18,5.20,5.20,5.17,5.12,5.09,5.03,5.00,5.02,5.04,5.03,5.06,5.12,5.20,5.26,5.24,5.17,5.10,5.03,5.00,4.99,4.97,4.97,4.97,4.87,4.77,4.73,4.73,4.73,4.68,4.64,4.64,4.63,4.63,4.61,4.59,4.53,4.50,4.47,4.44,4.50,4.58,4.65,4.73,4.81,4.92,5.70,7.15,9.00,10.83,13.15,15.84,18.39,20.20,21.13,21.94,22.01,21.16,20.06,17.00,13.16,9.91,8.94,8.85,9.52,10.76,12.49,14.31,15.75,16.12,15.67,15.50,15.55,15.37,14.79,13.61,11.99,9.28,6.93,6.05,7.35,8.25,8.18,7.40,6.45,5.91,5.39,5.46,6.46,7.45,8.45,9.17,9.49,9.35,9.19,9.04,8.89,8.75,8.60,8.44,8.29,8.13,7.98,7.82,7.67,7.52,7.36,7.21,7.01,6.86,6.81,6.79,6.74,6.62,6.45,6.31,6.17,5.99,5.79,5.61,5.40,5.19,5.81,7.84,11.14,14.04,16.96,19.17,18.81,17.94,16.98,16.29,16.01,15.66,13.91,11.55,9.34,8.35,8.01,8.10,8.39,8.69,8.71,8.09,6.98,5.52,4.11,2.65,1.90,e,e,e,e,e,e,e,e,e,e,e,e,e,e,e,e,e,e,e,e,e,e,e,e,e,e,e,e,e,e,e,e,e,e,e,e,e,e,e,e,e,e,e,e,e,e,e,e,e,e,e,e,e,e,e,e
7.38,7.12,6.88,6.66,6.50,6.34,6.21,6.08,5.97,5.82,5.57,5.26,5.02,4.95,4.97,5.00,5.00,5.00,5.00,5.00,5.00,5.00,5.00,5.00,5.00,5.00,5.00,5.04,5.04,5.00,5.00,5.00,5.02,5.04,5.04,5.05,5.03,5.00,5.00,5.00,5.00,5.00,5.00,5.00,5.00,5.00,5.00,5.01,5.08,5.12,5.16,5.20,5.20,5.20,5.16,5.09,5.06,5.01,5.00,5.00,5.00,5.04,5.10,5.17,5.25,5.29,5.23,5.15,5.08,5.01,5.00,5.00,5.01,5.04,5.04,4.97,4.90,4.86,4.83,4.79,4.71,4.63,4.60,4.56,4.55,4.55,4.55,4.50,4.47,4.44,4.42,4.50,4.54,4.62,4.69,4.76,4.86,5.29,6.38,7.96,9.51,11.54,14.22,17.13,19.64,20.97,22.06,22.37,21.69,20.57,18.03,14.55,11.23,9.68,9.66,10.56,12.00,13.80,15.58,17.17,17.95,18.01,18.10,18.16,18.04,17.68,16.77,14.66,11.37,8.47,7.04,7.62,7.80,7.34,6.53,5.91,6.20,6.52,6.91,7.42,7.53,8.29,9.13,9.63,9.50,9.34,9.19,9.03,8.88,8.72,8.57,8.41,8.26,8.11,7.95,7.80,7.64,7.49,7.33,7.17,7.04,6.98,6.91,6.79,6.62,6.42,6.24,6.08,5.87,5.67,5.50,5.28,5.40,6.44,8.60,11.20,13.71,16.39,18.20,17.04,15.73,14.52,13.51,12.85,12.56,11.28,9.22,7.20,6.94,6.93,7.12,7.42,7.66,7.69,7.25,6.44,5.27,3.86,2.43,1.77,e,e,e,e,e,e,e,e,e,e,e,e,e,e,e,e,e,e,e,e,e,e,e,e,e,e,e,e,e,e,e,e,e,e,e,e,e,e,e,e,e,e,e,e,e,e,e,e,e,e,e,e,e,e,e,e
7.31,7.06,6.82,6.60,6.44,6.29,6.17,6.07,5.93,5.83,5.66,5.41,5.14,5.04,5.02,5.01,5.00,5.00,5.00,5.00,5.00,5.00,5.00,5.00,5.00,5.00,5.01,5.01,5.01,5.01,5.01,5.01,5.04,5.09,5.09,5.04,5.01,5.01,5.01,5.00,5.00,5.00,5.00,5.00,5.00,5.00,5.00,5.02,5.08,5.15,5.20,5.20,5.20,5.19,5.15,5.08,5.01,5.00,5.00,5.00,5.01,5.08,5.16,5.23,5.29,5.29,5.22,5.14,5.07,5.01,5.00,5.00,5.03,5.09,5.09,5.09,5.08,5.07,5.01,4.94,4.83,4.71,4.64,4.57,4.54,4.53,4.51,4.50,4.43,4.40,4.41,4.48,4.50,4.56,4.63,4.72,4.79,4.90,5.64,6.97,8.40,10.11,12.66,15.77,18.85,20.72,22.02,22.58,22.23,21.05,19.13,16.24,12.99,10.61,10.50,11.65,13.31,15.13,16.87,18.54,19.63,20.17,20.56,20.62,20.50,20.29,19.65,17.19,13.55,10.47,8.78,8.32,7.56,6.65,5.86,5.69,6.93,8.70,9.96,9.96,8.99,9.13,9.62,9.92,9.66,9.48,9.33,9.17,9.02,8.86,8.71,8.55,8.40,8.24,8.09,7.93,7.78,7.59,7.40,7.29,7.18,7.02,6.87,6.67,6.48,6.29,6.08,5.91,5.71,5.51,5.38,5.28,5.87,7.11,8.92,10.93,13.51,15.96,17.08,15.11,13.53,12.23,10.99,9.87,9.58,8.82,7.31,5.67,5.72,5.86,6.09,6.38,6.58,6.61,6.27,5.72,4.93,3.60,2.21,1.52,e,e,e,e,e,e,e,e,e,e,e,e,e,e,e,e,e,e,e,e,e,e,e,e,e,e,e,e,e,e,e,e,e,e,e,e,e,e,e,e,e,e,e,e,e,e,e,e,e,e,e,e,e,e,e,e
7.25,6.99,6.76,6.54,6.43,6.29,6.14,6.02,5.92,5.79,5.63,5.45,5.26,5.17,5.10,5.05,5.00,5.00,5.00,5.00,5.00,5.00,5.00,5.00,5.00,5.01,5.05,5.06,5.06,5.06,5.06,5.06,5.08,5.10,5.10,5.08,5.06,5.06,5.06,5.01,5.00,5.00,5.00,5.00,5.00,5.00,5.01,5.06,5.09,5.15,5.20,5.20,5.20,5.16,5.12,5.08,5.01,5.00,5.00,5.00,5.01,5.08,5.16,5.24,5.28,5.24,5.17,5.08,5.03,5.00,5.00,5.00,5.03,5.09,5.10,5.10,5.13,5.16,5.14,5.12,5.04,4.95,4.87,4.79,4.73,4.66,4.56,4.50,4.43,4.37,4.35,4.43,4.49,4.55,4.63,4.71,4.79,4.86,5.29,6.19,7.58,9.03,11.22,14.18,17.64,20.18,21.74,22.66,22.81,21.59,19.96,17.66,14.82,12.11,11.58,12.71,14.46,16.27,18.12,19.96,21.38,22.26,22.64,22.66,22.44,22.12,21.50,19.43,16.32,13.13,10.72,10.13,9.53,8.81,8.09,7.80,9.04,12.93,16.30,16.82,16.05,14.42,12.57,10.92,9.96,9.67,9.51,9.36,9.20,9.05,8.89,8.74,8.59,8.43,8.28,8.12,7.93,7.60,7.19,7.04,6.94,6.74,6.53,6.34,6.15,5.95,5.77,5.57,5.38,5.24,5.29,5.83,6.56,7.67,9.22,10.77,13.48,15.39,15.55,13.31,11.49,9.96,8.62,7.48,6.77,6.19,5.42,4.67,4.70,4.83,5.05,5.30,5.50,5.53,5.23,4.76,4.13,3.24,1.96,0.88,0.00,e,e,e,e,e,e,e,e,e,e,e,e,e,e,e,e,e,e,e,e,e,e,e,e,e,e,e,e,e,e,e,e,e,e,e,e,e,e,e,e,e,e,e,e,e,e,e,e,e,e,e,e,e,e,e
7.18,6.92,6.70,6.51,6.39,6.25,6.11,5.99,5.88,5.76,5.62,5.48,5.37,5.27,5.18,5.11,5.06,5.04,5.01,5.00,5.00,5.00,5.00,5.00,5.00,5.01,5.08,5.10,5.10,5.10,5.10,5.10,5.10,5.10,5.10,5.10,5.10,5.10,5.09,5.05,5.01,5.00,5.00,5.00,5.00,5.00,5.02,5.09,5.13,5.17,5.20,5.20,5.20,5.14,5.09,5.05,5.01,5.00,5.00,5.01,5.04,5.12,5.20,5.26,5.29,5.21,5.13,5.05,5.00,5.00,5.00,5.02,5.05,5.09,5.10,5.12,5.16,5.20,5.20,5.22,5.20,5.15,5.09,5.02,4.94,4.84,4.72,4.64,4.57,4.47,4.40,4.41,4.45,4.52,4.60,4.67,4.75,4.83,5.04,5.59,6.81,8.17,10.15,12.98,16.69,19.76,21.55,22.79,23.36,22.07,20.55,18.55,16.05,13.45,12.67,13.75,15.54,17.37,19.34,21.46,23.20,24.32,24.67,24.65,24.37,23.81,22.73,20.78,18.22,15.39,12.85,11.79,11.24,10.77,10.36,10.37,11.65,16.09,20.12,21.06,20.45,18.38,15.65,12.96,11.46,11.07,10.34,9.58,9.43,9.27,9.12,8.95,8.77,8.59,8.41,8.16,7.81,7.34,6.76,6.57,6.54,6.41,6.19,6.00,5.79,5.58,5.46,5.46,5.50,5.63,6.00,6.62,7.21,8.08,9.33,10.58,13.29,14.90,14.52,11.96,9.97,8.29,6.89,5.81,5.01,4.56,4.20,3.89,3.77,3.83,4.02,4.24,4.42,4.42,4.19,3.78,3.22,2.58,1.51,0.64,0.00,e,e,e,e,e,e,e,e,e,e,e,e,e,e,e,e,e,e,e,e,e,e,e,e,e,e,e,e,e,e,e,e,e,e,e,e,e,e,e,e,e,e,e,e,e,e,e,e,e,e,e,e,e,e,e
7.10,6.86,6.65,6.49,6.34,6.20,6.07,5.97,5.83,5.74,5.63,5.50,5.47,5.35,5.25,5.19,5.17,5.11,5.04,5.00,5.00,5.00,5.00,5.00,5.00,5.01,5.08,5.10,5.10,5.10,5.10,5.10,5.10,5.10,5.10,5.10,5.10,5.10,5.10,5.09,5.04,5.00,5.00,5.00,5.00,5.00,5.03,5.10,5.17,5.20,5.20,5.20,5.19,5.14,5.06,5.01,5.00,5.00,5.00,5.03,5.09,5.17,5.25,5.29,5.28,5.21,5.13,5.06,5.00,5.00,5.00,5.05,5.09,5.10,5.10,5.16,5.19,5.20,5.21,5.26,5.29,5.28,5.26,5.20,5.13,5.05,4.97,4.89,4.81,4.70,4.55,4.44,4.42,4.47,4.54,4.62,4.70,4.77,4.87,5.16,6.06,7.50,9.47,12.26,16.09,19.49,21.47,22.98,23.85,22.48,20.94,18.99,16.71,14.53,13.70,14.74,16.54,18.43,20.54,23.04,25.09,26.36,26.71,26.64,26.32,25.41,23.50,21.34,19.20,17.07,14.99,13.18,12.55,12.33,12.39,13.07,14.53,17.98,21.20,22.34,21.75,20.54,18.47,15.89,14.11,13.70,12.07,10.18,9.71,9.51,9.35,9.16,8.93,8.70,8.45,8.02,7.44,6.83,6.17,5.94,5.97,6.03,5.85,5.64,5.43,5.26,5.25,5.60,5.98,6.48,7.19,7.29,7.54,8.11,9.02,10.16,12.71,14.35,14.02,11.21,9.12,7.40,5.96,4.90,4.32,3.93,3.59,3.26,2.94,2.88,3.00,3.20,3.33,3.29,3.15,2.82,2.28,1.72,0.95,0.55,e,e,e,e,e,e,e,e,e,e,e,e,e,e,e,e,e,e,e,e,e,e,e,e,e,e,e,e,e,e,e,e,e,e,e,e,e,e,e,e,e,e,e,e,e,e,e,e,e,e,e,e,e,e,e,e
7.03,6.80,6.59,6.43,6.28,6.16,6.05,5.93,5.82,5.77,5.70,5.61,5.55,5.41,5.31,5.24,5.19,5.12,5.04,5.00,5.00,5.00,5.00,5.00,5.00,5.00,5.03,5.07,5.10,5.10,5.10,5.10,5.10,5.10,5.10,5.10,5.10,5.10,5.10,5.10,5.08,5.04,5.00,5.00,5.04,5.06,5.07,5.11,5.18,5.20,5.20,5.19,5.15,5.11,5.06,5.00,5.00,5.00,5.03,5.07,5.11,5.18,5.26,5.30,5.27,5.16,5.11,5.08,5.06,5.06,5.06,5.08,5.10,5.10,5.11,5.16,5.20,5.21,5.25,5.29,5.30,5.32,5.35,5.33,5.33,5.30,5.22,5.10,5.01,4.89,4.74,4.59,4.53,4.51,4.53,4.61,4.69,4.72,4.78,4.93,5.44,7.04,9.20,12.05,15.84,19.32,21.41,23.03,24.03,22.87,21.29,19.42,17.33,15.34,14.51,15.52,17.26,19.17,21.76,24.68,27.03,28.45,28.79,28.57,28.02,26.86,24.65,22.07,19.80,17.78,15.96,14.43,14.32,14.40,14.52,15.27,16.72,19.38,21.99,23.36,22.94,21.88,20.35,18.54,16.98,17.03,16.02,13.51,10.21,9.62,9.41,9.20,8.94,8.57,8.08,7.51,6.89,6.28,5.63,5.29,5.24,5.37,5.38,5.31,5.26,5.33,5.60,5.84,5.86,5.87,6.03,5.86,5.89,6.21,6.91,8.19,10.63,12.78,13.63,12.06,9.95,8.20,6.54,4.88,4.22,3.60,3.06,2.64,2.30,2.05,2.02,2.13,2.25,2.20,2.10,1.81,1.38,1.48,0.85,0.50,e,e,e,e,e,e,e,e,e,e,e,e,e,e,e,e,e,e,e,e,e,e,e,e,e,e,e,e,e,e,e,e,e,e,e,e,e,e,e,e,e,e,e,e,e,e,e,e,e,e,e,e,e,e,e,e
6.96,6.74,6.53,6.39,6.24,6.14,6.04,5.92,5.84,5.81,5.76,5.68,5.58,5.46,5.38,5.29,5.19,5.10,5.03,5.00,5.00,5.00,5.00,5.00,5.00,5.00,5.00,5.05,5.10,5.10,5.10,5.10,5.10,5.10,5.10,5.10,5.10,5.10,5.10,5.10,5.10,5.07,5.02,5.03,5.08,5.10,5.10,5.13,5.18,5.20,5.19,5.17,5.11,5.10,5.07,5.02,5.02,5.02,5.06,5.10,5.13,5.21,5.27,5.29,5.25,5.13,5.10,5.10,5.10,5.10,5.10,5.10,5.10,5.10,5.12,5.17,5.20,5.22,5.29,5.30,5.30,5.33,5.39,5.40,5.46,5.47,5.40,5.29,5.20,5.08,4.93,4.78,4.68,4.59,4.56,4.61,4.69,4.71,4.75,4.82,5.07,6.74,9.03,11.93,15.62,19.14,21.31,23.01,24.14,23.28,21.73,19.91,17.97,16.11,15.30,16.28,18.02,20.08,23.19,26.47,29.08,30.68,31.10,30.77,29.92,28.44,26.03,23.14,20.56,18.43,16.81,15.68,16.07,16.45,16.69,17.44,18.74,20.71,22.82,24.33,24.18,23.17,22.01,20.87,19.75,19.96,19.32,16.28,10.60,9.66,9.40,9.11,8.75,8.25,7.61,6.95,6.32,5.71,5.09,4.63,4.45,4.61,4.76,4.88,5.05,5.31,5.61,5.41,5.00,4.64,4.53,4.27,4.18,4.33,4.88,6.13,8.29,10.77,12.71,12.66,11.12,9.42,7.48,5.30,4.35,3.52,2.81,2.27,1.84,1.38,1.13,1.17,1.52,1.52,1.44,1.17,0.73,e,e,e,e,e,e,e,e,e,e,e,e,e,e,e,e,e,e,e,e,e,e,e,e,e,e,e,e,e,e,e,e,e,e,e,e,e,e,e,e,e,e,e,e,e,e,e,e,e,e,e,e,e,e,e,e,e,e,e
6.87,6.67,6.48,6.39,6.24,6.14,6.06,5.97,5.90,5.83,5.75,5.66,5.53,5.49,5.43,5.33,5.19,5.05,5.01,5.00,5.00,5.00,5.00,5.00,5.00,5.00,5.00,5.05,5.10,5.10,5.10,5.10,5.10,5.10,5.10,5.10,5.10,5.10,5.10,5.10,5.10,5.09,5.08,5.08,5.10,5.10,5.12,5.18,5.20,5.20,5.17,5.12,5.10,5.10,5.09,5.08,5.08,5.08,5.09,5.13,5.19,5.26,5.29,5.27,5.20,5.12,5.10,5.10,5.10,5.10,5.10,5.10,5.10,5.11,5.17,5.19,5.20,5.22,5.29,5.30,5.30,5.33,5.39,5.40,5.46,5.50,5.48,5.46,5.39,5.27,5.12,4.96,4.82,4.72,4.66,4.62,4.69,4.75,4.79,4.82,5.06,6.65,8.91,11.76,15.34,18.88,21.13,22.93,24.23,23.78,22.31,20.52,18.65,16.91,16.13,17.12,18.97,21.38,24.99,28.50,31.30,33.14,33.79,33.46,32.23,30.28,27.68,24.73,21.71,19.33,17.87,16.98,17.61,18.32,18.89,19.74,20.73,22.15,23.83,25.33,25.55,24.68,23.62,22.76,22.22,21.96,20.73,17.08,10.74,9.67,9.32,8.87,8.29,7.70,7.08,6.42,5.75,5.13,4.51,3.93,3.63,3.78,3.94,4.28,4.68,4.95,4.75,3.85,3.10,2.90,3.29,3.16,3.06,3.17,3.60,4.47,6.04,8.37,10.85,12.27,12.23,10.76,8.51,6.13,4.67,3.75,3.02,2.34,1.63,0.92,0.43,0.26,e,e,e,e,e,e,e,e,e,e,e,e,e,e,e,e,e,e,e,e,e,e,e,e,e,e,e,e,e,e,e,e,e,e,e,e,e,e,e,e,e,e,e,e,e,e,e,e,e,e,e,e,e,e,e,e,e,e,e,e,e,e,e,e
6.74,6.61,6.47,6.39,6.24,6.14,6.05,5.94,5.86,5.75,5.65,5.57,5.46,5.41,5.37,5.31,5.19,5.08,5.02,5.00,5.00,5.00,5.00,5.00,5.00,5.00,5.00,5.05,5.10,5.10,5.10,5.10,5.10,5.10,5.10,5.10,5.10,5.10,5.10,5.10,5.10,5.10,5.10,5.10,5.10,5.10,5.12,5.19,5.20,5.20,5.17,5.11,5.10,5.10,5.10,5.10,5.10,5.10,5.10,5.13,5.21,5.28,5.30,5.26,5.19,5.12,5.10,5.10,5.10,5.10,5.10,5.10,5.10,5.12,5.19,5.20,5.22,5.26,5.29,5.30,5.32,5.37,5.39,5.40,5.46,5.50,5.50,5.50,5.46,5.38,5.27,5.15,5.00,4.90,4.81,4.70,4.66,4.71,4.79,4.86,5.08,6.84,9.23,12.04,15.36,18.67,20.98,22.88,24.33,24.35,22.91,21.09,19.24,17.56,17.02,18.04,20.15,23.20,26.98,30.54,33.46,35.53,36.43,36.18,34.65,32.14,28.92,25.88,22.79,20.33,18.87,18.09,18.86,20.03,21.20,22.34,23.30,24.51,25.89,27.06,27.11,26.42,25.55,24.77,24.11,22.49,19.88,15.83,10.54,9.47,8.97,8.40,7.75,7.13,6.51,5.88,5.22,4.56,3.94,3.32,2.96,3.01,3.17,3.59,3.64,3.15,2.45,3.02,2.67,2.50,2.88,1.93,1.81,2.02,2.52,3.32,4.31,6.13,8.63,11.00,12.04,11.40,9.68,7.35,5.11,4.00,3.24,2.50,1.73,0.96,0.46,0.00,e,e,e,e,e,e,e,e,e,e,e,e,e,e,e,e,e,e,e,e,e,e,e,e,e,e,e,e,e,e,e,e,e,e,e,e,e,e,e,e,e,e,e,e,e,e,e,e,e,e,e,e,e,e,e,e,e,e,e,e,e,e,e,e
6.62,6.54,6.46,6.38,6.22,6.12,6.01,5.88,5.78,5.65,5.54,5.45,5.38,5.31,5.28,5.25,5.18,5.12,5.04,5.00,5.00,5.00,5.00,5.00,5.00,5.00,5.01,5.06,5.10,5.10,5.10,5.10,5.10,5.10,5.10,5.10,5.10,5.10,5.10,5.10,5.10,5.10,5.10,5.10,5.10,5.11,5.13,5.19,5.20,5.19,5.16,5.11,5.10,5.10,5.10,5.10,5.10,5.10,5.11,5.15,5.22,5.28,5.29,5.25,5.18,5.11,5.10,5.10,5.10,5.10,5.10,5.10,5.10,5.13,5.19,5.20,5.24,5.30,5.30,5.30,5.35,5.40,5.40,5.41,5.47,5.50,5.50,5.50,5.50,5.45,5.38,5.30,5.17,5.07,4.97,4.83,4.68,4.68,4.78,4.88,5.10,7.04,9.53,12.28,15.34,18.38,20.71,22.70,24.32,24.90,23.62,21.79,19.90,18.22,17.87,19.00,21.47,25.17,28.98,32.52,35.55,37.81,38.79,38.61,36.78,33.68,29.85,26.77,23.86,21.55,20.11,19.40,20.25,21.76,23.41,24.84,25.93,27.06,28.17,28.91,28.68,28.08,27.39,26.66,25.69,22.75,18.87,14.47,10.24,9.08,8.45,7.81,7.15,6.54,5.94,5.32,4.69,4.01,3.37,2.75,2.32,2.25,2.42,2.94,2.70,1.45,0.26,e,e,e,e,0.72,0.83,1.15,1.74,2.55,2.86,4.08,6.36,9.21,11.22,11.63,10.71,8.59,5.73,4.34,3.49,2.71,1.92,1.13,0.81,e,e,e,e,e,e,e,e,e,e,e,e,e,e,e,e,e,e,e,e,e,e,e,e,e,e,e,e,e,e,e,e,e,e,e,e,e,e,e,e,e,e,e,e,e,e,e,e,e,e,e,e,e,e,e,e,e,e,e,e,e,e,e,e,e
6.58,6.48,6.39,6.31,6.17,6.02,5.90,5.80,5.67,5.56,5.45,5.32,5.25,5.23,5.18,5.14,5.12,5.10,5.04,5.00,5.00,5.00,5.00,5.00,5.00,5.01,5.06,5.09,5.10,5.10,5.10,5.10,5.10,5.10,5.10,5.10,5.10,5.10,5.10,5.10,5.10,5.10,5.10,5.10,5.10,5.14,5.18,5.20,5.20,5.16,5.12,5.10,5.10,5.10,5.10,5.10,5.10,5.10,5.14,5.21,5.28,5.30,5.26,5.19,5.12,5.10,5.10,5.10,5.10,5.10,5.10,5.10,5.13,5.18,5.20,5.20,5.24,5.30,5.30,5.30,5.35,5.40,5.41,5.46,5.49,5.50,5.50,5.50,5.50,5.46,5.39,5.37,5.28,5.20,5.12,5.01,4.86,4.75,4.75,4.83,5.09,7.00,9.38,11.98,14.88,17.73,20.05,22.09,23.94,25.33,24.62,22.88,20.80,18.99,18.54,20.01,23.01,27.15,30.91,34.35,37.48,39.84,40.31,40.16,37.90,34.21,30.22,27.25,24.99,23.31,22.17,21.44,22.32,23.72,25.22,26.79,28.23,29.35,30.14,30.46,30.10,29.34,28.64,28.00,26.79,23.55,19.45,14.75,9.93,8.31,7.59,7.03,6.46,5.90,5.34,4.75,4.13,3.48,2.81,2.18,1.67,1.46,1.75,1.99,e,e,e,e,e,e,e,e,e,e,e,e,1.38,2.40,4.36,6.62,9.70,11.22,11.12,9.51,6.77,4.96,3.78,2.95,2.11,1.23,0.88,e,e,e,e,e,e,e,e,e,e,e,e,e,e,e,e,e,e,e,e,e,e,e,e,e,e,e,e,e,e,e,e,e,e,e,e,e,e,e,e,e,e,e,e,e,e,e,e,e,e,e,e,e,e,e,e,e,e,e,e,e,e,e,e,e
6.55,6.44,6.33,6.25,6.13,5.99,5.85,5.73,5.59,5.50,5.38,5.24,5.17,5.13,5.08,5.05,5.05,5.05,5.02,5.00,5.00,5.00,5.00,5.00,5.00,5.01,5.08,5.10,5.10,5.10,5.10,5.10,5.10,5.11,5.13,5.11,5.10,5.10,5.10,5.10,5.10,5.10,5.10,5.10,5.13,5.17,5.20,5.20,5.20,5.14,5.10,5.10,5.10,5.10,5.10,5.10,5.10,5.13,5.17,5.23,5.29,5.30,5.24,5.18,5.14,5.14,5.14,5.14,5.14,5.14,5.14,5.14,5.16,5.20,5.20,5.20,5.24,5.30,5.30,5.33,5.37,5.40,5.41,5.48,5.50,5.50,5.50,5.50,5.50,5.46,5.40,5.39,5.36,5.29,5.22,5.17,5.05,4.90,4.81,4.82,5.06,6.68,8.84,11.28,13.96,16.59,18.91,21.04,23.04,24.96,25.29,23.96,21.71,19.73,19.20,21.11,24.55,28.72,32.28,35.52,38.46,40.61,40.88,40.79,39.02,35.76,31.59,28.49,26.69,25.43,24.49,24.02,25.21,26.53,27.61,28.65,29.68,30.64,31.42,31.91,32.01,31.36,30.62,29.80,28.17,24.59,19.89,14.61,9.58,7.83,6.86,6.12,5.55,5.01,4.50,3.95,3.36,2.77,2.14,1.54,1.16,1.19,1.51,1.60,e,e,e,e,e,e,e,e,e,e,e,e,0.80,1.72,2.77,4.66,7.42,9.82,10.89,9.86,7.38,5.18,3.68,2.77,1.85,0.90,0.53,e,e,e,e,e,e,e,e,e,e,e,e,e,e,e,e,e,e,e,e,e,e,e,e,e,e,e,e,e,e,e,e,e,e,e,e,e,e,e,e,e,e,e,e,e,e,e,e,e,e,e,e,e,e,e,e,e,e,e,e,e,e,e,e,e
6.52,6.40,6.28,6.20,6.11,5.98,5.83,5.69,5.53,5.44,5.32,5.18,5.10,5.04,5.01,5.00,5.00,5.00,5.00,5.00,5.00,5.00,5.00,5.00,5.00,5.01,5.08,5.10,5.10,5.10,5.10,5.10,5.10,5.12,5.18,5.13,5.10,5.10,5.10,5.10,5.10,5.10,5.10,5.12,5.17,5.20,5.20,5.20,5.19,5.14,5.10,5.10,5.10,5.10,5.10,5.11,5.12,5.17,5.20,5.24,5.29,5.29,5.24,5.20,5.20,5.20,5.20,5.20,5.20,5.20,5.20,5.20,5.20,5.20,5.20,5.21,5.25,5.30,5.30,5.37,5.40,5.40,5.42,5.48,5.50,5.50,5.51,5.50,5.50,5.46,5.40,5.40,5.39,5.34,5.29,5.28,5.20,5.07,4.94,4.85,5.01,6.15,8.02,10.29,12.76,15.18,17.53,19.76,21.93,24.18,25.70,24.97,22.70,20.62,20.03,22.19,25.83,29.85,33.18,36.20,38.85,40.71,40.94,40.93,40.08,37.76,33.63,30.31,28.65,27.62,26.90,26.86,28.26,29.41,29.99,30.27,30.59,31.31,32.19,33.04,33.84,33.55,32.75,31.58,29.48,25.45,19.77,13.76,9.15,7.49,6.23,5.22,4.57,4.01,3.52,3.00,2.46,1.93,1.50,0.99,0.66,e,e,e,e,e,e,e,e,e,e,e,e,e,e,e,e,1.12,1.55,3.21,5.02,7.81,9.81,9.38,7.34,5.05,3.36,2.34,1.35,0.43,0.04,e,e,e,e,e,e,e,e,e,e,e,e,e,e,e,e,e,e,e,e,e,e,e,e,e,e,e,e,e,e,e,e,e,e,e,e,e,e,e,e,e,e,e,e,e,e,e,e,e,e,e,e,e,e,e,e,e,e,e,e,e,e,e,e,e
6.46,6.37,6.26,6.14,6.05,5.96,5.83,5.68,5.53,5.44,5.31,5.17,5.05,5.01,5.00,5.00,5.00,5.00,5.00,5.00,5.00,5.00,5.00,5.00,5.00,5.01,5.08,5.10,5.10,5.10,5.10,5.10,5.10,5.12,5.19,5.18,5.14,5.10,5.10,5.10,5.10,5.10,5.11,5.16,5.19,5.20,5.20,5.19,5.15,5.11,5.10,5.10,5.10,5.10,5.13,5.17,5.17,5.19,5.24,5.28,5.29,5.25,5.21,5.20,5.20,5.20,5.20,5.20,5.20,5.20,5.20,5.20,5.20,5.20,5.20,5.24,5.28,5.30,5.30,5.37,5.40,5.42,5.47,5.49,5.50,5.52,5.56,5.51,5.50,5.46,5.40,5.39,5.35,5.31,5.30,5.29,5.21,5.16,5.09,4.99,4.95,5.32,6.83,9.01,11.33,13.71,16.13,18.55,20.97,23.43,25.70,25.79,24.16,22.32,21.64,22.99,25.95,29.96,33.26,36.23,38.87,40.76,40.92,41.01,40.68,39.32,36.29,32.86,30.44,29.25,29.20,29.57,30.14,30.66,30.99,31.05,31.05,31.57,32.27,32.99,34.19,34.63,33.89,32.15,29.84,25.00,17.54,10.84,8.49,7.11,5.86,4.69,3.73,3.06,2.52,1.99,1.45,0.98,e,e,e,e,e,e,e,e,e,e,e,e,e,e,e,e,e,e,e,0.61,1.02,2.55,3.81,5.30,6.43,6.50,5.55,4.25,2.96,1.78,0.83,e,e,e,e,e,e,e,e,e,e,e,e,e,e,e,e,e,e,e,e,e,e,e,e,e,e,e,e,e,e,e,e,e,e,e,e,e,e,e,e,e,e,e,e,e,e,e,e,e,e,e,e,e,e,e,e,e,e,e,e,e,e,e,e,e,e,e
6.38,6.30,6.23,6.10,6.00,5.91,5.81,5.68,5.55,5.45,5.31,5.16,5.02,5.00,5.00,5.00,5.00,5.00,5.00,5.00,5.00,5.00,5.00,5.00,5.00,5.01,5.08,5.10,5.10,5.10,5.10,5.10,5.10,5.12,5.19,5.20,5.16,5.13,5.10,5.10,5.12,5.13,5.14,5.19,5.20,5.20,5.20,5.19,5.15,5.13,5.13,5.13,5.13,5.13,5.16,5.20,5.20,5.20,5.25,5.30,5.29,5.22,5.20,5.20,5.20,5.20,5.20,5.20,5.20,5.20,5.20,5.20,5.20,5.20,5.21,5.26,5.30,5.31,5.33,5.38,5.40,5.43,5.49,5.50,5.50,5.54,5.58,5.52,5.50,5.46,5.40,5.39,5.32,5.30,5.30,5.29,5.21,5.20,5.16,5.08,4.98,4.94,5.92,7.71,10.01,12.44,14.94,17.46,19.99,22.55,25.18,26.33,25.88,24.34,23.60,24.36,26.56,29.99,33.12,35.88,38.41,40.38,40.86,41.05,40.98,40.34,38.61,36.10,34.16,33.10,32.89,32.77,32.42,32.11,31.86,31.60,31.32,31.54,32.05,32.78,33.83,34.34,33.75,31.97,28.87,22.38,14.73,9.00,7.76,6.50,5.30,4.13,3.06,2.21,1.57,1.22,0.95,0.47,e,e,e,e,e,e,e,e,e,e,e,e,e,e,e,e,e,e,e,0.27,0.58,1.77,2.74,3.46,3.94,4.12,3.91,3.05,2.05,1.21,0.56,e,e,e,e,e,e,e,e,e,e,e,e,e,e,e,e,e,e,e,e,e,e,e,e,e,e,e,e,e,e,e,e,e,e,e,e,e,e,e,e,e,e,e,e,e,e,e,e,e,e,e,e,e,e,e,e,e,e,e,e,e,e,e,e,e,e,e
6.30,6.21,6.16,6.06,5.93,5.84,5.76,5.68,5.59,5.46,5.31,5.16,5.03,5.00,5.00,5.00,5.00,5.00,5.00,5.00,5.00,5.00,5.00,5.00,5.00,5.01,5.08,5.10,5.10,5.10,5.10,5.10,5.10,5.13,5.19,5.20,5.20,5.17,5.11,5.10,5.15,5.19,5.19,5.20,5.21,5.20,5.20,5.20,5.19,5.19,5.19,5.19,5.19,5.19,5.19,5.20,5.20,5.21,5.25,5.30,5.29,5.22,5.20,5.20,5.20,5.20,5.20,5.20,5.20,5.20,5.20,5.20,5.20,5.20,5.21,5.26,5.30,5.32,5.38,5.40,5.40,5.43,5.49,5.50,5.50,5.54,5.58,5.52,5.50,5.46,5.40,5.39,5.32,5.30,5.30,5.29,5.21,5.20,5.16,5.10,5.08,5.02,5.37,6.53,8.82,11.34,13.93,16.48,18.98,21.53,24.17,26.43,27.51,26.41,25.76,26.29,27.77,30.08,32.87,35.28,37.59,39.66,40.79,41.07,41.05,40.86,40.38,39.60,39.20,38.60,37.52,36.24,35.05,33.83,32.69,31.94,31.39,31.24,31.59,32.41,32.89,32.88,32.46,30.95,26.41,17.93,11.71,8.38,7.03,5.71,4.54,3.49,2.51,1.50,0.74,0.46,e,e,e,e,e,e,e,e,e,e,e,e,e,e,e,e,e,e,e,e,e,0.04,0.20,0.87,1.76,2.34,2.54,2.47,2.59,1.65,0.83,0.61,e,e,e,e,e,e,e,e,e,e,e,e,e,e,e,e,e,e,e,e,e,e,e,e,e,e,e,e,e,e,e,e,e,e,e,e,e,e,e,e,e,e,e,e,e,e,e,e,e,e,e,e,e,e,e,e,e,e,e,e,e,e,e,e,e,e,e,e
6.27,6.12,5.98,5.87,5.80,5.72,5.65,5.57,5.49,5.39,5.28,5.17,5.07,5.02,5.00,5.00,5.00,5.00,5.00,5.00,5.00,5.00,5.00,5.00,5.01,5.06,5.09,5.10,5.10,5.10,5.10,5.10,5.13,5.17,5.20,5.20,5.20,5.19,5.16,5.16,5.19,5.20,5.20,5.20,5.24,5.23,5.20,5.20,5.20,5.20,5.20,5.20,5.20,5.20,5.20,5.20,5.21,5.24,5.28,5.28,5.24,5.21,5.20,5.20,5.20,5.20,5.20,5.20,5.20,5.20,5.20,5.20,5.20,5.21,5.25,5.29,5.30,5.32,5.39,5.40,5.40,5.43,5.49,5.50,5.54,5.56,5.54,5.51,5.50,5.46,5.40,5.39,5.32,5.30,5.30,5.29,5.21,5.20,5.16,5.10,5.09,5.03,5.12,5.82,7.68,10.27,12.88,15.43,17.96,20.50,22.95,25.12,26.71,27.24,27.67,28.21,29.04,30.45,32.75,34.99,37.20,39.27,40.70,41.10,41.17,41.13,40.96,40.63,40.44,40.12,39.45,38.28,36.72,34.92,33.10,31.61,30.93,30.77,30.95,31.34,31.42,31.33,30.58,27.98,21.25,14.04,9.80,7.76,6.42,5.05,3.80,2.60,1.64,1.32,0.60,0.30,e,e,e,e,e,e,e,e,e,e,e,e,e,e,e,e,e,e,e,e,e,0.00,0.14,0.73,1.60,1.58,1.29,1.04,1.22,1.08,0.63,0.51,e,e,e,e,e,e,e,e,e,e,e,e,e,e,e,e,e,e,e,e,e,e,e,e,e,e,e,e,e,e,e,e,e,e,e,e,e,e,e,e,e,e,e,e,e,e,e,e,e,e,e,e,e,e,e,e,e,e,e,e,e,e,e,e,e,e,e,e
6.25,6.06,5.85,5.69,5.62,5.55,5.48,5.42,5.34,5.28,5.22,5.16,5.08,5.02,5.00,5.00,5.00,5.00,5.00,5.00,5.00,5.00,5.00,5.01,5.04,5.09,5.10,5.10,5.10,5.10,5.10,5.10,5.14,5.20,5.20,5.20,5.20,5.20,5.20,5.20,5.20,5.20,5.20,5.21,5.25,5.24,5.20,5.20,5.20,5.20,5.20,5.20,5.20,5.20,5.20,5.20,5.21,5.27,5.30,5.27,5.21,5.20,5.20,5.20,5.20,5.20,5.20,5.20,5.21,5.22,5.22,5.22,5.22,5.24,5.29,5.30,5.31,5.34,5.39,5.40,5.41,5.44,5.50,5.50,5.56,5.56,5.50,5.50,5.50,5.46,5.40,5.39,5.32,5.30,5.29,5.26,5.21,5.20,5.16,5.10,5.09,5.03,5.00,5.34,6.57,8.96,11.49,14.03,16.58,19.09,21.44,23.42,25.17,26.84,28.18,29.07,29.91,31.11,33.06,35.14,37.27,39.29,40.72,41.16,41.29,41.30,41.20,40.98,40.77,40.47,39.93,38.80,37.05,34.97,32.78,30.84,29.88,29.55,29.48,29.47,29.28,29.13,27.79,24.07,16.66,11.11,8.30,6.92,5.60,4.23,2.90,1.79,0.96,e,e,e,e,e,e,e,e,e,e,e,e,e,e,e,e,e,e,e,e,e,e,e,e,e,e,e,e,0.70,0.53,0.18,0.34,0.40,e,e,e,e,e,e,e,e,e,e,e,e,e,e,e,e,e,e,e,e,e,e,e,e,e,e,e,e,e,e,e,e,e,e,e,e,e,e,e,e,e,e,e,e,e,e,e,e,e,e,e,e,e,e,e,e,e,e,e,e,e,e,e,e,e,e,e,e,e,e
6.23,6.06,5.83,5.61,5.41,5.30,5.25,5.23,5.15,5.13,5.12,5.09,5.02,5.00,5.00,5.00,5.00,5.00,5.00,5.00,5.00,5.00,5.00,5.04,5.09,5.10,5.10,5.10,5.10,5.10,5.10,5.10,5.14,5.20,5.20,5.20,5.20,5.20,5.20,5.20,5.20,5.20,5.20,5.20,5.21,5.21,5.20,5.20,5.20,5.20,5.20,5.20,5.20,5.20,5.20,5.20,5.21,5.27,5.30,5.27,5.21,5.20,5.20,5.20,5.20,5.20,5.20,5.20,5.22,5.28,5.29,5.29,5.29,5.29,5.30,5.30,5.33,5.39,5.40,5.40,5.44,5.49,5.50,5.50,5.56,5.56,5.50,5.50,5.50,5.45,5.40,5.39,5.32,5.30,5.27,5.22,5.20,5.20,5.16,5.10,5.09,5.03,5.00,5.06,5.50,7.22,9.54,12.05,14.57,17.05,19.50,21.52,23.20,24.79,26.43,28.17,30.07,32.12,34.03,35.93,37.97,39.88,40.92,41.29,41.38,41.36,41.26,41.03,40.84,40.19,38.88,37.22,35.45,33.45,31.37,29.52,28.04,27.14,26.68,26.51,26.18,25.89,23.72,19.36,13.98,9.61,7.13,5.72,4.39,3.07,1.78,1.04,e,e,e,e,e,e,e,e,e,e,e,e,e,e,e,e,e,e,e,e,e,e,e,e,e,e,e,e,e,e,e,e,e,e,e,e,e,e,e,e,e,e,e,e,e,e,e,e,e,e,e,e,e,e,e,e,e,e,e,e,e,e,e,e,e,e,e,e,e,e,e,e,e,e,e,e,e,e,e,e,e,e,e,e,e,e,e,e,e,e,e,e,e,e,e,e,e,e,e,e,e,e,e,e
6.23,6.06,5.82,5.59,5.32,5.14,5.04,5.04,5.01,5.00,5.00,4.99,4.96,4.99,5.00,5.00,5.00,5.00,5.00,5.00,5.00,5.00,5.00,5.05,5.10,5.10,5.10,5.10,5.10,5.10,5.10,5.10,5.14,5.20,5.20,5.20,5.20,5.20,5.20,5.20,5.20,5.20,5.21,5.24,5.21,5.20,5.20,5.20,5.20,5.20,5.20,5.20,5.20,5.20,5.22,5.25,5.26,5.33,5.32,5.29,5.25,5.25,5.25,5.25,5.25,5.25,5.25,5.25,5.26,5.29,5.30,5.30,5.30,5.30,5.30,5.30,5.34,5.40,5.40,5.40,5.45,5.50,5.51,5.54,5.58,5.56,5.50,5.50,5.46,5.42,5.40,5.39,5.32,5.30,5.27,5.21,5.20,5.20,5.16,5.10,5.09,5.03,5.00,5.01,5.18,5.96,7.62,9.69,11.96,14.39,16.88,19.02,20.83,22.62,24.93,27.37,29.87,32.37,34.46,36.45,38.54,40.41,41.14,41.39,41.45,41.41,41.23,40.73,40.15,39.02,37.13,34.86,32.97,31.36,29.72,27.74,25.93,24.46,23.51,23.17,22.89,22.44,20.54,16.92,12.25,8.62,6.38,4.81,3.21,1.79,1.21,0.80,e,e,e,e,e,e,e,e,e,e,e,e,e,e,e,e,e,e,e,e,e,e,e,e,e,e,e,e,e,e,e,e,e,e,e,e,e,e,e,e,e,e,e,e,e,e,e,e,e,e,e,e,e,e,e,e,e,e,e,e,e,e,e,e,e,e,e,e,e,e,e,e,e,e,e,e,e,e,e,e,e,e,e,e,e,e,e,e,e,e,e,e,e,e,e,e,e,e,e,e,e,e,e,e
6.21,6.05,5.82,5.58,5.29,5.03,4.90,4.90,4.90,4.90,4.90,4.90,4.91,4.97,5.00,5.00,5.00,5.00,5.00,5.00,5.00,5.00,5.01,5.06,5.10,5.10,5.10,5.10,5.10,5.10,5.10,5.11,5.15,5.20,5.20,5.20,5.20,5.20,5.20,5.20,5.20,5.21,5.23,5.28,5.24,5.21,5.21,5.21,5.21,5.21,5.21,5.21,5.21,5.21,5.25,5.30,5.30,5.36,5.34,5.30,5.30,5.30,5.30,5.30,5.30,5.30,5.30,5.30,5.30,5.30,5.30,5.30,5.30,5.30,5.30,5.31,5.35,5.40,5.40,5.41,5.46,5.50,5.51,5.58,5.60,5.56,5.50,5.50,5.43,5.40,5.40,5.39,5.32,5.30,5.27,5.21,5.20,5.19,5.15,5.10,5.09,5.03,5.01,5.05,5.13,5.16,6.04,7.48,9.33,11.61,14.04,16.29,18.32,20.40,23.28,26.39,29.46,32.28,34.57,36.73,38.93,40.77,41.30,41.47,41.48,41.36,40.90,39.86,38.78,37.19,34.89,32.35,30.52,29.32,28.12,26.04,24.02,22.15,20.81,20.21,19.67,18.97,17.49,14.83,10.75,7.66,5.50,3.86,2.30,0.80,0.42,e,e,e,e,e,e,e,e,e,e,e,e,e,e,e,e,e,e,e,e,e,e,e,e,e,e,e,e,e,e,e,e,e,e,e,e,e,e,e,e,e,e,e,e,e,e,e,e,e,e,e,e,e,e,e,e,e,e,e,e,e,e,e,e,e,e,e,e,e,e,e,e,e,e,e,e,e,e,e,e,e,e,e,e,e,e,e,e,e,e,e,e,e,e,e,e,e,e,e,e,e,e,e,e,e
6.16,6.02,5.82,5.58,5.29,5.03,4.90,4.90,4.90,4.90,4.90,4.90,4.91,4.97,5.00,5.00,5.00,5.00,5.00,5.00,5.00,5.00,5.05,5.09,5.10,5.10,5.10,5.10,5.10,5.10,5.10,5.15,5.19,5.20,5.20,5.20,5.20,5.20,5.20,5.20,5.20,5.23,5.28,5.30,5.29,5.27,5.27,5.27,5.27,5.27,5.27,5.27,5.27,5.27,5.29,5.30,5.30,5.31,5.31,5.30,5.30,5.30,5.30,5.30,5.30,5.30,5.30,5.30,5.30,5.30,5.30,5.30,5.30,5.30,5.30,5.35,5.39,5.40,5.41,5.46,5.49,5.50,5.51,5.58,5.60,5.56,5.50,5.50,5.43,5.40,5.40,5.39,5.32,5.30,5.27,5.21,5.20,5.15,5.11,5.10,5.09,5.03,5.04,5.13,5.25,5.32,5.52,6.08,7.23,9.06,11.13,13.40,15.76,18.15,20.88,24.77,28.73,31.87,34.20,36.55,38.87,40.71,41.25,41.45,41.42,40.97,39.68,37.56,35.97,34.11,31.80,30.15,28.94,27.97,26.87,25.03,23.00,21.24,19.91,18.80,16.83,15.63,14.02,11.66,9.08,6.31,3.87,2.34,e,e,e,e,e,e,e,e,e,e,e,e,e,e,e,e,e,e,e,e,e,e,e,e,e,e,e,e,e,e,e,e,e,e,e,e,e,e,e,e,e,e,e,e,e,e,e,e,e,e,e,e,e,e,e,e,e,e,e,e,e,e,e,e,e,e,e,e,e,e,e,e,e,e,e,e,e,e,e,e,e,e,e,e,e,e,e,e,e,e,e,e,e,e,e,e,e,e,e,e,e,e,e,e,e,e,e,e
6.13,6.00,5.82,5.59,5.32,5.05,4.90,4.90,4.90,4.90,4.90,4.90,4.91,4.94,4.98,5.00,5.00,5.00,5.02,5.04,5.04,5.04,5.08,5.10,5.10,5.10,5.10,5.10,5.10,5.11,5.14,5.18,5.20,5.20,5.20,5.20,5.20,5.20,5.20,5.20,5.20,5.24,5.29,5.30,5.30,5.30,5.30,5.30,5.30,5.30,5.30,5.30,5.30,5.30,5.30,5.31,5.33,5.31,5.30,5.30,5.30,5.30,5.30,5.30,5.30,5.30,5.30,5.30,5.30,5.30,5.30,5.30,5.30,5.30,5.30,5.36,5.40,5.40,5.41,5.47,5.50,5.51,5.54,5.59,5.60,5.56,5.50,5.50,5.43,5.40,5.39,5.36,5.31,5.30,5.27,5.21,5.20,5.14,5.10,5.10,5.10,5.09,5.13,5.23,5.35,5.46,5.45,5.60,6.10,7.18,8.95,11.20,13.71,16.33,19.05,23.13,27.60,31.44,34.06,36.56,38.91,40.72,41.19,41.37,41.10,40.10,38.06,35.48,33.39,31.53,29.84,28.73,27.80,26.95,26.01,24.68,23.01,21.56,20.36,18.99,16.20,13.83,11.75,9.69,7.27,4.58,2.99,1.70,e,e,e,e,e,e,e,e,e,e,e,e,e,e,e,e,e,e,e,e,e,e,e,e,e,e,e,e,e,e,e,e,e,e,e,e,e,e,e,e,e,e,e,e,e,e,e,e,e,e,e,e,e,e,e,e,e,e,e,e,e,e,e,e,e,e,e,e,e,e,e,e,e,e,e,e,e,e,e,e,e,e,e,e,e,e,e,e,e,e,e,e,e,e,e,e,e,e,e,e,e,e,e,e,e,e,e,e
6.12,6.00,5.82,5.60,5.36,5.08,4.91,4.90,4.90,4.90,4.90,4.90,4.90,4.91,4.95,5.00,5.00,5.00,5.05,5.09,5.09,5.09,5.10,5.10,5.10,5.10,5.10,5.10,5.10,5.12,5.18,5.20,5.20,5.20,5.20,5.20,5.20,5.20,5.20,5.20,5.20,5.24,5.29,5.30,5.30,5.30,5.30,5.30,5.30,5.30,5.30,5.30,5.30,5.30,5.30,5.31,5.37,5.32,5.30,5.30,5.30,5.30,5.30,5.30,5.30,5.30,5.30,5.30,5.30,5.30,5.30,5.31,5.31,5.31,5.31,5.37,5.40,5.40,5.42,5.47,5.50,5.53,5.59,5.60,5.60,5.56,5.50,5.50,5.43,5.40,5.38,5.32,5.30,5.30,5.27,5.21,5.20,5.14,5.10,5.10,5.12,5.17,5.25,5.34,5.43,5.57,5.61,5.59,5.60,5.90,7.33,9.48,12.03,14.79,17.56,21.46,26.11,30.77,33.82,36.48,38.86,40.63,41.00,41.01,40.34,38.81,36.22,33.55,31.18,29.50,28.59,27.78,26.93,26.13,25.36,24.55,23.38,22.27,21.17,19.59,16.32,12.64,10.01,8.20,5.51,2.88,1.88,e,e,e,e,e,e,e,e,e,e,e,e,e,e,e,e,e,e,e,e,e,e,e,e,e,e,e,e,e,e,e,e,e,e,e,e,e,e,e,e,e,e,e,e,e,e,e,e,e,e,e,e,e,e,e,e,e,e,e,e,e,e,e,e,e,e,e,e,e,e,e,e,e,e,e,e,e,e,e,e,e,e,e,e,e,e,e,e,e,e,e,e,e,e,e,e,e,e,e,e,e,e,e,e,e,e,e,e,e
6.06,5.93,5.77,5.59,5.36,5.11,4.95,4.90,4.90,4.90,4.90,4.90,4.90,4.90,4.95,5.00,5.00,5.00,5.02,5.06,5.10,5.10,5.10,5.10,5.10,5.10,5.10,5.10,5.12,5.17,5.20,5.20,5.20,5.20,5.20,5.20,5.20,5.20,5.20,5.20,5.20,5.24,5.29,5.30,5.30,5.30,5.30,5.30,5.30,5.30,5.30,5.30,5.30,5.30,5.30,5.31,5.32,5.31,5.30,5.30,5.30,5.30,5.30,5.30,5.30,5.30,5.30,5.30,5.30,5.30,5.30,5.34,5.37,5.37,5.37,5.39,5.40,5.41,5.46,5.49,5.50,5.53,5.59,5.60,5.60,5.56,5.50,5.50,5.43,5.40,5.38,5.31,5.30,5.30,5.27,5.21,5.20,5.14,5.10,5.11,5.17,5.24,5.35,5.46,5.54,5.65,5.71,5.70,5.65,5.75,6.52,8.31,10.82,13.55,16.32,19.59,23.92,29.13,32.62,35.55,38.12,39.96,40.18,39.53,38.36,36.67,34.35,31.79,30.00,28.77,27.89,27.11,26.27,25.47,24.71,23.99,23.06,21.99,20.62,18.47,14.71,10.66,7.82,6.14,4.26,2.18,1.39,e,e,e,e,e,e,e,e,e,e,e,e,e,e,e,e,e,e,e,e,e,e,e,e,e,e,e,e,e,e,e,e,e,e,e,e,e,e,e,e,e,e,e,e,e,e,e,e,e,e,e,e,e,e,e,e,e,e,e,e,e,e,e,e,e,e,e,e,e,e,e,e,e,e,e,e,e,e,e,e,e,e,e,e,e,e,e,e,e,e,e,e,e,e,e,e,e,e,e,e,e,e,e,e,e,e,e,e,e
6.00,5.88,5.73,5.59,5.39,5.15,4.97,4.91,4.90,4.90,4.90,4.90,4.90,4.90,4.95,5.00,5.00,5.00,5.02,5.06,5.10,5.10,5.10,5.10,5.10,5.10,5.10,5.10,5.12,5.17,5.17,5.19,5.20,5.20,5.20,5.20,5.20,5.20,5.20,5.20,5.20,5.24,5.29,5.30,5.30,5.30,5.30,5.30,5.30,5.30,5.30,5.30,5.30,5.32,5.33,5.33,5.33,5.33,5.33,5.33,5.33,5.33,5.33,5.33,5.33,5.33,5.33,5.33,5.33,5.33,5.33,5.37,5.40,5.40,5.40,5.40,5.40,5.42,5.49,5.50,5.52,5.55,5.60,5.60,5.58,5.54,5.50,5.50,5.43,5.40,5.38,5.31,5.30,5.30,5.27,5.21,5.20,5.14,5.11,5.15,5.23,5.33,5.45,5.56,5.63,5.71,5.75,5.72,5.62,5.59,6.14,7.75,10.14,12.80,15.50,18.31,22.22,27.45,31.40,34.44,37.08,39.06,39.17,37.64,35.88,34.14,32.28,30.31,29.12,28.18,27.28,26.45,25.63,24.82,24.06,23.37,22.62,21.61,19.95,17.11,12.98,9.30,6.68,4.98,3.41,1.58,0.87,e,e,e,e,e,e,e,e,e,e,e,e,e,e,e,e,e,e,e,e,e,e,e,e,e,e,e,e,e,e,e,e,e,e,e,e,e,e,e,e,e,e,e,e,e,e,e,e,e,e,e,e,e,e,e,e,e,e,e,e,e,e,e,e,e,e,e,e,e,e,e,e,e,e,e,e,e,e,e,e,e,e,e,e,e,e,e,e,e,e,e,e,e,e,e,e,e,e,e,e,e,e,e,e,e,e,e,e,e
5.93,5.80,5.67,5.57,5.42,5.17,4.97,4.91,4.90,4.90,4.90,4.90,4.90,4.90,4.95,5.00,5.00,5.00,5.05,5.09,5.10,5.10,5.10,5.10,5.10,5.10,5.10,5.10,5.10,5.11,5.11,5.17,5.20,5.20,5.20,5.20,5.20,5.20,5.20,5.20,5.20,5.24,5.29,5.30,5.30,5.30,5.30,5.30,5.30,5.30,5.30,5.30,5.31,5.36,5.39,5.39,5.39,5.39,5.39,5.39,5.39,5.39,5.39,5.39,5.39,5.39,5.39,5.39,5.39,5.39,5.39,5.39,5.40,5.40,5.40,5.40,5.40,5.42,5.49,5.50,5.54,5.59,5.60,5.60,5.55,5.51,5.50,5.50,5.43,5.40,5.38,5.31,5.30,5.30,5.27,5.21,5.20,5.14,5.14,5.21,5.30,5.44,5.54,5.63,5.70,5.76,5.73,5.63,5.48,5.38,6.11,7.74,9.98,12.52,15.06,17.63,21.10,25.88,30.30,33.29,35.89,37.97,37.98,35.55,33.21,31.44,30.15,29.11,28.36,27.59,26.68,25.78,24.98,24.16,23.37,22.74,22.11,21.22,19.29,15.72,11.42,8.61,6.52,4.69,2.88,1.03,0.30,e,e,e,e,e,e,e,e,e,e,e,e,e,e,e,e,e,e,e,e,e,e,e,e,e,e,e,e,e,e,e,e,e,e,e,e,e,e,e,e,e,e,e,e,e,e,e,e,e,e,e,e,e,e,e,e,e,e,e,e,e,e,e,e,e,e,e,e,e,e,e,e,e,e,e,e,e,e,e,e,e,e,e,e,e,e,e,e,e,e,e,e,e,e,e,e,e,e,e,e,e,e,e,e,e,e,e,e,e
5.83,5.71,5.60,5.48,5.37,5.18,5.00,4.91,4.90,4.90,4.90,4.90,4.90,4.90,4.95,5.00,5.00,5.00,5.06,5.10,5.10,5.10,5.10,5.10,5.10,5.10,5.10,5.10,5.10,5.10,5.10,5.13,5.14,5.15,5.19,5.20,5.20,5.20,5.20,5.20,5.20,5.21,5.25,5.29,5.30,5.30,5.30,5.30,5.30,5.30,5.32,5.36,5.36,5.39,5.40,5.40,5.40,5.40,5.40,5.40,5.40,5.40,5.40,5.40,5.40,5.40,5.40,5.40,5.40,5.40,5.40,5.40,5.40,5.40,5.40,5.40,5.43,5.47,5.50,5.50,5.55,5.60,5.60,5.60,5.54,5.50,5.50,5.50,5.43,5.40,5.38,5.31,5.30,5.27,5.23,5.20,5.20,5.17,5.20,5.29,5.41,5.52,5.64,5.73,5.75,5.70,5.62,5.53,5.47,5.64,6.33,7.99,10.26,12.52,14.80,17.13,20.29,24.78,29.69,32.65,35.02,36.79,36.39,33.90,31.49,29.78,28.86,28.09,27.43,26.78,26.05,25.18,24.35,23.52,22.71,22.06,21.48,20.71,18.66,14.69,10.44,7.94,6.02,4.16,2.36,1.02,0.20,e,e,e,e,e,e,e,e,e,e,e,e,e,e,e,e,e,e,e,e,e,e,e,e,e,e,e,e,e,e,e,e,e,e,e,e,e,e,e,e,e,e,e,e,e,e,e,e,e,e,e,e,e,e,e,e,e,e,e,e,e,e,e,e,e,e,e,e,e,e,e,e,e,e,e,e,e,e,e,e,e,e,e,e,e,e,e,e,e,e,e,e,e,e,e,e,e,e,e,e,e,e,e,e,e,e,e,e,e
5.73,5.63,5.52,5.39,5.29,5.17,5.02,4.91,4.90,4.90,4.90,4.90,4.90,4.90,4.95,5.00,5.00,5.00,5.06,5.10,5.10,5.10,5.10,5.10,5.10,5.10,5.10,5.10,5.10,5.10,5.10,5.10,5.10,5.11,5.17,5.20,5.20,5.20,5.20,5.20,5.20,5.20,5.21,5.29,5.30,5.30,5.30,5.30,5.30,5.30,5.33,5.39,5.40,5.40,5.40,5.40,5.40,5.40,5.40,5.40,5.40,5.40,5.40,5.40,5.40,5.40,5.40,5.40,5.40,5.40,5.40,5.40,5.40,5.40,5.40,5.40,5.44,5.50,5.50,5.50,5.55,5.60,5.60,5.60,5.54,5.50,5.50,5.47,5.42,5.40,5.38,5.31,5.30,5.25,5.20,5.20,5.20,5.23,5.29,5.38,5.51,5.61,5.71,5.77,5.74,5.61,5.51,5.43,5.41,5.70,6.61,8.41,10.70,12.78,14.83,16.95,19.79,23.96,29.21,32.11,34.28,35.83,35.14,32.77,30.42,28.70,27.82,27.12,26.48,25.89,25.30,24.52,23.71,22.88,22.07,21.39,20.80,19.94,17.87,14.04,9.88,7.38,5.45,3.58,1.81,e,e,e,e,e,e,e,e,e,e,e,e,e,e,e,e,e,e,e,e,e,e,e,e,e,e,e,e,e,e,e,e,e,e,e,e,e,e,e,e,e,e,e,e,e,e,e,e,e,e,e,e,e,e,e,e,e,e,e,e,e,e,e,e,e,e,e,e,e,e,e,e,e,e,e,e,e,e,e,e,e,e,e,e,e,e,e,e,e,e,e,e,e,e,e,e,e,e,e,e,e,e,e,e,e,e,e,e,e,e,e
5.68,5.57,5.47,5.32,5.24,5.10,4.98,4.91,4.90,4.90,4.90,4.90,4.90,4.90,4.95,5.00,5.00,5.00,5.06,5.10,5.10,5.10,5.10,5.10,5.10,5.10,5.10,5.10,5.10,5.10,5.10,5.10,5.10,5.10,5.12,5.17,5.20,5.20,5.20,5.20,5.20,5.20,5.21,5.29,5.30,5.30,5.30,5.30,5.30,5.30,5.33,5.39,5.40,5.40,5.40,5.40,5.40,5.40,5.40,5.40,5.40,5.40,5.40,5.40,5.40,5.40,5.40,5.40,5.40,5.40,5.40,5.40,5.40,5.40,5.40,5.40,5.44,5.50,5.50,5.50,5.55,5.60,5.60,5.60,5.54,5.50,5.49,5.43,5.40,5.40,5.38,5.31,5.30,5.25,5.20,5.20,5.21,5.31,5.41,5.49,5.59,5.72,5.74,5.69,5.62,5.53,5.45,5.34,5.22,5.26,6.89,9.05,11.26,13.32,15.29,17.22,19.70,23.45,28.78,31.56,33.67,35.24,34.57,32.33,30.10,28.25,26.88,26.15,25.52,24.95,24.38,23.73,23.03,22.24,21.43,20.73,20.04,18.75,16.77,13.86,9.80,7.00,4.87,3.01,1.25,e,e,e,e,e,e,e,e,e,e,e,e,e,e,e,e,e,e,e,e,e,e,e,e,e,e,e,e,e,e,e,e,e,e,e,e,e,e,e,e,e,e,e,e,e,e,e,e,e,e,e,e,e,e,e,e,e,e,e,e,e,e,e,e,e,e,e,e,e,e,e,e,e,e,e,e,e,e,e,e,e,e,e,e,e,e,e,e,e,e,e,e,e,e,e,e,e,e,e,e,e,e,e,e,e,e,e,e,e,e,e
5.64,5.55,5.45,5.31,5.22,5.12,5.00,4.91,4.90,4.90,4.90,4.90,4.90,4.90,4.93,4.96,5.00,5.00,5.06,5.10,5.10,5.10,5.10,5.10,5.10,5.10,5.10,5.10,5.10,5.10,5.10,5.10,5.10,5.10,5.11,5.14,5.18,5.20,5.20,5.20,5.20,5.20,5.21,5.29,5.30,5.30,5.30,5.30,5.30,5.30,5.32,5.35,5.39,5.40,5.40,5.40,5.40,5.40,5.40,5.40,5.40,5.40,5.40,5.40,5.40,5.40,5.40,5.40,5.40,5.40,5.40,5.40,5.42,5.45,5.46,5.46,5.47,5.50,5.50,5.54,5.58,5.60,5.60,5.60,5.54,5.50,5.48,5.41,5.40,5.40,5.38,5.31,5.30,5.28,5.23,5.22,5.29,5.40,5.51,5.62,5.69,5.74,5.70,5.63,5.54,5.43,5.34,5.24,5.13,5.16,7.05,9.34,11.50,13.46,15.33,17.18,19.52,23.00,28.11,30.99,33.11,34.56,33.83,31.77,29.73,27.94,26.38,25.29,24.57,23.98,23.43,22.82,22.17,21.49,20.73,19.78,18.64,17.13,15.31,12.98,9.62,6.64,4.28,2.61,1.18,e,e,e,e,e,e,e,e,e,e,e,e,e,e,e,e,e,e,e,e,e,e,e,e,e,e,e,e,e,e,e,e,e,e,e,e,e,e,e,e,e,e,e,e,e,e,e,e,e,e,e,e,e,e,e,e,e,e,e,e,e,e,e,e,e,e,e,e,e,e,e,e,e,e,e,e,e,e,e,e,e,e,e,e,e,e,e,e,e,e,e,e,e,e,e,e,e,e,e,e,e,e,e,e,e,e,e,e,e,e,e
5.63,5.54,5.44,5.31,5.22,5.14,5.03,4.91,4.90,4.90,4.90,4.90,4.90,4.90,4.90,4.92,4.98,5.00,5.06,5.10,5.10,5.10,5.10,5.10,5.10,5.10,5.10,5.10,5.10,5.10,5.10,5.10,5.10,5.10,5.10,5.10,5.15,5.20,5.20,5.20,5.20,5.20,5.21,5.29,5.30,5.30,5.30,5.30,5.30,5.30,5.30,5.31,5.37,5.39,5.40,5.40,5.40,5.40,5.40,5.40,5.40,5.40,5.40,5.40,5.40,5.41,5.42,5.42,5.42,5.42,5.42,5.42,5.44,5.50,5.50,5.50,5.50,5.50,5.50,5.57,5.60,5.60,5.60,5.60,5.54,5.50,5.48,5.41,5.40,5.39,5.37,5.31,5.30,5.30,5.28,5.26,5.39,5.49,5.60,5.72,5.77,5.71,5.63,5.54,5.46,5.32,5.22,5.14,5.08,5.14,6.96,9.25,11.43,13.28,15.08,16.94,19.21,22.47,27.34,30.41,32.60,33.90,33.17,31.29,29.44,27.74,26.09,24.59,23.69,23.04,22.48,21.88,21.23,20.54,19.68,18.41,16.88,15.29,13.65,11.78,9.21,6.29,3.77,2.20,e,e,e,e,e,e,e,e,e,e,e,e,e,e,e,e,e,e,e,e,e,e,e,e,e,e,e,e,e,e,e,e,e,e,e,e,e,e,e,e,e,e,e,e,e,e,e,e,e,e,e,e,e,e,e,e,e,e,e,e,e,e,e,e,e,e,e,e,e,e,e,e,e,e,e,e,e,e,e,e,e,e,e,e,e,e,e,e,e,e,e,e,e,e,e,e,e,e,e,e,e,e,e,e,e,e,e,e,e,e,e,e
5.63,5.51,5.39,5.30,5.22,5.14,5.03,4.91,4.90,4.90,4.90,4.90,4.90,4.90,4.90,4.91,4.93,4.99,5.06,5.10,5.10,5.10,5.10,5.10,5.10,5.10,5.10,5.10,5.10,5.10,5.10,5.10,5.10,5.10,5.10,5.10,5.15,5.20,5.20,5.20,5.20,5.20,5.21,5.29,5.30,5.30,5.30,5.30,5.30,5.30,5.30,5.30,5.32,5.37,5.40,5.40,5.40,5.40,5.40,5.40,5.40,5.40,5.40,5.40,5.41,5.46,5.47,5.47,5.47,5.47,5.47,5.47,5.49,5.50,5.50,5.50,5.50,5.50,5.50,5.57,5.60,5.60,5.60,5.60,5.54,5.50,5.48,5.41,5.40,5.37,5.32,5.30,5.30,5.30,5.31,5.37,5.46,5.59,5.71,5.77,5.72,5.65,5.54,5.42,5.34,5.25,5.12,5.04,5.02,5.08,6.20,8.28,10.68,12.53,14.37,16.34,18.59,21.62,26.52,29.90,32.20,33.44,32.89,31.21,29.44,27.77,26.15,24.30,23.01,22.13,21.54,20.96,20.21,19.04,17.57,16.06,14.61,13.17,11.71,10.16,8.25,5.97,3.55,1.64,e,e,e,e,e,e,e,e,e,e,e,e,e,e,e,e,e,e,e,e,e,e,e,e,e,e,e,e,e,e,e,e,e,e,e,e,e,e,e,e,e,e,e,e,e,e,e,e,e,e,e,e,e,e,e,e,e,e,e,e,e,e,e,e,e,e,e,e,e,e,e,e,e,e,e,e,e,e,e,e,e,e,e,e,e,e,e,e,e,e,e,e,e,e,e,e,e,e,e,e,e,e,e,e,e,e,e,e,e,e,e,e
5.58,5.49,5.38,5.29,5.19,5.13,5.05,4.95,4.95,4.95,4.92,4.90,4.90,4.90,4.90,4.90,4.91,4.95,5.01,5.07,5.10,5.10,5.10,5.10,5.10,5.10,5.10,5.10,5.10,5.10,5.10,5.10,5.10,5.10,5.10,5.10,5.15,5.20,5.20,5.20,5.20,5.21,5.25,5.29,5.30,5.30,5.30,5.30,5.30,5.30,5.30,5.30,5.30,5.36,5.40,5.40,5.40,5.40,5.40,5.41,5.44,5.45,5.45,5.45,5.45,5.49,5.50,5.50,5.50,5.50,5.50,5.50,5.50,5.50,5.50,5.50,5.50,5.51,5.54,5.59,5.60,5.60,5.59,5.56,5.53,5.50,5.48,5.41,5.40,5.37,5.34,5.30,5.30,5.32,5.38,5.46,5.56,5.68,5.75,5.73,5.63,5.54,5.44,5.32,5.22,5.17,5.07,5.00,5.00,5.04,5.54,7.27,9.69,11.79,13.79,15.87,18.07,20.87,25.55,29.23,31.52,32.46,32.27,31.27,29.70,27.92,26.11,24.13,22.43,21.23,20.46,19.46,18.30,16.82,15.17,13.58,12.15,10.76,9.37,7.96,6.42,4.68,2.74,1.15,e,e,e,e,e,e,e,e,e,e,e,e,e,e,e,e,e,e,e,e,e,e,e,e,e,e,e,e,e,e,e,e,e,e,e,e,e,e,e,e,e,e,e,e,e,e,e,e,e,e,e,e,e,e,e,e,e,e,e,e,e,e,e,e,e,e,e,e,e,e,e,e,e,e,e,e,e,e,e,e,e,e,e,e,e,e,e,e,e,e,e,e,e,e,e,e,e,e,e,e,e,e,e,e,e,e,e,e,e,e,e,e
5.53,5.45,5.37,5.29,5.15,5.11,5.07,5.01,5.00,5.00,4.96,4.91,4.90,4.90,4.90,4.90,4.90,4.91,4.97,5.04,5.09,5.09,5.09,5.09,5.09,5.09,5.10,5.10,5.10,5.10,5.10,5.10,5.10,5.10,5.10,5.10,5.15,5.20,5.20,5.20,5.20,5.24,5.29,5.30,5.30,5.29,5.29,5.30,5.30,5.30,5.30,5.30,5.30,5.36,5.40,5.40,5.40,5.40,5.40,5.43,5.49,5.50,5.50,5.50,5.50,5.50,5.50,5.50,5.50,5.50,5.50,5.50,5.50,5.50,5.50,5.50,5.50,5.52,5.59,5.60,5.60,5.60,5.59,5.52,5.50,5.50,5.48,5.41,5.40,5.40,5.38,5.32,5.31,5.37,5.45,5.54,5.67,5.75,5.74,5.65,5.52,5.42,5.34,5.24,5.12,5.11,5.05,5.01,5.00,5.00,5.05,6.32,8.59,11.05,13.25,15.42,17.60,20.20,24.49,28.34,30.51,31.14,31.39,31.27,30.01,28.05,25.98,23.94,21.89,20.28,19.10,17.52,15.88,14.27,12.73,11.27,9.88,8.50,7.11,5.73,4.38,3.07,1.80,0.77,e,e,e,e,e,e,e,e,e,e,e,e,e,e,e,e,e,e,e,e,e,e,e,e,e,e,e,e,e,e,e,e,e,e,e,e,e,e,e,e,e,e,e,e,e,e,e,e,e,e,e,e,e,e,e,e,e,e,e,e,e,e,e,e,e,e,e,e,e,e,e,e,e,e,e,e,e,e,e,e,e,e,e,e,e,e,e,e,e,e,e,e,e,e,e,e,e,e,e,e,e,e,e,e,e,e,e,e,e,e,e,e
5.48,5.38,5.32,5.29,5.20,5.13,5.09,5.06,5.01,5.00,4.99,4.96,4.91,4.90,4.90,4.90,4.90,4.90,4.96,5.01,5.03,5.03,5.03,5.03,5.03,5.04,5.09,5.10,5.10,5.10,5.10,5.10,5.10,5.10,5.10,5.10,5.15,5.20,5.20,5.20,5.20,5.24,5.29,5.30,5.30,5.27,5.25,5.29,5.30,5.30,5.30,5.30,5.30,5.36,5.40,5.40,5.40,5.40,5.40,5.43,5.50,5.50,5.50,5.50,5.50,5.50,5.50,5.50,5.50,5.50,5.50,5.50,5.50,5.50,5.50,5.50,5.50,5.52,5.59,5.60,5.60,5.60,5.59,5.52,5.50,5.50,5.48,5.41,5.40,5.40,5.39,5.37,5.37,5.46,5.57,5.65,5.75,5.70,5.62,5.54,5.44,5.31,5.21,5.15,5.10,5.10,5.08,5.04,5.00,5.00,5.00,5.75,7.48,10.25,12.55,14.80,17.08,19.63,23.41,26.80,28.74,29.44,30.14,30.74,29.80,27.86,25.67,23.50,21.31,19.05,16.81,15.00,13.29,11.84,10.76,10.03,8.84,7.48,6.09,4.70,3.34,2.27,1.70,e,e,e,e,e,e,e,e,e,e,e,e,e,e,e,e,e,e,e,e,e,e,e,e,e,e,e,e,e,e,e,e,e,e,e,e,e,e,e,e,e,e,e,e,e,e,e,e,e,e,e,e,e,e,e,e,e,e,e,e,e,e,e,e,e,e,e,e,e,e,e,e,e,e,e,e,e,e,e,e,e,e,e,e,e,e,e,e,e,e,e,e,e,e,e,e,e,e,e,e,e,e,e,e,e,e,e,e,e,e,e,e,e
5.48,5.38,5.33,5.29,5.25,5.18,5.12,5.08,5.02,5.00,5.00,4.99,4.94,4.93,4.92,4.90,4.90,4.90,4.94,4.98,5.00,5.00,5.00,5.00,5.00,5.01,5.05,5.07,5.07,5.07,5.09,5.10,5.10,5.10,5.10,5.10,5.15,5.20,5.20,5.20,5.22,5.26,5.30,5.30,5.28,5.24,5.21,5.26,5.29,5.30,5.30,5.30,5.30,5.34,5.38,5.40,5.40,5.40,5.40,5.43,5.50,5.50,5.50,5.50,5.50,5.50,5.50,5.50,5.50,5.50,5.50,5.50,5.50,5.50,5.50,5.52,5.54,5.55,5.59,5.60,5.60,5.60,5.59,5.52,5.50,5.50,5.48,5.41,5.40,5.40,5.40,5.41,5.45,5.56,5.65,5.70,5.72,5.63,5.51,5.42,5.34,5.24,5.17,5.13,5.10,5.10,5.10,5.06,5.00,5.00,5.00,5.33,6.51,9.23,11.71,14.09,16.43,18.93,22.04,24.92,26.77,27.79,29.04,30.07,29.43,27.61,25.35,23.11,20.75,17.95,14.87,12.62,11.24,10.30,9.60,9.00,7.91,6.59,5.26,4.07,2.96,1.87,1.33,e,e,e,e,e,e,e,e,e,e,e,e,e,e,e,e,e,e,e,e,e,e,e,e,e,e,e,e,e,e,e,e,e,e,e,e,e,e,e,e,e,e,e,e,e,e,e,e,e,e,e,e,e,e,e,e,e,e,e,e,e,e,e,e,e,e,e,e,e,e,e,e,e,e,e,e,e,e,e,e,e,e,e,e,e,e,e,e,e,e,e,e,e,e,e,e,e,e,e,e,e,e,e,e,e,e,e,e,e,e,e,e,e
5.50,5.44,5.37,5.31,5.29,5.23,5.16,5.09,5.02,5.00,5.00,5.00,4.99,4.99,4.95,4.91,4.90,4.90,4.91,4.94,4.99,5.00,5.00,5.00,5.00,5.00,5.01,5.01,5.01,5.02,5.08,5.10,5.10,5.10,5.10,5.10,5.15,5.20,5.20,5.21,5.25,5.29,5.29,5.29,5.24,5.21,5.20,5.22,5.28,5.30,5.30,5.30,5.30,5.31,5.35,5.40,5.40,5.40,5.40,5.43,5.49,5.50,5.50,5.50,5.50,5.50,5.50,5.50,5.50,5.50,5.50,5.50,5.50,5.50,5.51,5.56,5.59,5.59,5.60,5.60,5.60,5.60,5.59,5.52,5.50,5.50,5.48,5.42,5.40,5.40,5.41,5.43,5.55,5.64,5.69,5.68,5.62,5.54,5.42,5.30,5.23,5.21,5.20,5.17,5.11,5.10,5.10,5.07,5.01,5.00,5.00,5.04,5.72,7.98,10.72,13.24,15.63,18.03,20.48,22.87,24.75,26.28,28.09,29.26,28.86,27.28,25.04,22.81,20.27,17.09,13.42,10.59,9.83,9.57,9.10,8.09,7.03,5.78,4.62,3.77,3.05,1.73,0.99,e,e,e,e,e,e,e,e,e,e,e,e,e,e,e,e,e,e,e,e,e,e,e,e,e,e,e,e,e,e,e,e,e,e,e,e,e,e,e,e,e,e,e,e,e,e,e,e,e,e,e,e,e,e,e,e,e,e,e,e,e,e,e,e,e,e,e,e,e,e,e,e,e,e,e,e,e,e,e,e,e,e,e,e,e,e,e,e,e,e,e,e,e,e,e,e,e,e,e,e,e,e,e,e,e,e,e,e,e,e,e,e,e
5.52,5.45,5.38,5.30,5.25,5.22,5.17,5.09,5.02,5.00,5.00,5.00,5.00,5.00,4.98,4.94,4.91,4.90,4.90,4.91,4.95,4.99,5.00,5.00,5.00,5.00,5.00,5.00,5.00,5.02,5.08,5.10,5.10,5.10,5.10,5.10,5.15,5.20,5.21,5.25,5.29,5.28,5.24,5.24,5.21,5.20,5.20,5.20,5.23,5.27,5.30,5.30,5.30,5.30,5.34,5.40,5.40,5.40,5.43,5.46,5.45,5.49,5.50,5.50,5.50,5.50,5.50,5.53,5.56,5.56,5.56,5.56,5.56,5.56,5.56,5.59,5.60,5.60,5.61,5.64,5.63,5.60,5.59,5.52,5.50,5.50,5.49,5.46,5.42,5.43,5.47,5.53,5.63,5.68,5.68,5.62,5.50,5.42,5.32,5.24,5.21,5.20,5.20,5.17,5.11,5.10,5.10,5.09,5.05,5.01,5.00,5.00,5.30,6.60,9.39,11.98,14.38,16.80,19.28,21.53,23.46,25.20,26.97,27.87,27.65,26.55,24.74,22.68,20.26,16.82,12.63,9.93,9.33,9.03,8.37,7.28,6.43,5.58,4.80,4.09,2.92,1.28,0.40,e,e,e,e,e,e,e,e,e,e,e,e,e,e,e,e,e,e,e,e,e,e,e,e,e,e,e,e,e,e,e,e,e,e,e,e,e,e,e,e,e,e,e,e,e,e,e,e,e,e,e,e,e,e,e,e,e,e,e,e,e,e,e,e,e,e,e,e,e,e,e,e,e,e,e,e,e,e,e,e,e,e,e,e,e,e,e,e,e,e,e,e,e,e,e,e,e,e,e,e,e,e,e,e,e,e,e,e,e,e,e,e,e
5.53,5.45,5.38,5.30,5.24,5.21,5.17,5.09,5.02,5.00,5.00,5.00,5.00,5.00,5.00,4.98,4.93,4.93,4.91,4.90,4.92,4.98,5.00,5.00,5.00,5.00,5.00,5.00,5.00,5.01,5.06,5.09,5.10,5.10,5.10,5.12,5.16,5.20,5.21,5.28,5.29,5.25,5.20,5.20,5.20,5.20,5.20,5.20,5.20,5.25,5.30,5.30,5.30,5.30,5.33,5.38,5.40,5.40,5.44,5.46,5.41,5.46,5.49,5.50,5.50,5.50,5.50,5.53,5.58,5.60,5.60,5.60,5.60,5.60,5.60,5.60,5.60,5.60,5.61,5.66,5.64,5.60,5.59,5.52,5.50,5.50,5.50,5.50,5.45,5.47,5.54,5.62,5.68,5.67,5.62,5.53,5.40,5.33,5.27,5.22,5.20,5.20,5.20,5.18,5.13,5.11,5.10,5.10,5.09,5.04,5.01,5.00,5.07,5.59,7.95,10.52,13.02,15.50,18.10,20.38,22.38,24.14,25.60,26.30,26.22,25.54,24.30,22.58,20.37,16.86,12.41,9.80,9.12,8.65,7.90,6.94,6.28,5.73,5.13,4.22,2.61,0.99,0.00,e,e,e,e,e,e,e,e,e,e,e,e,e,e,e,e,e,e,e,e,e,e,e,e,e,e,e,e,e,e,e,e,e,e,e,e,e,e,e,e,e,e,e,e,e,e,e,e,e,e,e,e,e,e,e,e,e,e,e,e,e,e,e,e,e,e,e,e,e,e,e,e,e,e,e,e,e,e,e,e,e,e,e,e,e,e,e,e,e,e,e,e,e,e,e,e,e,e,e,e,e,e,e,e,e,e,e,e,e,e,e,e,e
5.53,5.45,5.38,5.31,5.29,5.24,5.17,5.09,5.02,5.00,5.00,5.00,5.00,5.00,5.00,5.00,4.99,4.98,4.93,4.90,4.92,4.98,5.00,5.00,5.00,5.00,5.00,5.00,5.00,5.00,5.02,5.07,5.10,5.10,5.11,5.17,5.19,5.20,5.21,5.28,5.25,5.21,5.20,5.20,5.20,5.20,5.20,5.20,5.20,5.25,5.30,5.30,5.30,5.30,5.31,5.33,5.39,5.40,5.41,5.41,5.40,5.41,5.47,5.50,5.50,5.50,5.50,5.51,5.53,5.59,5.60,5.60,5.60,5.60,5.60,5.60,5.60,5.60,5.60,5.61,5.61,5.60,5.59,5.52,5.50,5.50,5.50,5.50,5.49,5.54,5.61,5.68,5.69,5.60,5.50,5.42,5.33,5.31,5.29,5.27,5.21,5.20,5.20,5.20,5.18,5.12,5.10,5.10,5.10,5.08,5.03,5.00,5.01,5.22,6.47,8.87,11.60,14.21,16.82,19.28,21.37,22.95,23.88,24.64,24.66,24.22,23.59,22.47,20.49,17.19,12.95,10.11,9.10,8.54,7.96,7.34,6.78,6.26,5.39,3.86,2.04,1.46,e,e,e,e,e,e,e,e,e,e,e,e,e,e,e,e,e,e,e,e,e,e,e,e,e,e,e,e,e,e,e,e,e,e,e,e,e,e,e,e,e,e,e,e,e,e,e,e,e,e,e,e,e,e,e,e,e,e,e,e,e,e,e,e,e,e,e,e,e,e,e,e,e,e,e,e,e,e,e,e,e,e,e,e,e,e,e,e,e,e,e,e,e,e,e,e,e,e,e,e,e,e,e,e,e,e,e,e,e,e,e,e,e,e
5.54,5.45,5.39,5.35,5.31,5.24,5.17,5.09,5.02,5.00,5.00,5.00,5.00,5.00,5.00,5.00,5.00,5.00,4.97,4.93,4.91,4.95,4.98,5.00,5.00,5.00,5.00,5.00,5.00,5.00,5.00,5.06,5.10,5.11,5.15,5.19,5.20,5.21,5.25,5.25,5.22,5.20,5.20,5.20,5.20,5.20,5.20,5.20,5.20,5.25,5.30,5.30,5.30,5.30,5.32,5.36,5.39,5.40,5.40,5.40,5.40,5.40,5.43,5.46,5.50,5.50,5.50,5.50,5.52,5.59,5.60,5.60,5.60,5.60,5.60,5.60,5.60,5.60,5.60,5.60,5.60,5.60,5.59,5.56,5.52,5.50,5.50,5.50,5.54,5.62,5.69,5.65,5.61,5.52,5.42,5.35,5.31,5.30,5.30,5.29,5.26,5.21,5.20,5.20,5.20,5.16,5.12,5.10,5.10,5.09,5.03,5.00,5.03,5.25,6.14,7.71,9.91,12.67,15.30,17.68,19.62,21.09,22.20,23.10,23.18,22.78,22.31,21.61,20.20,17.73,14.26,11.03,9.65,8.96,8.42,7.87,7.29,6.42,5.10,3.29,1.42,0.99,e,e,e,e,e,e,e,e,e,e,e,e,e,e,e,e,e,e,e,e,e,e,e,e,e,e,e,e,e,e,e,e,e,e,e,e,e,e,e,e,e,e,e,e,e,e,e,e,e,e,e,e,e,e,e,e,e,e,e,e,e,e,e,e,e,e,e,e,e,e,e,e,e,e,e,e,e,e,e,e,e,e,e,e,e,e,e,e,e,e,e,e,e,e,e,e,e,e,e,e,e,e,e,e,e,e,e,e,e,e,e,e,e,e
5.63,5.49,5.41,5.39,5.32,5.24,5.17,5.09,5.02,5.00,5.00,5.00,5.00,5.00,5.00,5.00,5.00,5.00,5.00,4.97,4.92,4.92,4.96,4.99,5.00,5.00,5.00,5.00,5.00,5.00,5.02,5.07,5.10,5.12,5.19,5.20,5.20,5.23,5.27,5.22,5.20,5.19,5.19,5.19,5.20,5.20,5.20,5.20,5.20,5.25,5.29,5.30,5.30,5.30,5.34,5.40,5.40,5.40,5.40,5.40,5.40,5.40,5.40,5.44,5.50,5.50,5.50,5.50,5.52,5.58,5.60,5.60,5.60,5.60,5.60,5.60,5.60,5.60,5.61,5.60,5.60,5.60,5.60,5.60,5.54,5.50,5.50,5.52,5.58,5.68,5.73,5.59,5.51,5.44,5.38,5.32,5.31,5.31,5.30,5.30,5.29,5.24,5.21,5.20,5.20,5.20,5.14,5.10,5.10,5.09,5.04,5.06,5.20,5.59,6.36,7.16,8.67,11.23,13.57,15.69,17.43,18.91,20.50,21.59,21.72,21.32,20.85,20.20,19.10,17.45,15.12,12.26,10.64,9.66,8.97,8.39,7.65,6.32,4.60,2.72,0.96,0.51,e,e,e,e,e,e,e,e,e,e,e,e,e,e,e,e,e,e,e,e,e,e,e,e,e,e,e,e,e,e,e,e,e,e,e,e,e,e,e,e,e,e,e,e,e,e,e,e,e,e,e,e,e,e,e,e,e,e,e,e,e,e,e,e,e,e,e,e,e,e,e,e,e,e,e,e,e,e,e,e,e,e,e,e,e,e,e,e,e,e,e,e,e,e,e,e,e,e,e,e,e,e,e,e,e,e,e,e,e,e,e,e,e,e
5.90,5.66,5.46,5.40,5.32,5.24,5.17,5.09,5.02,5.00,5.00,5.00,5.00,5.00,5.00,5.00,5.00,5.00,5.00,4.99,4.97,4.97,4.94,4.96,5.00,5.00,5.00,5.00,5.00,5.01,5.06,5.09,5.10,5.12,5.19,5.20,5.20,5.21,5.21,5.20,5.20,5.17,5.13,5.13,5.17,5.20,5.20,5.20,5.20,5.21,5.25,5.29,5.30,5.30,5.34,5.40,5.40,5.40,5.40,5.40,5.40,5.40,5.40,5.44,5.50,5.50,5.50,5.50,5.50,5.52,5.58,5.60,5.60,5.60,5.60,5.60,5.60,5.62,5.66,5.62,5.60,5.60,5.60,5.60,5.54,5.50,5.51,5.57,5.65,5.66,5.62,5.53,5.45,5.41,5.39,5.38,5.38,5.33,5.30,5.30,5.30,5.29,5.24,5.20,5.20,5.20,5.14,5.10,5.10,5.10,5.09,5.29,5.75,6.48,7.26,8.08,9.07,10.28,11.42,12.97,14.59,16.35,18.62,20.03,20.29,19.96,19.40,17.71,15.84,14.44,13.83,13.88,12.46,10.78,9.46,8.77,7.47,5.81,3.96,2.30,e,e,e,e,e,e,e,e,e,e,e,e,e,e,e,e,e,e,e,e,e,e,e,e,e,e,e,e,e,e,e,e,e,e,e,e,e,e,e,e,e,e,e,e,e,e,e,e,e,e,e,e,e,e,e,e,e,e,e,e,e,e,e,e,e,e,e,e,e,e,e,e,e,e,e,e,e,e,e,e,e,e,e,e,e,e,e,e,e,e,e,e,e,e,e,e,e,e,e,e,e,e,e,e,e,e,e,e,e,e,e,e,e,e,e,e
6.17,5.90,5.67,5.53,5.38,5.26,5.17,5.10,5.05,5.01,5.00,5.00,5.00,5.00,5.00,5.00,5.00,5.00,5.00,5.00,5.00,5.00,4.96,4.97,5.00,5.00,5.00,5.00,5.01,5.05,5.09,5.10,5.12,5.15,5.19,5.20,5.20,5.20,5.20,5.20,5.18,5.13,5.10,5.10,5.14,5.18,5.20,5.20,5.20,5.20,5.23,5.29,5.30,5.33,5.37,5.40,5.40,5.40,5.38,5.37,5.40,5.40,5.40,5.42,5.46,5.49,5.50,5.50,5.50,5.50,5.54,5.58,5.60,5.60,5.60,5.60,5.62,5.65,5.69,5.66,5.62,5.60,5.60,5.60,5.56,5.56,5.59,5.64,5.65,5.62,5.54,5.50,5.42,5.40,5.40,5.40,5.40,5.37,5.32,5.30,5.30,5.30,5.25,5.20,5.20,5.20,5.16,5.13,5.10,5.12,5.41,5.91,6.57,7.41,8.20,8.86,9.41,9.80,10.19,10.95,12.21,14.07,16.48,18.02,18.70,18.41,16.84,14.51,12.70,11.68,11.62,12.45,12.05,11.03,9.85,8.69,7.03,5.21,3.33,1.73,e,e,e,e,e,e,e,e,e,e,e,e,e,e,e,e,e,e,e,e,e,e,e,e,e,e,e,e,e,e,e,e,e,e,e,e,e,e,e,e,e,e,e,e,e,e,e,e,e,e,e,e,e,e,e,e,e,e,e,e,e,e,e,e,e,e,e,e,e,e,e,e,e,e,e,e,e,e,e,e,e,e,e,e,e,e,e,e,e,e,e,e,e,e,e,e,e,e,e,e,e,e,e,e,e,e,e,e,e,e,e,e,e,e,e,e
6.45,6.19,5.96,5.73,5.50,5.33,5.20,5.12,5.09,5.03,5.00,5.00,5.00,5.00,5.00,5.00,5.00,5.00,5.00,5.00,5.00,5.00,5.00,5.00,5.00,5.00,5.00,5.00,5.03,5.09,5.10,5.10,5.14,5.20,5.20,5.20,5.20,5.20,5.20,5.19,5.14,5.10,5.10,5.10,5.10,5.15,5.20,5.20,5.20,5.20,5.23,5.29,5.30,5.36,5.40,5.40,5.40,5.39,5.35,5.33,5.39,5.40,5.40,5.40,5.42,5.48,5.50,5.50,5.50,5.50,5.50,5.56,5.60,5.60,5.60,5.60,5.63,5.69,5.70,5.70,5.65,5.60,5.60,5.60,5.61,5.63,5.69,5.67,5.62,5.55,5.50,5.49,5.43,5.41,5.40,5.40,5.40,5.40,5.36,5.30,5.30,5.30,5.26,5.21,5.20,5.20,5.20,5.18,5.17,5.29,5.96,6.74,7.52,8.33,9.04,9.46,9.62,9.58,9.53,9.52,10.32,12.04,14.20,15.71,16.84,16.72,14.35,11.58,10.13,9.48,9.39,9.90,10.64,10.70,9.93,8.32,6.46,4.58,2.70,1.10,e,e,e,e,e,e,e,e,e,e,e,e,e,e,e,e,e,e,e,e,e,e,e,e,e,e,e,e,e,e,e,e,e,e,e,e,e,e,e,e,e,e,e,e,e,e,e,e,e,e,e,e,e,e,e,e,e,e,e,e,e,e,e,e,e,e,e,e,e,e,e,e,e,e,e,e,e,e,e,e,e,e,e,e,e,e,e,e,e,e,e,e,e,e,e,e,e,e,e,e,e,e,e,e,e,e,e,e,e,e,e,e,e,e,e,e
6.75,6.51,6.28,6.04,5.76,5.53,5.33,5.17,5.11,5.04,5.00,5.00,5.00,5.00,5.00,5.00,5.00,5.00,5.00,5.00,5.00,5.00,5.00,5.00,5.00,5.00,5.00,5.00,5.03,5.09,5.10,5.10,5.14,5.20,5.20,5.20,5.20,5.20,5.19,5.15,5.11,5.10,5.10,5.10,5.10,5.15,5.20,5.20,5.20,5.20,5.23,5.29,5.30,5.36,5.40,5.40,5.39,5.35,5.31,5.33,5.39,5.40,5.40,5.40,5.40,5.43,5.48,5.50,5.50,5.50,5.50,5.55,5.60,5.60,5.60,5.60,5.61,5.64,5.69,5.70,5.65,5.60,5.60,5.60,5.64,5.68,5.68,5.58,5.54,5.52,5.50,5.50,5.48,5.43,5.40,5.40,5.40,5.40,5.36,5.30,5.30,5.30,5.29,5.25,5.21,5.20,5.20,5.26,5.49,6.08,6.84,7.65,8.44,9.08,9.42,9.54,9.51,9.38,9.25,9.16,9.53,10.45,11.80,13.10,14.16,14.87,14.59,11.38,9.81,9.18,8.96,9.22,9.74,9.68,8.95,7.66,5.87,3.97,2.07,0.52,e,e,e,e,e,e,e,e,e,e,e,e,e,e,e,e,e,e,e,e,e,e,e,e,e,e,e,e,e,e,e,e,e,e,e,e,e,e,e,e,e,e,e,e,e,e,e,e,e,e,e,e,e,e,e,e,e,e,e,e,e,e,e,e,e,e,e,e,e,e,e,e,e,e,e,e,e,e,e,e,e,e,e,e,e,e,e,e,e,e,e,e,e,e,e,e,e,e,e,e,e,e,e,e,e,e,e,e,e,e,e,e,e,e,e,e
7.02,6.79,6.56,6.32,6.04,5.80,5.55,5.33,5.19,5.06,5.00,5.00,5.00,5.00,5.00,5.00,5.00,5.00,5.00,5.00,5.01,5.03,5.01,5.00,5.00,5.00,5.00,5.02,5.06,5.10,5.10,5.12,5.16,5.20,5.20,5.20,5.20,5.19,5.16,5.11,5.10,5.10,5.10,5.10,5.10,5.15,5.20,5.20,5.20,5.22,5.26,5.30,5.33,5.38,5.40,5.39,5.37,5.32,5.30,5.32,5.37,5.39,5.40,5.40,5.40,5.41,5.44,5.48,5.50,5.50,5.50,5.54,5.58,5.60,5.60,5.60,5.60,5.62,5.69,5.70,5.66,5.63,5.60,5.63,5.65,5.66,5.65,5.56,5.54,5.52,5.50,5.50,5.50,5.46,5.42,5.40,5.40,5.40,5.37,5.33,5.30,5.30,5.30,5.28,5.24,5.21,5.33,5.63,6.15,6.95,7.74,8.45,9.05,9.42,9.52,9.46,9.34,9.19,9.03,8.94,9.07,9.50,10.25,11.06,11.70,12.55,13.55,11.88,10.41,9.55,9.27,9.17,9.03,8.56,7.79,6.80,5.21,3.35,1.68,0.28,e,e,e,e,e,e,e,e,e,e,e,e,e,e,e,e,e,e,e,e,e,e,e,e,e,e,e,e,e,e,e,e,e,e,e,e,e,e,e,e,e,e,e,e,e,e,e,e,e,e,e,e,e,e,e,e,e,e,e,e,e,e,e,e,e,e,e,e,e,e,e,e,e,e,e,e,e,e,e,e,e,e,e,e,e,e,e,e,e,e,e,e,e,e,e,e,e,e,e,e,e,e,e,e,e,e,e,e,e,e,e,e,e,e,e,e
7.26,7.03,6.79,6.57,6.32,6.09,5.83,5.55,5.32,5.10,5.00,5.00,5.00,5.00,5.00,5.00,5.00,5.00,5.00,5.00,5.02,5.07,5.03,5.00,5.00,5.00,5.00,5.05,5.09,5.10,5.11,5.16,5.20,5.20,5.20,5.20,5.20,5.17,5.11,5.10,5.10,5.10,5.10,5.10,5.10,5.15,5.20,5.20,5.20,5.25,5.29,5.31,5.38,5.40,5.40,5.38,5.32,5.30,5.30,5.30,5.32,5.38,5.40,5.40,5.40,5.40,5.41,5.45,5.50,5.50,5.50,5.50,5.54,5.59,5.60,5.60,5.60,5.62,5.69,5.70,5.70,5.67,5.62,5.67,5.64,5.61,5.61,5.59,5.59,5.55,5.50,5.50,5.50,5.50,5.46,5.41,5.40,5.40,5.40,5.38,5.32,5.30,5.30,5.30,5.29,5.28,5.66,6.29,7.08,7.84,8.57,9.07,9.34,9.39,9.40,9.30,9.14,8.98,8.84,8.74,8.83,9.12,9.53,9.68,9.68,10.03,11.20,12.46,11.39,10.26,9.98,9.46,8.48,7.48,6.61,5.77,4.47,2.71,1.46,e,e,e,e,e,e,e,e,e,e,e,e,e,e,e,e,e,e,e,e,e,e,e,e,e,e,e,e,e,e,e,e,e,e,e,e,e,e,e,e,e,e,e,e,e,e,e,e,e,e,e,e,e,e,e,e,e,e,e,e,e,e,e,e,e,e,e,e,e,e,e,e,e,e,e,e,e,e,e,e,e,e,e,e,e,e,e,e,e,e,e,e,e,e,e,e,e,e,e,e,e,e,e,e,e,e,e,e,e,e,e,e,e,e,e,e,e
7.35,7.12,6.89,6.66,6.42,6.19,5.95,5.68,5.40,5.17,5.04,5.00,5.00,5.00,5.03,5.06,5.06,5.06,5.06,5.06,5.06,5.09,5.07,5.06,5.04,5.00,5.00,5.05,5.10,5.11,5.15,5.19,5.20,5.20,5.20,5.20,5.17,5.13,5.10,5.10,5.10,5.10,5.10,5.10,5.10,5.12,5.16,5.20,5.20,5.25,5.30,5.31,5.38,5.40,5.40,5.38,5.31,5.30,5.30,5.30,5.30,5.33,5.37,5.40,5.40,5.40,5.40,5.45,5.50,5.50,5.50,5.50,5.51,5.55,5.59,5.60,5.60,5.62,5.69,5.70,5.70,5.69,5.66,5.64,5.62,5.60,5.60,5.60,5.60,5.58,5.54,5.51,5.50,5.50,5.49,5.46,5.41,5.40,5.40,5.39,5.36,5.32,5.30,5.30,5.37,5.81,6.44,7.20,8.00,8.62,8.99,9.19,9.29,9.32,9.25,9.08,8.89,8.74,8.59,8.49,8.55,8.79,9.16,9.04,8.92,9.07,9.75,10.83,10.63,10.24,10.04,9.27,8.05,6.82,5.69,4.67,3.66,2.05,0.90,e,e,e,e,e,e,e,e,e,e,e,e,e,e,e,e,e,e,e,e,e,e,e,e,e,e,e,e,e,e,e,e,e,e,e,e,e,e,e,e,e,e,e,e,e,e,e,e,e,e,e,e,e,e,e,e,e,e,e,e,e,e,e,e,e,e,e,e,e,e,e,e,e,e,e,e,e,e,e,e,e,e,e,e,e,e,e,e,e,e,e,e,e,e,e,e,e,e,e,e,e,e,e,e,e,e,e,e,e,e,e,e,e,e,e,e,e
7.39,7.16,6.92,6.67,6.44,6.21,5.97,5.73,5.45,5.22,5.09,5.02,5.02,5.02,5.06,5.10,5.12,5.13,5.13,5.13,5.14,5.13,5.13,5.11,5.08,5.01,5.00,5.05,5.10,5.12,5.19,5.20,5.20,5.20,5.20,5.18,5.14,5.10,5.10,5.08,5.09,5.10,5.10,5.10,5.10,5.11,5.14,5.20,5.22,5.26,5.31,5.33,5.39,5.40,5.39,5.36,5.31,5.30,5.30,5.30,5.30,5.30,5.35,5.38,5.40,5.40,5.40,5.43,5.48,5.50,5.50,5.50,5.50,5.52,5.59,5.60,5.60,5.62,5.69,5.70,5.70,5.70,5.69,5.64,5.63,5.62,5.60,5.60,5.60,5.60,5.58,5.53,5.50,5.50,5.50,5.49,5.44,5.41,5.40,5.40,5.39,5.35,5.36,5.47,5.76,6.53,7.30,8.04,8.67,9.07,9.17,9.18,9.18,9.18,9.05,8.86,8.67,8.51,8.36,8.25,8.26,8.47,8.87,8.64,8.48,8.50,8.71,9.28,9.54,9.69,9.63,8.80,7.61,6.31,5.01,3.77,2.82,1.58,0.50,e,e,e,e,e,e,e,e,e,e,e,e,e,e,e,e,e,e,e,e,e,e,e,e,e,e,e,e,e,e,e,e,e,e,e,e,e,e,e,e,e,e,e,e,e,e,e,e,e,e,e,e,e,e,e,e,e,e,e,e,e,e,e,e,e,e,e,e,e,e,e,e,e,e,e,e,e,e,e,e,e,e,e,e,e,e,e,e,e,e,e,e,e,e,e,e,e,e,e,e,e,e,e,e,e,e,e,e,e,e,e,e,e,e,e,e,e
7.39,7.16,6.91,6.62,6.38,6.15,5.92,5.68,5.44,5.26,5.15,5.09,5.08,5.08,5.09,5.13,5.18,5.18,5.18,5.22,5.26,5.20,5.18,5.14,5.08,5.01,5.00,5.05,5.10,5.12,5.19,5.20,5.20,5.20,5.19,5.13,5.11,5.10,5.09,5.03,5.06,5.10,5.10,5.10,5.10,5.14,5.19,5.21,5.27,5.29,5.33,5.38,5.40,5.40,5.37,5.31,5.30,5.30,5.30,5.30,5.30,5.30,5.31,5.35,5.40,5.40,5.40,5.41,5.43,5.49,5.50,5.50,5.50,5.52,5.59,5.60,5.60,5.62,5.69,5.70,5.70,5.70,5.70,5.69,5.68,5.65,5.60,5.60,5.60,5.60,5.60,5.58,5.52,5.50,5.50,5.50,5.49,5.43,5.40,5.40,5.40,5.40,5.54,5.92,6.65,7.43,8.14,8.66,8.93,9.02,9.08,9.11,9.07,8.95,8.80,8.63,8.47,8.32,8.17,8.02,7.96,8.10,8.55,8.37,8.16,8.03,8.04,8.58,8.53,8.52,8.64,8.03,7.09,5.93,4.60,3.24,1.99,1.52,e,e,e,e,e,e,e,e,e,e,e,e,e,e,e,e,e,e,e,e,e,e,e,e,e,e,e,e,e,e,e,e,e,e,e,e,e,e,e,e,e,e,e,e,e,e,e,e,e,e,e,e,e,e,e,e,e,e,e,e,e,e,e,e,e,e,e,e,e,e,e,e,e,e,e,e,e,e,e,e,e,e,e,e,e,e,e,e,e,e,e,e,e,e,e,e,e,e,e,e,e,e,e,e,e,e,e,e,e,e,e,e,e,e,e,e,e,e
7.34,7.11,6.87,6.60,6.36,6.13,5.90,5.67,5.44,5.30,5.23,5.19,5.16,5.15,5.15,5.16,5.21,5.24,5.25,5.27,5.29,5.26,5.21,5.15,5.08,5.01,5.00,5.05,5.10,5.12,5.19,5.20,5.20,5.19,5.15,5.11,5.10,5.08,5.04,5.01,5.03,5.07,5.10,5.10,5.10,5.15,5.20,5.21,5.28,5.30,5.33,5.39,5.40,5.37,5.33,5.29,5.25,5.25,5.28,5.30,5.30,5.30,5.30,5.34,5.39,5.40,5.40,5.40,5.41,5.45,5.49,5.50,5.50,5.52,5.59,5.60,5.60,5.61,5.65,5.68,5.70,5.70,5.70,5.70,5.70,5.68,5.65,5.65,5.61,5.60,5.60,5.59,5.56,5.52,5.50,5.50,5.50,5.47,5.46,5.44,5.44,5.70,6.14,6.73,7.49,8.15,8.57,8.82,8.94,8.95,8.98,8.97,8.90,8.75,8.59,8.44,8.29,8.13,7.97,7.82,7.72,7.81,8.24,8.13,7.80,7.52,7.56,7.93,7.92,7.78,7.64,7.42,6.54,5.41,4.17,2.82,1.47,1.04,e,e,e,e,e,e,e,e,e,e,e,e,e,e,e,e,e,e,e,e,e,e,e,e,e,e,e,e,e,e,e,e,e,e,e,e,e,e,e,e,e,e,e,e,e,e,e,e,e,e,e,e,e,e,e,e,e,e,e,e,e,e,e,e,e,e,e,e,e,e,e,e,e,e,e,e,e,e,e,e,e,e,e,e,e,e,e,e,e,e,e,e,e,e,e,e,e,e,e,e,e,e,e,e,e,e,e,e,e,e,e,e,e,e,e,e,e,e
7.29,7.06,6.83,6.60,6.36,6.13,5.89,5.66,5.45,5.35,5.31,5.30,5.24,5.22,5.21,5.21,5.22,5.29,5.31,5.31,5.31,5.30,5.23,5.15,5.08,5.01,5.00,5.04,5.09,5.12,5.19,5.20,5.19,5.17,5.11,5.10,5.09,5.06,5.00,5.00,5.00,5.04,5.10,5.10,5.11,5.16,5.20,5.22,5.28,5.31,5.34,5.39,5.38,5.33,5.29,5.27,5.21,5.20,5.25,5.30,5.30,5.30,5.30,5.33,5.38,5.40,5.40,5.40,5.40,5.41,5.48,5.50,5.50,5.52,5.59,5.60,5.60,5.60,5.61,5.67,5.70,5.70,5.70,5.70,5.70,5.70,5.70,5.70,5.64,5.61,5.60,5.60,5.60,5.56,5.51,5.50,5.50,5.50,5.50,5.52,5.63,6.18,6.88,7.58,8.18,8.65,8.78,8.82,8.87,8.88,8.87,8.82,8.71,8.56,8.40,8.25,8.09,7.94,7.79,7.63,7.51,7.56,7.93,7.90,7.46,7.07,7.12,7.30,7.45,7.23,6.74,6.77,5.96,4.88,3.71,2.41,1.04,0.61,e,e,e,e,e,e,e,e,e,e,e,e,e,e,e,e,e,e,e,e,e,e,e,e,e,e,e,e,e,e,e,e,e,e,e,e,e,e,e,e,e,e,e,e,e,e,e,e,e,e,e,e,e,e,e,e,e,e,e,e,e,e,e,e,e,e,e,e,e,e,e,e,e,e,e,e,e,e,e,e,e,e,e,e,e,e,e,e,e,e,e,e,e,e,e,e,e,e,e,e,e,e,e,e,e,e,e,e,e,e,e,e,e,e,e,e,e,e
7.29,7.06,6.82,6.60,6.36,6.13,5.87,5.62,5.50,5.42,5.38,5.37,5.35,5.30,5.27,5.27,5.28,5.30,5.35,5.38,5.36,5.31,5.23,5.15,5.08,5.01,5.00,5.01,5.05,5.11,5.19,5.20,5.17,5.12,5.10,5.10,5.06,5.01,5.00,5.00,5.00,5.04,5.09,5.11,5.15,5.19,5.22,5.28,5.29,5.34,5.39,5.39,5.33,5.31,5.27,5.22,5.20,5.20,5.25,5.30,5.30,5.30,5.30,5.31,5.34,5.39,5.40,5.40,5.40,5.41,5.48,5.50,5.50,5.52,5.59,5.60,5.60,5.60,5.61,5.67,5.70,5.70,5.70,5.70,5.70,5.70,5.70,5.70,5.69,5.64,5.60,5.60,5.60,5.59,5.56,5.50,5.50,5.50,5.50,5.66,6.30,7.04,7.68,8.18,8.47,8.61,8.69,8.73,8.75,8.81,8.77,8.66,8.52,8.37,8.21,8.06,7.90,7.75,7.59,7.44,7.32,7.33,7.58,7.65,7.28,6.81,6.67,6.70,7.00,6.84,6.16,5.86,5.37,4.41,3.17,1.96,0.65,0.23,e,e,e,e,e,e,e,e,e,e,e,e,e,e,e,e,e,e,e,e,e,e,e,e,e,e,e,e,e,e,e,e,e,e,e,e,e,e,e,e,e,e,e,e,e,e,e,e,e,e,e,e,e,e,e,e,e,e,e,e,e,e,e,e,e,e,e,e,e,e,e,e,e,e,e,e,e,e,e,e,e,e,e,e,e,e,e,e,e,e,e,e,e,e,e,e,e,e,e,e,e,e,e,e,e,e,e,e,e,e,e,e,e,e,e,e,e,e
7.29,7.04,6.79,6.55,6.32,6.09,5.85,5.64,5.56,5.50,5.47,5.45,5.44,5.40,5.36,5.34,5.34,5.34,5.38,5.42,5.43,5.35,5.27,5.20,5.12,5.05,5.01,5.02,5.08,5.15,5.19,5.20,5.16,5.10,5.10,5.07,5.03,5.00,5.00,5.00,5.00,5.04,5.09,5.11,5.17,5.20,5.22,5.29,5.30,5.36,5.39,5.35,5.31,5.30,5.26,5.20,5.20,5.20,5.23,5.27,5.30,5.30,5.30,5.30,5.31,5.35,5.39,5.40,5.40,5.41,5.48,5.50,5.50,5.51,5.55,5.59,5.60,5.60,5.61,5.64,5.68,5.70,5.70,5.70,5.70,5.70,5.70,5.70,5.70,5.67,5.63,5.61,5.60,5.60,5.58,5.54,5.55,5.62,5.86,6.31,7.05,7.71,8.14,8.40,8.54,8.55,8.61,8.66,8.66,8.70,8.62,8.48,8.33,8.18,8.02,7.85,7.67,7.51,7.36,7.21,7.09,7.08,7.27,7.42,7.08,6.55,6.24,6.17,6.48,6.40,5.70,5.09,4.71,3.90,2.72,1.59,0.54,0.10,e,e,e,e,e,e,e,e,e,e,e,e,e,e,e,e,e,e,e,e,e,e,e,e,e,e,e,e,e,e,e,e,e,e,e,e,e,e,e,e,e,e,e,e,e,e,e,e,e,e,e,e,e,e,e,e,e,e,e,e,e,e,e,e,e,e,e,e,e,e,e,e,e,e,e,e,e,e,e,e,e,e,e,e,e,e,e,e,e,e,e,e,e,e,e,e,e,e,e,e,e,e,e,e,e,e,e,e,e,e,e,e,e,e,e,e,e,e
7.28,7.01,6.73,6.50,6.27,6.04,5.84,5.70,5.63,5.61,5.56,5.50,5.50,5.50,5.46,5.41,5.40,5.40,5.41,5.45,5.49,5.41,5.33,5.25,5.17,5.10,5.02,5.05,5.13,5.19,5.19,5.19,5.15,5.09,5.08,5.03,5.00,5.00,5.00,5.00,5.01,5.05,5.10,5.12,5.17,5.21,5.23,5.29,5.31,5.35,5.36,5.31,5.30,5.29,5.25,5.20,5.20,5.20,5.20,5.23,5.29,5.30,5.30,5.30,5.30,5.31,5.37,5.40,5.40,5.41,5.47,5.50,5.50,5.50,5.50,5.55,5.59,5.60,5.60,5.61,5.64,5.69,5.70,5.70,5.70,5.70,5.71,5.70,5.70,5.70,5.68,5.62,5.61,5.60,5.60,5.61,5.68,5.89,6.43,7.17,7.73,8.19,8.37,8.41,8.47,8.49,8.55,8.59,8.59,8.57,8.44,8.28,8.13,7.97,7.82,7.62,7.43,7.27,7.12,6.96,6.84,6.82,6.97,7.19,6.90,6.31,5.84,5.70,5.94,5.90,5.32,4.47,4.04,3.36,2.32,1.22,e,e,e,e,e,e,e,e,e,e,e,e,e,e,e,e,e,e,e,e,e,e,e,e,e,e,e,e,e,e,e,e,e,e,e,e,e,e,e,e,e,e,e,e,e,e,e,e,e,e,e,e,e,e,e,e,e,e,e,e,e,e,e,e,e,e,e,e,e,e,e,e,e,e,e,e,e,e,e,e,e,e,e,e,e,e,e,e,e,e,e,e,e,e,e,e,e,e,e,e,e,e,e,e,e,e,e,e,e,e,e,e,e,e,e,e,e,e,e,e
7.22,6.98,6.72,6.50,6.27,6.03,5.85,5.77,5.74,5.69,5.63,5.57,5.57,5.57,5.55,5.52,5.47,5.47,5.47,5.50,5.54,5.42,5.33,5.25,5.18,5.10,5.02,5.05,5.13,5.18,5.14,5.13,5.09,5.03,5.03,5.01,5.00,5.00,5.00,5.00,5.04,5.08,5.11,5.16,5.19,5.23,5.28,5.30,5.35,5.35,5.32,5.30,5.30,5.26,5.22,5.20,5.20,5.20,5.20,5.21,5.24,5.29,5.30,5.30,5.30,5.30,5.37,5.40,5.40,5.40,5.42,5.47,5.50,5.50,5.50,5.52,5.56,5.60,5.60,5.60,5.61,5.65,5.70,5.70,5.70,5.73,5.76,5.71,5.70,5.70,5.69,5.67,5.67,5.63,5.60,5.68,6.08,6.57,7.17,7.76,8.05,8.26,8.33,8.34,8.37,8.42,8.45,8.48,8.50,8.40,8.21,8.03,7.88,7.73,7.57,7.40,7.23,7.08,6.92,6.77,6.63,6.55,6.66,6.96,6.70,6.11,5.61,5.34,5.41,5.40,5.04,4.16,3.40,2.73,1.93,0.79,e,e,e,e,e,e,e,e,e,e,e,e,e,e,e,e,e,e,e,e,e,e,e,e,e,e,e,e,e,e,e,e,e,e,e,e,e,e,e,e,e,e,e,e,e,e,e,e,e,e,e,e,e,e,e,e,e,e,e,e,e,e,e,e,e,e,e,e,e,e,e,e,e,e,e,e,e,e,e,e,e,e,e,e,e,e,e,e,e,e,e,e,e,e,e,e,e,e,e,e,e,e,e,e,e,e,e,e,e,e,e,e,e,e,e,e,e,e,e,e
7.19,6.96,6.72,6.50,6.27,6.05,5.90,5.84,5.83,5.77,5.71,5.66,5.64,5.63,5.63,5.62,5.57,5.54,5.54,5.56,5.57,5.45,5.37,5.27,5.18,5.10,5.02,5.05,5.11,5.12,5.08,5.07,5.04,5.00,5.00,5.00,5.00,5.00,5.00,5.00,5.06,5.10,5.12,5.19,5.20,5.25,5.30,5.31,5.35,5.33,5.30,5.29,5.27,5.23,5.19,5.17,5.20,5.20,5.20,5.20,5.21,5.25,5.29,5.30,5.30,5.30,5.37,5.40,5.40,5.40,5.40,5.46,5.50,5.50,5.50,5.50,5.53,5.57,5.60,5.60,5.60,5.63,5.69,5.70,5.70,5.73,5.76,5.74,5.71,5.70,5.70,5.70,5.70,5.66,5.74,6.05,6.62,7.19,7.69,8.05,8.16,8.22,8.25,8.27,8.28,8.35,8.37,8.37,8.34,8.18,7.99,7.81,7.66,7.50,7.35,7.19,7.04,6.88,6.73,6.58,6.42,6.31,6.37,6.71,6.49,5.92,5.40,5.00,4.88,4.89,4.74,3.86,2.93,2.18,1.52,0.59,e,e,e,e,e,e,e,e,e,e,e,e,e,e,e,e,e,e,e,e,e,e,e,e,e,e,e,e,e,e,e,e,e,e,e,e,e,e,e,e,e,e,e,e,e,e,e,e,e,e,e,e,e,e,e,e,e,e,e,e,e,e,e,e,e,e,e,e,e,e,e,e,e,e,e,e,e,e,e,e,e,e,e,e,e,e,e,e,e,e,e,e,e,e,e,e,e,e,e,e,e,e,e,e,e,e,e,e,e,e,e,e,e,e,e,e,e,e,e,e
7.18,6.95,6.72,6.49,6.27,6.08,5.97,5.90,5.90,5.84,5.79,5.77,5.71,5.70,5.70,5.69,5.68,5.62,5.60,5.60,5.59,5.50,5.42,5.30,5.19,5.10,5.03,5.05,5.07,5.02,5.01,5.01,5.00,5.00,5.00,5.00,5.00,5.00,5.00,5.00,5.06,5.10,5.12,5.19,5.21,5.25,5.30,5.30,5.31,5.30,5.30,5.28,5.22,5.20,5.16,5.13,5.18,5.20,5.20,5.20,5.20,5.21,5.26,5.30,5.30,5.30,5.36,5.40,5.40,5.40,5.40,5.45,5.50,5.50,5.50,5.50,5.50,5.53,5.58,5.60,5.60,5.63,5.68,5.70,5.70,5.70,5.72,5.77,5.73,5.71,5.71,5.70,5.72,5.75,6.04,6.70,7.23,7.70,7.98,8.08,8.10,8.11,8.15,8.20,8.21,8.28,8.29,8.23,8.09,7.94,7.78,7.62,7.46,7.31,7.16,7.00,6.85,6.69,6.54,6.38,6.23,6.09,6.07,6.44,6.27,5.73,5.19,4.67,4.38,4.37,4.40,3.54,2.62,1.72,1.06,e,e,e,e,e,e,e,e,e,e,e,e,e,e,e,e,e,e,e,e,e,e,e,e,e,e,e,e,e,e,e,e,e,e,e,e,e,e,e,e,e,e,e,e,e,e,e,e,e,e,e,e,e,e,e,e,e,e,e,e,e,e,e,e,e,e,e,e,e,e,e,e,e,e,e,e,e,e,e,e,e,e,e,e,e,e,e,e,e,e,e,e,e,e,e,e,e,e,e,e,e,e,e,e,e,e,e,e,e,e,e,e,e,e,e,e,e,e,e,e,e
7.15,6.90,6.67,6.44,6.25,6.12,6.05,6.02,5.97,5.90,5.86,5.85,5.82,5.78,5.76,5.76,5.75,5.73,5.68,5.66,5.64,5.57,5.45,5.34,5.24,5.16,5.09,5.05,5.03,5.00,5.00,5.00,5.00,5.00,5.00,5.04,5.03,5.00,5.01,5.05,5.09,5.12,5.16,5.20,5.24,5.28,5.31,5.35,5.31,5.30,5.28,5.24,5.21,5.16,5.12,5.11,5.14,5.18,5.20,5.20,5.20,5.20,5.26,5.30,5.30,5.30,5.33,5.37,5.40,5.40,5.40,5.42,5.46,5.50,5.50,5.50,5.50,5.51,5.54,5.58,5.60,5.61,5.65,5.69,5.70,5.70,5.71,5.74,5.75,5.76,5.75,5.73,5.88,6.21,6.68,7.26,7.58,7.83,7.96,7.99,8.03,8.04,8.06,8.09,8.14,8.17,8.14,8.05,7.89,7.74,7.58,7.43,7.28,7.12,6.96,6.81,6.66,6.50,6.35,6.19,6.01,5.84,5.81,6.14,6.02,5.54,5.00,4.46,4.04,3.93,3.96,3.25,2.36,1.43,0.76,e,e,e,e,e,e,e,e,e,e,e,e,e,e,e,e,e,e,e,e,e,e,e,e,e,e,e,e,e,e,e,e,e,e,e,e,e,e,e,e,e,e,e,e,e,e,e,e,e,e,e,e,e,e,e,e,e,e,e,e,e,e,e,e,e,e,e,e,e,e,e,e,e,e,e,e,e,e,e,e,e,e,e,e,e,e,e,e,e,e,e,e,e,e,e,e,e,e,e,e,e,e,e,e,e,e,e,e,e,e,e,e,e,e,e,e,e,e,e,e,e
7.11,6.86,6.63,6.41,6.26,6.18,6.14,6.11,6.04,5.97,5.94,5.93,5.92,5.87,5.83,5.83,5.83,5.83,5.77,5.71,5.69,5.61,5.48,5.38,5.30,5.23,5.15,5.09,5.04,5.02,5.02,5.02,5.02,5.02,5.03,5.08,5.05,5.00,5.01,5.08,5.12,5.15,5.20,5.21,5.27,5.30,5.32,5.36,5.32,5.29,5.25,5.21,5.20,5.14,5.10,5.10,5.11,5.17,5.20,5.20,5.20,5.20,5.25,5.29,5.30,5.30,5.30,5.35,5.40,5.40,5.40,5.40,5.42,5.47,5.50,5.50,5.50,5.50,5.50,5.57,5.60,5.60,5.61,5.66,5.69,5.70,5.70,5.71,5.75,5.79,5.81,5.89,6.23,6.73,7.25,7.62,7.75,7.84,7.88,7.89,7.94,7.97,7.98,8.00,8.07,8.05,7.98,7.86,7.70,7.55,7.39,7.24,7.08,6.93,6.78,6.61,6.44,6.29,6.13,5.98,5.79,5.61,5.57,5.83,5.75,5.34,4.81,4.26,3.76,3.51,3.45,2.93,2.08,1.15,0.48,e,e,e,e,e,e,e,e,e,e,e,e,e,e,e,e,e,e,e,e,e,e,e,e,e,e,e,e,e,e,e,e,e,e,e,e,e,e,e,e,e,e,e,e,e,e,e,e,e,e,e,e,e,e,e,e,e,e,e,e,e,e,e,e,e,e,e,e,e,e,e,e,e,e,e,e,e,e,e,e,e,e,e,e,e,e,e,e,e,e,e,e,e,e,e,e,e,e,e,e,e,e,e,e,e,e,e,e,e,e,e,e,e,e,e,e,e,e,e,e,e
7.10,6.86,6.63,6.42,6.31,6.28,6.25,6.18,6.10,6.08,6.04,5.98,5.98,5.98,5.93,5.89,5.88,5.88,5.83,5.76,5.69,5.61,5.53,5.44,5.37,5.29,5.21,5.18,5.14,5.09,5.08,5.08,5.08,5.08,5.09,5.10,5.05,5.00,5.01,5.08,5.15,5.19,5.20,5.21,5.27,5.30,5.30,5.31,5.30,5.25,5.21,5.20,5.20,5.14,5.10,5.10,5.11,5.17,5.20,5.20,5.20,5.20,5.21,5.25,5.30,5.30,5.30,5.35,5.40,5.40,5.40,5.40,5.40,5.43,5.49,5.50,5.50,5.50,5.50,5.57,5.60,5.60,5.60,5.61,5.66,5.70,5.70,5.70,5.71,5.76,5.91,6.26,6.79,7.25,7.56,7.67,7.71,7.78,7.81,7.82,7.83,7.88,7.91,7.93,7.99,7.94,7.81,7.66,7.51,7.36,7.20,7.04,6.89,6.74,6.58,6.38,6.19,6.03,5.88,5.73,5.57,5.42,5.36,5.50,5.46,5.16,4.62,4.08,3.49,3.08,2.88,2.57,1.76,0.84,0.17,e,e,e,e,0.10,0.10,0.05,0.01,e,e,e,e,e,e,e,e,e,e,e,e,e,e,e,e,e,e,e,e,e,e,e,e,e,e,e,e,e,e,e,e,e,e,e,e,e,e,e,e,e,e,e,e,e,e,e,e,e,e,e,e,e,e,e,e,e,e,e,e,e,e,e,e,e,e,e,e,e,e,e,e,e,e,e,e,e,e,e,e,e,e,e,e,e,e,e,e,e,e,e,e,e,e,e,e,e,e,e,e,e,e,e,e,e,e,e,e,e,e,e,e,e
7.09,6.86,6.64,6.46,6.38,6.36,6.32,6.24,6.17,6.15,6.11,6.05,6.05,6.05,6.03,5.99,5.95,5.91,5.87,5.82,5.74,5.66,5.59,5.50,5.43,5.35,5.27,5.25,5.22,5.16,5.15,5.15,5.15,5.14,5.11,5.10,5.05,5.00,5.01,5.08,5.13,5.19,5.25,5.25,5.29,5.30,5.30,5.29,5.26,5.22,5.20,5.19,5.16,5.12,5.10,5.10,5.10,5.13,5.18,5.20,5.20,5.20,5.20,5.24,5.29,5.30,5.30,5.32,5.35,5.35,5.39,5.40,5.40,5.41,5.44,5.48,5.50,5.50,5.50,5.54,5.57,5.60,5.60,5.60,5.63,5.66,5.70,5.70,5.73,5.94,6.30,6.80,7.19,7.44,7.57,7.60,7.64,7.68,7.72,7.75,7.75,7.78,7.82,7.86,7.88,7.77,7.63,7.47,7.32,7.16,6.98,6.80,6.65,6.50,6.34,6.16,5.98,5.83,5.67,5.52,5.37,5.22,5.12,5.20,5.19,4.97,4.42,3.88,3.29,2.77,2.44,2.26,1.50,0.84,0.10,e,e,0.00,0.09,0.20,0.20,0.17,0.17,0.18,0.12,0.10,0.05,0.00,e,e,e,e,e,e,e,e,e,e,e,e,e,e,e,e,e,e,e,e,e,e,e,e,e,e,e,e,e,e,e,e,e,e,e,e,e,e,e,e,e,e,e,e,e,e,e,e,e,e,e,e,e,e,e,e,e,e,e,e,e,e,e,e,e,e,e,e,e,e,e,e,e,e,e,e,e,e,e,e,e,e,e,e,e,e,e,e,e,e,e,e,e,e,e,e,e,e,e,e,e,e,e,e,e,e,e,e
7.08,6.85,6.66,6.52,6.45,6.42,6.38,6.31,6.24,6.22,6.18,6.13,6.12,6.11,6.11,6.08,6.01,5.93,5.91,5.87,5.80,5.72,5.65,5.57,5.49,5.42,5.35,5.32,5.29,5.22,5.21,5.21,5.21,5.18,5.11,5.10,5.05,5.00,5.01,5.08,5.12,5.20,5.29,5.30,5.30,5.30,5.30,5.28,5.22,5.20,5.20,5.17,5.11,5.10,5.10,5.10,5.10,5.10,5.14,5.19,5.20,5.20,5.20,5.23,5.28,5.30,5.30,5.30,5.30,5.31,5.37,5.39,5.40,5.40,5.40,5.45,5.49,5.50,5.50,5.50,5.54,5.59,5.60,5.60,5.60,5.63,5.69,5.75,5.88,6.24,6.76,7.24,7.43,7.48,7.48,7.50,7.57,7.58,7.62,7.67,7.68,7.69,7.73,7.77,7.72,7.57,7.42,7.27,7.12,6.95,6.75,6.57,6.41,6.26,6.10,5.95,5.79,5.64,5.48,5.33,5.17,5.02,4.88,4.90,4.94,4.78,4.24,3.69,3.10,2.51,2.07,1.96,1.22,0.82,e,e,e,0.01,0.10,0.29,0.34,0.34,0.30,0.23,0.16,0.14,0.09,0.05,e,e,e,e,e,e,e,e,e,e,e,e,e,e,e,e,e,e,e,e,e,e,e,e,e,e,e,e,e,e,e,e,e,e,e,e,e,e,e,e,e,e,e,e,e,e,e,e,e,e,e,e,e,e,e,e,e,e,e,e,e,e,e,e,e,e,e,e,e,e,e,e,e,e,e,e,e,e,e,e,e,e,e,e,e,e,e,e,e,e,e,e,e,e,e,e,e,e,e,e,e,e,e,e,e,e,e,e
7.01,6.82,6.67,6.59,6.56,6.51,6.45,6.38,6.36,6.31,6.27,6.24,6.19,6.18,6.14,6.10,6.07,6.00,5.93,5.89,5.86,5.79,5.71,5.63,5.55,5.49,5.46,5.42,5.34,5.28,5.27,5.27,5.24,5.18,5.11,5.10,5.05,5.00,5.01,5.08,5.20,5.28,5.30,5.30,5.30,5.30,5.28,5.22,5.21,5.20,5.18,5.12,5.10,5.10,5.10,5.10,5.10,5.10,5.11,5.14,5.20,5.20,5.20,5.21,5.23,5.29,5.30,5.30,5.30,5.30,5.32,5.36,5.40,5.40,5.40,5.41,5.45,5.50,5.50,5.50,5.51,5.54,5.60,5.60,5.60,5.61,5.67,5.92,6.33,6.75,7.11,7.28,7.33,7.38,7.42,7.44,7.50,7.53,7.53,7.56,7.61,7.63,7.67,7.66,7.48,7.32,7.17,7.01,6.86,6.71,6.53,6.38,6.22,6.07,5.91,5.76,5.60,5.45,5.29,5.14,4.98,4.83,4.68,4.62,4.68,4.58,4.04,3.50,2.90,2.32,1.85,1.62,0.88,0.51,e,e,e,0.07,0.15,0.32,0.49,0.49,0.45,0.42,0.34,0.28,0.25,0.23,0.19,0.12,0.10,0.07,0.01,e,e,e,e,e,e,e,e,e,e,e,e,e,e,e,e,e,e,e,e,e,e,e,e,e,e,e,e,e,e,e,e,e,e,e,e,e,e,e,e,e,e,e,e,e,e,e,e,e,e,e,e,e,e,e,e,e,e,e,e,e,e,e,e,e,e,e,e,e,e,e,e,e,e,e,e,e,e,e,e,e,e,e,e,e,e,e,e,e,e,e,e,e,e,e,e,e,e,e,e,e,e,e
6.99,6.82,6.73,6.68,6.65,6.59,6.52,6.48,6.45,6.38,6.34,6.33,6.26,6.24,6.19,6.13,6.09,6.05,5.99,5.93,5.89,5.85,5.80,5.76,5.71,5.67,5.67,5.62,5.54,5.47,5.43,5.40,5.33,5.23,5.15,5.11,5.05,4.99,4.98,5.07,5.20,5.25,5.25,5.25,5.25,5.25,5.24,5.21,5.20,5.18,5.14,5.09,5.06,5.05,5.07,5.10,5.10,5.10,5.10,5.13,5.20,5.20,5.20,5.20,5.21,5.25,5.25,5.28,5.30,5.30,5.30,5.33,5.37,5.40,5.40,5.40,5.42,5.46,5.50,5.50,5.50,5.51,5.56,5.59,5.60,5.69,5.94,6.33,6.71,7.00,7.18,7.24,7.26,7.29,7.33,7.36,7.41,7.44,7.46,7.47,7.51,7.54,7.54,7.46,7.27,7.11,6.96,6.80,6.65,6.49,6.34,6.18,6.03,5.88,5.72,5.57,5.41,5.26,5.10,4.95,4.78,4.60,4.45,4.36,4.45,4.39,3.85,3.31,2.71,2.13,1.62,1.20,0.54,0.23,e,e,0.00,0.10,0.21,0.37,0.59,0.64,0.61,0.58,0.53,0.46,0.41,0.37,0.32,0.25,0.23,0.20,0.14,0.20,0.20,0.16,0.08,0.01,e,e,e,e,e,e,e,e,e,e,e,e,e,e,e,e,e,e,e,e,e,e,e,e,e,e,e,e,e,e,e,e,e,e,e,e,e,e,e,e,e,e,e,e,e,e,e,e,e,e,e,e,e,e,e,e,e,e,e,e,e,e,e,e,e,e,e,e,e,e,e,e,e,e,e,e,e,e,e,e,e,e,e,e,e,e,e,e,e,e,e,e,e,e,e,e,e,e
7.00,6.86,6.80,6.79,6.72,6.65,6.61,6.59,6.53,6.45,6.42,6.41,6.35,6.33,6.28,6.21,6.16,6.15,6.09,6.02,5.98,5.98,5.99,5.99,5.98,5.98,5.98,5.92,5.85,5.77,5.71,5.62,5.48,5.33,5.25,5.18,5.10,5.01,4.95,5.05,5.13,5.18,5.18,5.19,5.19,5.20,5.20,5.19,5.19,5.14,5.10,5.08,5.02,5.00,5.04,5.09,5.10,5.10,5.10,5.13,5.19,5.19,5.20,5.20,5.20,5.21,5.21,5.24,5.29,5.30,5.30,5.30,5.33,5.38,5.40,5.40,5.40,5.42,5.48,5.50,5.50,5.50,5.51,5.58,5.65,5.89,6.33,6.78,7.00,7.07,7.11,7.17,7.19,7.20,7.23,7.29,7.30,7.35,7.39,7.39,7.41,7.45,7.38,7.23,7.07,6.92,6.76,6.61,6.46,6.30,6.15,5.99,5.84,5.68,5.53,5.37,5.21,5.05,4.90,4.75,4.56,4.36,4.21,4.11,4.22,4.20,3.66,3.12,2.52,1.94,1.38,0.79,0.26,0.02,e,e,0.01,0.12,0.27,0.43,0.65,0.77,0.77,0.72,0.71,0.65,0.58,0.53,0.51,0.45,0.42,0.38,0.31,0.25,0.24,0.19,0.12,0.04,e,e,e,e,e,e,e,e,e,e,e,e,e,e,e,e,e,e,e,e,e,e,e,e,e,e,e,e,e,e,e,e,e,e,e,e,e,e,e,e,e,e,e,e,e,e,e,e,e,e,e,e,e,e,e,e,e,e,e,e,e,e,e,e,e,e,e,e,e,e,e,e,e,e,e,e,e,e,e,e,e,e,e,e,e,e,e,e,e,e,e,e,e,e,e,e,e,e
7.02,6.93,6.87,6.86,6.79,6.76,6.72,6.67,6.64,6.57,6.57,6.60,6.58,6.53,6.50,6.47,6.45,6.45,6.39,6.36,6.40,6.46,6.51,6.53,6.53,6.53,6.53,6.47,6.39,6.33,6.30,6.15,5.89,5.63,5.55,5.48,5.36,5.19,4.99,4.96,4.98,5.02,5.06,5.06,5.11,5.13,5.13,5.13,5.13,5.11,5.10,5.08,5.02,5.00,5.01,5.04,5.09,5.10,5.10,5.11,5.13,5.13,5.17,5.20,5.20,5.20,5.20,5.21,5.25,5.29,5.30,5.30,5.31,5.34,5.39,5.40,5.40,5.41,5.43,5.48,5.50,5.50,5.51,5.58,5.93,6.35,6.71,6.87,6.94,6.99,7.04,7.06,7.11,7.13,7.16,7.23,7.23,7.25,7.29,7.33,7.33,7.30,7.19,7.04,6.88,6.73,6.57,6.42,6.26,6.11,5.96,5.80,5.65,5.49,5.34,5.15,4.96,4.80,4.65,4.50,4.33,4.16,4.00,3.87,4.00,4.01,3.47,2.93,2.33,1.75,1.19,0.60,0.39,e,e,e,0.07,0.17,0.33,0.49,0.66,0.85,0.93,0.91,0.90,0.84,0.80,0.76,0.71,0.69,0.64,0.58,0.50,0.42,0.41,0.36,0.29,0.22,0.20,0.20,0.17,0.09,0.02,0.00,e,e,e,e,e,e,e,e,e,e,e,e,e,e,e,e,e,e,e,e,e,e,e,e,e,e,e,e,e,e,e,e,e,e,e,e,e,e,e,e,e,e,e,e,e,e,e,e,e,e,e,e,e,e,e,e,e,e,e,e,e,e,e,e,e,e,e,e,e,e,e,e,e,e,e,e,e,e,e,e,e,e,e,e,e,e,e,e,e,e,e,e
7.12,7.05,7.00,6.99,6.92,6.88,6.84,6.80,6.77,6.70,6.70,6.75,6.79,6.83,6.82,6.80,6.80,6.80,6.76,6.75,6.80,6.92,7.00,7.06,7.11,7.11,7.11,7.04,6.97,6.91,6.89,6.69,6.36,6.03,5.85,5.76,5.63,5.43,5.19,5.14,5.13,5.15,5.16,5.14,5.13,5.15,5.14,5.08,5.07,5.09,5.09,5.06,5.01,5.00,5.00,5.01,5.06,5.09,5.10,5.10,5.10,5.10,5.14,5.18,5.20,5.20,5.20,5.20,5.21,5.26,5.29,5.30,5.30,5.31,5.36,5.39,5.40,5.40,5.41,5.45,5.48,5.53,5.63,5.88,6.26,6.62,6.83,6.86,6.87,6.91,6.96,6.97,7.02,7.05,7.09,7.13,7.16,7.16,7.19,7.23,7.22,7.13,7.00,6.85,6.69,6.54,6.38,6.23,6.07,5.89,5.73,5.57,5.42,5.27,5.12,4.92,4.74,4.58,4.43,4.28,4.12,3.96,3.81,3.66,3.76,3.77,3.27,2.74,2.14,1.55,1.00,0.42,0.30,e,e,e,0.14,0.24,0.39,0.55,0.71,0.90,1.04,1.10,1.09,1.03,1.00,0.97,0.91,0.90,0.85,0.77,0.69,0.64,0.61,0.56,0.48,0.40,0.35,0.32,0.27,0.20,0.12,0.12,e,e,e,e,e,e,e,e,e,e,e,e,e,e,e,e,e,e,e,e,e,e,e,e,e,e,e,e,e,e,e,e,e,e,e,e,e,e,e,e,e,e,e,e,e,e,e,e,e,e,e,e,e,e,e,e,e,e,e,e,e,e,e,e,e,e,e,e,e,e,e,e,e,e,e,e,e,e,e,e,e,e,e,e,e,e,e,e,e,e,e,e
7.29,7.24,7.19,7.18,7.11,7.04,7.00,6.98,6.91,6.83,6.80,6.84,6.99,7.17,7.21,7.18,7.19,7.19,7.18,7.15,7.15,7.33,7.44,7.57,7.67,7.68,7.68,7.63,7.55,7.48,7.46,7.22,6.87,6.49,6.16,6.03,5.89,5.71,5.54,5.57,5.58,5.56,5.50,5.43,5.31,5.32,5.35,5.18,5.15,5.15,5.11,5.01,5.00,5.00,5.00,5.00,5.01,5.07,5.10,5.10,5.10,5.10,5.11,5.14,5.19,5.20,5.20,5.20,5.20,5.22,5.28,5.30,5.30,5.30,5.31,5.36,5.40,5.40,5.40,5.41,5.47,5.61,5.88,6.37,6.59,6.69,6.72,6.79,6.80,6.84,6.90,6.90,6.91,6.96,7.01,7.03,7.08,7.10,7.11,7.11,7.09,6.96,6.81,6.65,6.49,6.34,6.18,6.03,5.87,5.65,5.49,5.33,5.18,5.02,4.87,4.71,4.55,4.39,4.24,4.08,3.93,3.77,3.62,3.46,3.51,3.48,3.07,2.54,1.95,1.36,0.82,0.25,0.13,e,e,e,0.18,0.30,0.46,0.61,0.77,0.93,1.11,1.27,1.28,1.22,1.19,1.17,1.10,1.09,1.04,0.96,0.90,0.88,0.82,0.75,0.67,0.61,0.59,0.54,0.46,0.38,0.31,0.25,0.22,0.20,0.13,0.05,0.03,e,e,e,e,e,e,e,e,e,e,e,e,e,e,e,e,e,e,e,e,e,e,e,e,e,e,e,e,e,e,e,e,e,e,e,e,e,e,e,e,e,e,e,e,e,e,e,e,e,e,e,e,e,e,e,e,e,e,e,e,e,e,e,e,e,e,e,e,e,e,e,e,e,e,e,e,e,e,e,e,e,e,e,e,e,e,e
7.44,7.40,7.37,7.32,7.29,7.22,7.18,7.17,7.09,6.98,6.92,6.96,7.11,7.25,7.41,7.52,7.56,7.57,7.57,7.55,7.54,7.59,7.82,8.05,8.20,8.24,8.25,8.22,8.18,8.11,8.05,7.75,7.38,6.99,6.62,6.38,6.20,6.07,6.00,6.02,6.06,6.07,6.03,5.96,5.85,6.08,6.40,6.39,6.31,5.93,5.44,5.03,5.00,5.00,5.00,5.00,5.00,5.03,5.07,5.10,5.10,5.10,5.10,5.11,5.14,5.14,5.18,5.20,5.20,5.20,5.23,5.27,5.30,5.30,5.30,5.33,5.36,5.40,5.40,5.40,5.60,5.92,6.23,6.48,6.59,6.64,6.66,6.72,6.74,6.76,6.79,6.83,6.84,6.89,6.94,6.95,6.97,7.02,7.04,7.02,6.92,6.77,6.62,6.45,6.25,6.10,5.94,5.79,5.63,5.45,5.28,5.13,4.97,4.82,4.67,4.51,4.36,4.20,4.05,3.89,3.74,3.58,3.43,3.27,3.23,3.16,2.86,2.35,1.75,1.18,0.69,0.24,0.10,e,e,0.02,0.17,0.34,0.52,0.67,0.83,0.98,1.16,1.31,1.40,1.39,1.38,1.36,1.29,1.28,1.23,1.17,1.14,1.09,1.02,0.94,0.87,0.84,0.80,0.73,0.65,0.58,0.50,0.46,0.42,0.37,0.29,0.21,0.23,0.28,0.20,0.12,0.04,0.00,e,e,e,e,e,e,e,e,e,e,e,e,e,e,e,e,e,e,e,e,e,e,e,e,e,e,e,e,e,e,e,e,e,e,e,e,e,e,e,e,e,e,e,e,e,e,e,e,e,e,e,e,e,e,e,e,e,e,e,e,e,e,e,e,e,e,e,e,e,e,e,e,e,e,e,e,e,e,e,e,e,e
7.60,7.58,7.55,7.48,7.47,7.42,7.37,7.33,7.26,7.12,7.05,7.08,7.21,7.32,7.53,7.74,7.85,7.91,7.94,7.94,7.93,7.91,8.17,8.45,8.66,8.78,8.82,8.82,8.79,8.71,8.60,8.27,7.89,7.50,7.12,6.78,6.57,6.47,6.47,6.49,6.54,6.58,6.58,6.54,6.61,7.04,7.61,7.87,7.96,7.46,6.69,5.97,5.60,5.19,5.00,5.00,5.00,5.00,5.04,5.07,5.08,5.09,5.10,5.10,5.10,5.11,5.17,5.20,5.20,5.20,5.20,5.24,5.28,5.30,5.30,5.30,5.33,5.38,5.43,5.55,5.83,6.18,6.45,6.48,6.52,6.56,6.59,6.64,6.67,6.67,6.69,6.75,6.77,6.82,6.86,6.88,6.88,6.92,6.93,6.87,6.71,6.56,6.41,6.23,6.03,5.87,5.71,5.55,5.40,5.25,5.09,4.94,4.78,4.63,4.47,4.32,4.17,4.01,3.86,3.70,3.54,3.37,3.21,3.06,2.96,2.86,2.66,2.17,1.57,0.98,0.55,e,e,e,e,0.04,0.17,0.37,0.56,0.72,0.87,1.04,1.20,1.35,1.50,1.56,1.57,1.55,1.50,1.48,1.43,1.39,1.36,1.29,1.21,1.13,1.08,1.06,1.00,0.92,0.85,0.77,0.71,0.68,0.64,0.56,0.48,0.40,0.36,0.33,0.25,0.17,0.11,0.08,e,e,e,e,e,e,e,e,e,e,e,e,e,e,e,e,e,e,e,e,e,e,e,e,e,e,e,e,e,e,e,e,e,e,e,e,e,e,e,e,e,e,e,e,e,e,e,e,e,e,e,e,e,e,e,e,e,e,e,e,e,e,e,e,e,e,e,e,e,e,e,e,e,e,e,e,e,e,e,e,e,e
7.79,7.76,7.74,7.67,7.67,7.61,7.54,7.46,7.39,7.25,7.17,7.19,7.29,7.43,7.60,7.78,7.99,8.18,8.29,8.32,8.32,8.33,8.48,8.73,9.03,9.28,9.38,9.41,9.38,9.28,9.12,8.78,8.39,8.01,7.62,7.24,7.01,6.92,6.93,6.99,7.01,7.05,7.10,7.13,7.55,8.14,8.82,9.59,10.26,10.14,9.51,8.54,7.33,5.84,5.07,5.03,5.00,5.00,5.01,5.02,5.03,5.08,5.10,5.10,5.10,5.11,5.17,5.20,5.20,5.20,5.20,5.21,5.24,5.29,5.30,5.30,5.31,5.36,5.52,5.92,6.17,6.29,6.40,6.41,6.42,6.46,6.51,6.53,6.58,6.61,6.62,6.63,6.69,6.72,6.75,6.80,6.81,6.82,6.76,6.61,6.46,6.31,6.15,5.99,5.83,5.67,5.52,5.37,5.21,5.05,4.90,4.75,4.59,4.44,4.28,4.13,3.97,3.82,3.66,3.51,3.32,3.12,2.96,2.81,2.70,2.62,2.46,1.97,1.38,0.79,0.36,e,e,e,e,0.11,0.24,0.40,0.56,0.72,0.87,1.08,1.27,1.42,1.57,1.71,1.77,1.76,1.74,1.68,1.66,1.62,1.55,1.48,1.40,1.32,1.27,1.26,1.19,1.11,1.04,0.97,0.95,0.90,0.83,0.74,0.67,0.60,0.52,0.45,0.38,0.30,0.27,0.24,0.21,0.20,0.14,0.07,0.01,e,e,e,e,e,e,e,e,e,e,e,e,e,e,e,e,e,e,e,e,e,e,e,e,e,e,e,e,e,e,e,e,e,e,e,e,e,e,e,e,e,e,e,e,e,e,e,e,e,e,e,e,e,e,e,e,e,e,e,e,e,e,e,e,e,e,e,e,e,e,e,e,e,e,e,e,e
7.98,7.93,7.89,7.86,7.81,7.77,7.71,7.60,7.51,7.37,7.28,7.28,7.40,7.55,7.71,7.88,8.07,8.26,8.46,8.60,8.67,8.71,8.78,9.02,9.35,9.68,10.10,10.25,10.23,10.06,9.72,9.31,8.88,8.45,7.98,7.55,7.38,7.38,7.42,7.46,7.50,7.53,7.57,7.65,8.13,8.76,10.68,15.08,16.80,17.04,16.63,15.68,13.70,9.68,6.88,5.77,5.11,5.00,5.00,5.00,5.01,5.04,5.08,5.10,5.10,5.10,5.13,5.14,5.16,5.20,5.20,5.20,5.21,5.25,5.29,5.30,5.38,5.56,5.80,6.05,6.20,6.26,6.30,6.34,6.35,6.38,6.45,6.45,6.48,6.52,6.54,6.56,6.63,6.64,6.67,6.70,6.74,6.68,6.57,6.41,6.26,6.10,5.95,5.79,5.64,5.48,5.33,5.17,5.02,4.87,4.71,4.55,4.40,4.25,4.09,3.91,3.73,3.58,3.42,3.27,3.09,2.91,2.76,2.60,2.47,2.38,2.27,1.78,1.19,0.60,0.17,e,e,0.00,0.04,0.16,0.31,0.46,0.61,0.77,0.92,1.11,1.28,1.43,1.59,1.78,1.90,1.96,1.94,1.88,1.85,1.82,1.75,1.67,1.59,1.54,1.50,1.46,1.38,1.30,1.24,1.20,1.16,1.09,1.00,0.89,0.81,0.73,0.66,0.58,0.50,0.42,0.40,0.39,0.36,0.35,0.29,0.21,0.17,0.28,0.22,0.15,0.07,0.01,e,e,e,e,e,e,e,e,e,e,e,e,e,e,e,e,e,e,e,e,e,e,e,e,e,e,e,e,e,e,e,e,e,e,e,e,e,e,e,e,e,e,e,e,e,e,e,e,e,e,e,e,e,e,e,e,e,e,e,e,e,e,e,e,e,e,e,e,e,e,e,e
8.17,8.10,8.04,8.04,7.97,7.94,7.86,7.73,7.64,7.50,7.39,7.37,7.53,7.68,7.83,7.97,8.13,8.29,8.54,8.78,8.93,9.03,9.08,9.29,9.65,10.08,10.84,11.20,11.22,10.93,10.35,9.80,9.30,8.82,8.29,7.85,7.76,7.84,7.90,7.92,7.98,8.03,8.04,8.14,8.57,9.44,12.89,20.85,23.54,24.23,24.06,23.00,20.43,14.76,10.23,7.67,5.92,5.32,5.09,5.00,5.00,5.00,5.05,5.08,5.09,5.10,5.10,5.10,5.12,5.18,5.20,5.20,5.20,5.21,5.28,5.35,5.53,5.79,6.04,6.08,6.13,6.19,6.19,6.25,6.28,6.32,6.37,6.38,6.39,6.42,6.47,6.49,6.55,6.58,6.58,6.60,6.64,6.53,6.37,6.22,6.07,5.91,5.76,5.60,5.45,5.29,5.14,4.98,4.83,4.66,4.51,4.35,4.20,4.04,3.88,3.69,3.49,3.34,3.18,3.03,2.88,2.72,2.56,2.41,2.26,2.15,2.07,1.59,0.99,0.45,0.03,e,e,0.00,0.04,0.20,0.36,0.52,0.67,0.83,0.98,1.14,1.29,1.45,1.61,1.82,1.99,2.11,2.12,2.06,2.04,2.01,1.94,1.86,1.79,1.76,1.73,1.65,1.57,1.50,1.44,1.42,1.35,1.26,1.14,1.02,0.94,0.86,0.78,0.70,0.63,0.57,0.54,0.54,0.53,0.53,0.47,0.40,0.34,0.34,0.27,0.20,0.12,0.06,e,e,e,e,e,e,e,e,e,e,e,e,e,e,e,e,e,e,e,e,e,e,e,e,e,e,e,e,e,e,e,e,e,e,e,e,e,e,e,e,e,e,e,e,e,e,e,e,e,e,e,e,e,e,e,e,e,e,e,e,e,e,e,e,e,e,e,e,e,e,e,e
8.35,8.29,8.24,8.23,8.16,8.09,7.99,7.85,7.77,7.63,7.52,7.50,7.65,7.81,7.92,8.04,8.19,8.34,8.57,8.80,9.02,9.22,9.40,9.56,9.87,10.58,11.50,12.22,12.39,11.84,10.96,10.17,9.53,9.01,8.50,8.23,8.21,8.28,8.36,8.42,8.49,8.54,8.55,8.64,8.96,10.79,15.61,24.13,27.11,28.54,28.61,26.90,24.18,20.80,16.80,12.52,8.81,6.61,5.47,5.00,5.00,5.00,5.01,5.02,5.04,5.09,5.10,5.10,5.10,5.13,5.18,5.20,5.20,5.20,5.23,5.57,5.81,5.88,6.00,6.02,6.07,6.12,6.13,6.14,6.19,6.23,6.25,6.31,6.32,6.33,6.36,6.42,6.44,6.49,6.52,6.51,6.47,6.34,6.18,6.03,5.87,5.72,5.57,5.41,5.25,5.10,4.95,4.79,4.63,4.42,4.25,4.10,3.94,3.79,3.63,3.47,3.30,3.15,2.99,2.84,2.68,2.53,2.38,2.22,2.06,1.96,1.88,1.40,0.80,0.44,e,e,e,0.00,0.04,0.21,0.41,0.59,0.74,0.90,1.05,1.20,1.35,1.51,1.66,1.84,1.99,2.14,2.25,2.24,2.24,2.20,2.13,2.05,2.02,1.98,1.92,1.84,1.76,1.69,1.61,1.55,1.47,1.35,1.23,1.14,1.06,0.99,0.87,0.77,0.76,0.74,0.74,0.71,0.66,0.66,0.65,0.60,0.54,0.53,0.46,0.38,0.31,0.24,0.21,0.20,0.13,0.01,0.00,e,e,e,e,e,e,e,e,e,e,e,e,e,e,e,e,e,e,e,e,e,e,e,e,e,e,e,e,e,e,e,e,e,e,e,e,e,e,e,e,e,e,e,e,e,e,e,e,e,e,e,e,e,e,e,e,e,e,e,e,e,e,e,e,e,e,e
8.53,8.48,8.42,8.38,8.31,8.23,8.12,7.98,7.89,7.75,7.64,7.63,7.77,7.90,8.02,8.14,8.30,8.45,8.64,8.84,9.04,9.28,9.54,9.71,10.09,11.07,12.16,13.14,13.43,12.71,11.58,10.48,9.70,9.17,8.74,8.62,8.65,8.73,8.81,8.92,8.97,9.01,9.06,9.17,9.59,13.65,20.56,27.79,31.05,32.85,32.84,30.58,27.52,25.04,21.81,17.81,13.92,10.31,7.69,5.96,5.10,5.00,5.00,5.00,5.01,5.05,5.09,5.10,5.10,5.11,5.14,5.18,5.21,5.27,5.40,5.70,5.85,5.87,5.91,5.95,5.98,6.03,6.05,6.05,6.12,6.16,6.17,6.21,6.24,6.26,6.28,6.34,6.35,6.39,6.42,6.39,6.29,6.15,5.99,5.84,5.68,5.53,5.37,5.21,5.03,4.87,4.71,4.56,4.40,4.20,4.04,3.88,3.73,3.57,3.42,3.26,3.11,2.96,2.80,2.65,2.49,2.34,2.18,2.03,1.88,1.77,1.69,1.21,0.61,0.27,e,e,e,0.04,0.09,0.24,0.44,0.60,0.76,0.92,1.10,1.27,1.42,1.57,1.73,1.89,2.04,2.20,2.33,2.41,2.43,2.40,2.32,2.28,2.24,2.19,2.10,1.99,1.91,1.83,1.75,1.67,1.56,1.44,1.35,1.27,1.19,1.09,0.99,0.93,0.92,0.89,0.89,0.86,0.83,0.83,0.80,0.76,0.73,0.72,0.66,0.58,0.50,0.42,0.34,0.30,0.21,0.09,0.09,0.17,0.15,0.10,e,e,e,e,e,e,e,e,e,e,e,e,e,e,e,e,e,e,e,e,e,e,e,e,e,e,e,e,e,e,e,e,e,e,e,e,e,e,e,e,e,e,e,e,e,e,e,e,e,e,e,e,e,e,e,e,e,e,e,e,e,e,e,e
8.71,8.66,8.60,8.52,8.43,8.36,8.25,8.11,8.02,7.89,7.78,7.75,7.89,7.99,8.12,8.27,8.42,8.57,8.72,8.88,9.05,9.28,9.57,9.80,10.30,11.52,12.74,13.91,14.37,13.73,12.43,11.01,10.01,9.43,9.06,9.04,9.10,9.17,9.26,9.44,9.64,10.00,10.49,10.85,11.72,17.86,26.27,31.57,35.16,37.22,37.09,34.42,30.99,28.55,25.96,22.92,19.59,15.07,10.98,7.72,5.63,5.14,5.03,5.00,5.00,5.01,5.06,5.09,5.10,5.10,5.11,5.17,5.27,5.37,5.61,5.74,5.79,5.79,5.80,5.87,5.90,5.92,5.98,5.99,6.05,6.09,6.10,6.10,6.16,6.19,6.21,6.28,6.29,6.30,6.29,6.25,6.11,5.95,5.79,5.63,5.48,5.33,5.17,5.00,4.79,4.62,4.47,4.31,4.16,4.00,3.85,3.69,3.54,3.38,3.23,3.07,2.92,2.76,2.61,2.46,2.30,2.14,1.98,1.83,1.67,1.57,1.48,1.01,0.46,0.12,e,e,e,0.10,0.15,0.31,0.46,0.62,0.77,0.94,1.15,1.32,1.48,1.63,1.79,1.95,2.10,2.26,2.41,2.56,2.61,2.58,2.52,2.50,2.44,2.36,2.26,2.12,2.04,1.96,1.88,1.79,1.65,1.55,1.48,1.40,1.31,1.18,1.12,1.10,1.10,1.04,1.03,1.02,1.01,1.00,0.95,0.92,0.90,0.90,0.84,0.77,0.69,0.60,0.53,0.44,0.33,0.21,0.20,0.21,0.16,0.10,e,e,e,e,e,e,e,e,e,e,e,e,e,e,e,e,e,e,e,e,e,e,e,e,e,e,e,e,e,e,e,e,e,e,e,e,e,e,e,e,e,e,e,e,e,e,e,e,e,e,e,e,e,e,e,e,e,e,e,e,e,e,e,e
8.86,8.83,8.79,8.70,8.58,8.48,8.37,8.23,8.15,8.06,7.94,7.87,7.97,8.10,8.24,8.40,8.54,8.65,8.79,8.95,9.11,9.29,9.57,9.89,10.51,11.78,12.98,14.18,15.16,15.46,14.32,12.57,11.13,10.18,9.68,9.57,9.58,9.60,9.69,10.08,11.14,13.20,15.83,17.47,19.63,24.60,30.69,35.11,39.17,41.76,41.95,39.36,35.77,32.85,29.75,26.38,23.12,19.41,15.04,10.87,7.83,5.92,5.20,5.00,5.00,5.00,5.02,5.06,5.10,5.10,5.10,5.27,5.44,5.52,5.61,5.65,5.69,5.73,5.74,5.80,5.83,5.84,5.87,5.92,5.95,5.99,6.03,6.03,6.05,6.09,6.14,6.16,6.21,6.23,6.19,6.07,5.91,5.72,5.54,5.39,5.23,5.07,4.92,4.76,4.59,4.43,4.27,4.12,3.96,3.81,3.66,3.50,3.35,3.19,3.04,2.88,2.73,2.58,2.42,2.27,2.08,1.89,1.73,1.57,1.42,1.30,1.19,0.80,0.60,e,e,e,0.00,0.09,0.21,0.36,0.52,0.67,0.83,0.99,1.17,1.32,1.48,1.64,1.85,2.01,2.17,2.32,2.48,2.63,2.75,2.78,2.71,2.65,2.58,2.47,2.34,2.25,2.17,2.09,1.99,1.87,1.76,1.68,1.60,1.51,1.39,1.33,1.28,1.24,1.24,1.21,1.21,1.19,1.14,1.14,1.12,1.08,1.04,1.04,1.02,0.96,0.86,0.74,0.66,0.54,0.42,0.33,0.28,0.27,0.19,0.10,e,e,e,e,e,e,e,e,e,e,e,e,e,e,e,e,e,e,e,e,e,e,e,e,e,e,e,e,e,e,e,e,e,e,e,e,e,e,e,e,e,e,e,e,e,e,e,e,e,e,e,e,e,e,e,e,e,e,e,e,e,e,e,e
9.03,8.99,8.94,8.86,8.71,8.61,8.50,8.36,8.28,8.20,8.08,7.99,8.07,8.22,8.37,8.51,8.64,8.75,8.89,9.04,9.20,9.36,9.60,9.95,10.64,11.94,13.16,14.41,15.66,16.58,16.24,15.12,13.88,12.81,12.14,11.81,11.58,11.46,11.62,12.44,14.20,16.86,19.90,21.95,24.81,28.96,33.59,37.72,42.36,45.61,46.43,44.23,40.26,36.60,32.66,28.65,25.46,22.36,18.49,14.38,10.76,7.83,6.21,5.36,5.02,5.00,5.00,5.03,5.07,5.11,5.15,5.33,5.49,5.54,5.56,5.57,5.59,5.64,5.67,5.72,5.75,5.77,5.78,5.84,5.87,5.89,5.94,5.96,5.96,6.01,6.07,6.07,6.12,6.10,6.01,5.85,5.69,5.50,5.32,5.16,5.01,4.86,4.70,4.55,4.39,4.24,4.08,3.93,3.77,3.62,3.46,3.31,3.16,3.00,2.85,2.67,2.50,2.35,2.19,2.04,1.86,1.67,1.51,1.36,1.20,1.06,0.93,0.59,0.50,e,e,e,0.04,0.12,0.28,0.43,0.59,0.74,0.90,1.05,1.20,1.35,1.51,1.68,1.88,2.04,2.20,2.35,2.50,2.66,2.81,2.89,2.85,2.78,2.68,2.56,2.45,2.37,2.29,2.20,2.08,1.97,1.88,1.81,1.72,1.60,1.49,1.47,1.44,1.40,1.40,1.38,1.37,1.34,1.30,1.27,1.27,1.24,1.19,1.14,1.11,1.03,0.92,0.80,0.74,0.63,0.53,0.45,0.35,0.31,0.19,0.07,e,e,e,e,e,e,e,e,e,e,e,e,e,e,e,e,e,e,e,e,e,e,e,e,e,e,e,e,e,e,e,e,e,e,e,e,e,e,e,e,e,e,e,e,e,e,e,e,e,e,e,e,e,e,e,e,e,e,e,e,e,e,e,e
9.22,9.14,9.07,8.98,8.84,8.74,8.63,8.49,8.41,8.33,8.21,8.12,8.20,8.34,8.50,8.62,8.72,8.86,9.02,9.17,9.32,9.47,9.64,9.98,10.70,12.00,13.31,14.64,15.94,17.11,17.95,18.19,17.76,16.91,16.09,15.50,14.96,14.64,14.93,16.21,18.36,20.52,22.36,24.04,26.96,30.88,35.20,39.49,44.74,48.68,50.21,48.51,44.02,39.54,34.68,29.95,26.84,23.99,21.13,17.88,14.06,10.66,8.05,6.20,5.18,5.02,5.00,5.00,5.04,5.11,5.24,5.34,5.41,5.42,5.48,5.50,5.51,5.53,5.59,5.61,5.65,5.70,5.71,5.78,5.80,5.81,5.82,5.89,5.90,5.94,6.00,6.00,6.00,5.90,5.75,5.60,5.45,5.29,5.13,4.97,4.82,4.67,4.51,4.36,4.20,4.05,3.89,3.74,3.58,3.42,3.27,3.11,2.96,2.80,2.65,2.45,2.25,2.10,1.95,1.79,1.64,1.47,1.32,1.17,1.01,0.86,0.68,0.39,0.31,e,e,e,0.10,0.18,0.34,0.49,0.65,0.81,0.96,1.11,1.27,1.42,1.57,1.73,1.89,2.05,2.20,2.35,2.50,2.66,2.81,2.93,2.97,2.90,2.77,2.66,2.57,2.49,2.42,2.29,2.17,2.09,2.00,1.92,1.82,1.69,1.61,1.59,1.59,1.58,1.58,1.52,1.50,1.49,1.48,1.42,1.40,1.39,1.33,1.20,1.13,1.00,0.88,0.80,0.78,0.72,0.64,0.54,0.41,0.32,0.17,0.01,e,e,e,e,e,e,e,e,e,e,e,e,e,e,e,e,e,e,e,e,e,e,e,e,e,e,e,e,e,e,e,e,e,e,e,e,e,e,e,e,e,e,e,e,e,e,e,e,e,e,e,e,e,e,e,e,e,e,e,e,e,e,e,e
9.39,9.31,9.20,9.11,8.96,8.87,8.78,8.67,8.54,8.46,8.34,8.24,8.33,8.47,8.59,8.71,8.83,8.99,9.14,9.30,9.44,9.55,9.70,10.01,10.69,11.98,13.42,14.97,16.43,17.64,18.56,19.37,19.74,19.66,19.25,18.82,18.39,18.14,18.36,19.27,20.84,22.52,24.13,25.86,28.34,31.99,36.35,40.94,46.55,50.62,51.87,49.62,45.22,40.62,35.63,30.79,27.50,24.86,22.42,19.70,16.44,13.20,10.41,8.11,6.34,5.22,5.00,5.03,5.08,5.16,5.22,5.29,5.33,5.34,5.37,5.42,5.44,5.46,5.52,5.53,5.56,5.59,5.64,5.67,5.71,5.73,5.74,5.77,5.82,5.86,5.89,5.92,5.85,5.71,5.55,5.40,5.25,5.09,4.94,4.78,4.63,4.47,4.32,4.17,4.01,3.85,3.70,3.55,3.38,3.18,3.02,2.86,2.71,2.56,2.40,2.23,2.06,1.90,1.75,1.59,1.44,1.28,1.13,0.97,0.82,0.67,0.49,0.20,0.12,e,e,e,0.16,0.25,0.41,0.56,0.71,0.86,1.02,1.18,1.33,1.49,1.64,1.79,1.95,2.10,2.23,2.35,2.50,2.66,2.81,2.96,3.04,2.97,2.87,2.78,2.69,2.57,2.49,2.39,2.29,2.21,2.09,2.00,1.91,1.82,1.79,1.74,1.72,1.72,1.72,1.69,1.65,1.62,1.62,1.59,1.54,1.47,1.36,1.21,1.13,1.00,0.85,0.74,0.69,0.66,0.60,0.52,0.41,0.29,0.18,0.00,e,e,e,e,e,e,e,e,e,e,e,e,e,e,e,e,e,e,e,e,e,e,e,e,e,e,e,e,e,e,e,e,e,e,e,e,e,e,e,e,e,e,e,e,e,e,e,e,e,e,e,e,e,e,e,e,e,e,e,e,e,e,e,e
9.56,9.46,9.32,9.24,9.09,8.99,8.91,8.82,8.68,8.57,8.45,8.36,8.43,8.55,8.66,8.78,8.93,9.07,9.22,9.38,9.51,9.59,9.74,10.00,10.63,11.98,13.55,15.28,16.90,18.23,19.16,20.22,21.12,21.69,21.73,21.52,21.31,21.21,21.38,21.98,23.05,24.39,25.90,27.57,29.89,33.43,37.83,42.67,48.40,52.47,53.19,49.95,45.48,40.80,35.92,31.29,27.96,25.45,23.13,20.67,17.89,15.06,12.47,10.07,7.82,5.83,5.15,5.03,5.09,5.14,5.17,5.21,5.26,5.28,5.28,5.32,5.36,5.39,5.44,5.47,5.48,5.50,5.57,5.57,5.62,5.66,5.67,5.68,5.75,5.78,5.79,5.80,5.67,5.52,5.36,5.21,5.05,4.90,4.75,4.59,4.44,4.28,4.13,3.97,3.80,3.64,3.48,3.33,3.16,2.96,2.79,2.64,2.48,2.33,2.17,2.02,1.87,1.71,1.55,1.40,1.25,1.09,0.94,0.78,0.63,0.47,0.29,0.07,0.00,e,e,e,0.20,0.29,0.44,0.60,0.77,0.93,1.08,1.21,1.37,1.52,1.68,1.83,1.99,2.14,2.25,2.35,2.50,2.66,2.81,2.97,3.08,3.05,2.98,2.90,2.79,2.66,2.58,2.50,2.41,2.31,2.18,2.09,2.01,1.95,1.95,1.90,1.88,1.87,1.85,1.85,1.81,1.77,1.74,1.71,1.64,1.52,1.36,1.21,1.13,1.00,0.84,0.70,0.62,0.57,0.52,0.46,0.38,0.23,0.17,e,e,e,e,e,e,e,e,e,e,e,e,e,e,e,e,e,e,e,e,e,e,e,e,e,e,e,e,e,e,e,e,e,e,e,e,e,e,e,e,e,e,e,e,e,e,e,e,e,e,e,e,e,e,e,e,e,e,e,e,e,e,e,e,e
9.70,9.58,9.45,9.36,9.22,9.12,9.04,8.94,8.80,8.65,8.54,8.47,8.49,8.57,8.70,8.84,8.98,9.08,9.22,9.37,9.51,9.59,9.74,9.91,10.50,12.03,13.75,15.51,17.26,18.87,20.06,21.05,22.05,22.92,23.34,23.35,23.41,23.51,23.69,24.32,25.38,26.59,27.87,29.26,31.99,35.69,40.05,45.01,50.58,54.58,54.65,50.08,45.09,40.16,35.49,31.38,28.34,25.80,23.38,20.86,18.23,15.96,13.87,11.75,9.49,7.05,5.53,5.01,5.02,5.04,5.09,5.12,5.15,5.21,5.21,5.22,5.26,5.32,5.33,5.38,5.41,5.44,5.50,5.51,5.52,5.56,5.61,5.62,5.68,5.71,5.70,5.63,5.48,5.33,5.17,5.02,4.86,4.71,4.55,4.40,4.24,4.09,3.94,3.76,3.54,3.39,3.23,3.08,2.92,2.76,2.60,2.45,2.29,2.14,1.98,1.83,1.67,1.52,1.37,1.21,1.05,0.90,0.75,0.59,0.44,0.27,0.07,e,e,e,e,0.01,0.14,0.29,0.44,0.61,0.81,0.99,1.12,1.22,1.37,1.52,1.68,1.83,1.99,2.14,2.25,2.35,2.50,2.66,2.81,2.97,3.10,3.16,3.11,3.00,2.87,2.78,2.70,2.62,2.52,2.38,2.29,2.22,2.14,2.08,2.07,2.07,2.06,2.04,1.98,1.97,1.96,1.93,1.85,1.72,1.63,1.51,1.36,1.21,1.13,1.00,0.84,0.70,0.62,0.49,0.42,0.39,0.31,0.18,0.12,e,e,e,e,e,e,e,e,e,e,e,e,e,e,e,e,e,e,e,e,e,e,e,e,e,e,e,e,e,e,e,e,e,e,e,e,e,e,e,e,e,e,e,e,e,e,e,e,e,e,e,e,e,e,e,e,e,e,e,e,e,e,e,e,e
9.80,9.66,9.52,9.44,9.30,9.20,9.10,8.97,8.82,8.70,8.59,8.49,8.47,8.56,8.70,8.84,8.96,9.07,9.19,9.32,9.47,9.59,9.71,9.84,10.38,11.81,13.54,15.29,17.01,18.62,19.86,20.69,21.57,22.57,23.54,24.44,25.23,25.80,26.11,26.73,27.78,28.95,30.26,32.08,35.11,39.23,44.08,49.41,54.83,57.59,56.43,51.20,45.52,40.12,35.47,31.61,28.58,26.35,24.28,22.05,19.61,17.49,15.43,13.19,10.68,7.99,5.80,4.95,4.95,4.96,5.02,5.04,5.07,5.10,5.14,5.14,5.19,5.25,5.25,5.28,5.32,5.36,5.40,5.44,5.45,5.46,5.50,5.54,5.58,5.59,5.56,5.44,5.29,5.14,4.98,4.83,4.67,4.49,4.31,4.16,4.00,3.85,3.69,3.53,3.34,3.18,3.03,2.87,2.72,2.56,2.41,2.25,2.10,1.95,1.79,1.64,1.48,1.33,1.17,1.02,0.84,0.67,0.55,0.40,0.27,0.14,0.02,e,e,e,e,0.06,0.18,0.34,0.49,0.65,0.84,1.00,1.15,1.26,1.38,1.52,1.68,1.83,1.99,2.14,2.27,2.39,2.51,2.66,2.81,2.97,3.11,3.23,3.19,3.09,2.98,2.91,2.83,2.73,2.61,2.50,2.42,2.34,2.29,2.25,2.25,2.22,2.21,2.19,2.16,2.12,2.05,1.97,1.88,1.73,1.60,1.49,1.36,1.21,1.13,1.00,0.84,0.70,0.61,0.48,0.36,0.29,0.24,0.11,0.04,e,e,e,e,e,e,e,e,e,e,e,e,e,e,e,e,e,e,e,e,e,e,e,e,e,e,e,e,e,e,e,e,e,e,e,e,e,e,e,e,e,e,e,e,e,e,e,e,e,e,e,e,e,e,e,e,e,e,e,e,e,e,e,e,e
9.81,9.67,9.56,9.49,9.35,9.25,9.13,8.98,8.84,8.74,8.62,8.48,8.43,8.54,8.69,8.81,8.90,9.05,9.15,9.27,9.41,9.56,9.66,9.78,10.20,11.38,13.07,14.78,16.42,17.94,19.14,19.84,20.60,21.63,23.07,24.82,26.41,27.58,28.24,29.04,30.16,31.42,32.92,35.19,38.53,43.07,48.38,53.88,58.73,60.15,58.03,52.70,46.69,40.91,36.22,32.52,29.38,27.44,25.79,23.92,21.64,19.41,17.20,14.79,12.04,8.82,6.07,4.95,4.89,4.89,4.95,4.98,4.98,5.00,5.05,5.08,5.12,5.17,5.18,5.19,5.23,5.29,5.29,5.35,5.38,5.39,5.40,5.47,5.48,5.47,5.41,5.25,5.09,4.93,4.78,4.62,4.46,4.26,4.07,3.92,3.76,3.61,3.46,3.30,3.15,2.99,2.84,2.68,2.53,2.37,2.22,2.06,1.91,1.75,1.59,1.43,1.27,1.13,0.98,0.84,0.66,0.48,0.40,0.28,0.17,0.09,0.01,e,e,e,e,0.12,0.24,0.39,0.54,0.70,0.85,1.00,1.16,1.31,1.39,1.52,1.68,1.83,1.99,2.14,2.29,2.42,2.51,2.66,2.81,2.97,3.12,3.27,3.25,3.19,3.11,3.03,2.94,2.82,2.70,2.63,2.55,2.48,2.44,2.43,2.42,2.37,2.34,2.33,2.30,2.22,2.09,1.97,1.88,1.72,1.57,1.46,1.36,1.21,1.11,0.99,0.84,0.70,0.60,0.47,0.32,0.20,0.18,0.06,0.00,e,e,e,e,e,e,e,e,e,e,e,e,e,e,e,e,e,e,e,e,e,e,e,e,e,e,e,e,e,e,e,e,e,e,e,e,e,e,e,e,e,e,e,e,e,e,e,e,e,e,e,e,e,e,e,e,e,e,e,e,e,e,e,e,e
9.62,9.54,9.51,9.49,9.41,9.28,9.13,8.99,8.89,8.77,8.62,8.48,8.42,8.49,8.63,8.75,8.84,8.98,9.13,9.24,9.35,9.50,9.64,9.72,9.90,10.56,12.13,13.79,15.34,16.72,17.83,18.59,19.36,20.37,21.87,23.76,25.82,27.74,29.36,30.95,32.45,34.12,36.05,38.24,41.97,46.70,51.87,56.73,59.77,60.57,58.83,54.47,49.39,43.67,38.97,35.33,32.02,30.04,28.59,26.94,24.66,21.96,19.47,17.12,14.26,9.52,6.46,5.12,4.82,4.82,4.84,4.88,4.92,4.93,4.94,4.99,5.03,5.06,5.11,5.12,5.17,5.22,5.23,5.24,5.29,5.32,5.34,5.41,5.42,5.35,5.22,5.06,4.85,4.68,4.52,4.37,4.21,4.04,3.88,3.73,3.57,3.42,3.26,3.11,2.96,2.80,2.65,2.49,2.34,2.18,2.03,1.87,1.72,1.56,1.35,1.18,1.02,0.88,0.78,0.69,0.59,0.48,0.41,0.37,0.27,0.13,0.01,e,e,0.00,0.03,0.16,0.26,0.39,0.54,0.70,0.85,1.00,1.16,1.31,1.39,1.52,1.68,1.83,1.99,2.14,2.29,2.42,2.51,2.66,2.81,2.97,3.12,3.27,3.34,3.31,3.24,3.16,3.02,2.92,2.83,2.75,2.68,2.65,2.61,2.56,2.56,2.54,2.50,2.44,2.37,2.24,2.09,1.97,1.88,1.72,1.57,1.46,1.36,1.21,1.07,0.96,0.84,0.69,0.55,0.45,0.32,0.19,0.13,e,e,e,e,e,e,e,e,e,e,e,e,e,e,e,e,e,e,e,e,e,e,e,e,e,e,e,e,e,e,e,e,e,e,e,e,e,e,e,e,e,e,e,e,e,e,e,e,e,e,e,e,e,e,e,e,e,e,e,e,e,e,e,e,e,e,e
9.42,9.35,9.32,9.32,9.28,9.18,9.08,8.99,8.91,8.80,8.66,8.52,8.42,8.44,8.56,8.70,8.81,8.93,9.08,9.21,9.33,9.48,9.58,9.57,9.59,9.96,11.22,12.71,14.17,15.50,16.55,17.38,18.35,19.63,21.34,23.38,25.49,27.60,29.69,31.71,33.62,35.58,37.68,40.07,44.06,48.87,53.94,58.44,60.32,60.72,59.49,56.25,51.62,46.53,42.09,38.35,34.96,32.81,31.32,29.78,27.64,24.94,22.37,19.93,16.63,10.32,7.16,5.63,4.93,4.81,4.77,4.79,4.83,4.86,4.86,4.92,4.96,4.97,5.01,5.04,5.08,5.13,5.15,5.16,5.19,5.23,5.27,5.30,5.26,5.14,4.98,4.82,4.63,4.46,4.31,4.16,4.00,3.85,3.69,3.54,3.38,3.23,3.07,2.92,2.76,2.61,2.46,2.30,2.14,1.96,1.79,1.64,1.50,1.36,1.18,1.03,0.92,0.84,0.76,0.71,0.65,0.57,0.49,0.43,0.38,0.32,0.19,0.29,0.24,0.11,0.07,0.18,0.30,0.43,0.59,0.74,0.86,1.00,1.16,1.31,1.42,1.57,1.72,1.88,2.03,2.16,2.29,2.44,2.55,2.71,2.85,3.01,3.17,3.32,3.41,3.42,3.35,3.24,3.13,3.03,2.96,2.88,2.80,2.79,2.76,2.72,2.69,2.65,2.57,2.46,2.35,2.23,2.09,1.95,1.84,1.71,1.57,1.46,1.36,1.21,1.05,0.95,0.84,0.69,0.53,0.44,0.32,0.18,0.07,e,e,e,e,e,e,e,e,e,e,e,e,e,e,e,e,e,e,e,e,e,e,e,e,e,e,e,e,e,e,e,e,e,e,e,e,e,e,e,e,e,e,e,e,e,e,e,e,e,e,e,e,e,e,e,e,e,e,e,e,e,e,e,e,e,e,e
9.19,9.12,9.08,9.07,9.07,9.02,8.97,8.94,8.88,8.81,8.70,8.56,8.43,8.41,8.50,8.65,8.79,8.88,9.02,9.16,9.31,9.44,9.46,9.37,9.29,9.48,10.35,11.65,13.06,14.39,15.48,16.45,17.70,19.36,21.44,23.69,25.68,27.65,29.86,32.04,34.26,36.40,38.55,41.22,45.37,50.16,55.11,59.42,60.60,60.73,59.92,57.58,53.14,48.74,44.60,40.76,37.46,35.27,33.80,32.34,30.30,27.79,25.25,22.69,18.95,11.55,8.15,6.34,5.23,4.86,4.73,4.70,4.72,4.78,4.79,4.85,4.89,4.89,4.91,4.97,5.00,5.02,5.08,5.09,5.10,5.13,5.19,5.17,5.05,4.90,4.74,4.59,4.43,4.27,4.12,3.96,3.81,3.66,3.50,3.35,3.19,3.04,2.88,2.73,2.56,2.41,2.25,2.10,1.93,1.73,1.57,1.43,1.31,1.22,1.08,0.99,0.94,0.91,0.84,0.83,0.78,0.70,0.65,0.53,0.55,0.57,0.43,0.35,0.28,0.20,0.16,0.22,0.34,0.49,0.65,0.79,0.88,1.02,1.17,1.33,1.48,1.63,1.78,1.92,2.08,2.18,2.31,2.46,2.61,2.77,2.92,3.07,3.22,3.37,3.47,3.50,3.46,3.33,3.24,3.16,3.08,3.01,2.94,2.92,2.91,2.88,2.80,2.73,2.60,2.45,2.31,2.22,2.09,1.93,1.80,1.71,1.57,1.45,1.35,1.21,1.05,0.94,0.83,0.68,0.53,0.43,0.31,0.16,0.03,e,e,e,e,e,e,e,e,e,e,e,e,e,e,e,e,e,e,e,e,e,e,e,e,e,e,e,e,e,e,e,e,e,e,e,e,e,e,e,e,e,e,e,e,e,e,e,e,e,e,e,e,e,e,e,e,e,e,e,e,e,e,e,e,e,e,e
8.88,8.87,8.87,8.83,8.82,8.80,8.77,8.72,8.69,8.67,8.63,8.58,8.48,8.42,8.47,8.59,8.73,8.81,8.95,9.11,9.23,9.27,9.19,9.05,8.96,9.05,9.55,10.87,12.37,13.73,15.21,16.62,18.13,20.05,22.92,25.54,27.49,29.16,30.92,32.87,34.89,37.00,39.29,42.10,46.10,50.70,55.45,59.58,60.64,60.67,59.66,57.04,52.61,47.97,43.73,40.13,37.45,36.10,35.33,34.10,31.74,29.26,26.76,24.23,20.76,14.32,9.71,7.21,5.96,5.04,4.75,4.66,4.64,4.67,4.72,4.75,4.79,4.83,4.84,4.91,4.93,4.94,4.96,5.02,5.03,5.07,5.10,5.00,4.85,4.70,4.54,4.39,4.24,4.08,3.93,3.77,3.62,3.46,3.31,3.16,3.00,2.85,2.69,2.52,2.32,2.16,2.00,1.85,1.70,1.58,1.47,1.40,1.35,1.27,1.23,1.16,1.11,1.10,1.03,1.01,0.94,0.86,0.94,0.96,0.89,0.78,0.67,0.54,0.45,0.40,0.38,0.35,0.43,0.56,0.70,0.80,0.93,1.07,1.23,1.39,1.54,1.69,1.82,1.93,2.08,2.22,2.37,2.52,2.68,2.83,2.98,3.12,3.22,3.38,3.51,3.57,3.54,3.45,3.37,3.29,3.21,3.14,3.12,3.07,3.02,2.94,2.82,2.73,2.60,2.45,2.30,2.22,2.09,1.93,1.79,1.71,1.57,1.43,1.30,1.20,1.05,0.91,0.77,0.63,0.52,0.40,0.26,0.11,0.02,e,e,e,e,e,e,e,e,e,e,e,e,e,e,e,e,e,e,e,e,e,e,e,e,e,e,e,e,e,e,e,e,e,e,e,e,e,e,e,e,e,e,e,e,e,e,e,e,e,e,e,e,e,e,e,e,e,e,e,e,e,e,e,e,e,e,e
8.70,8.70,8.72,8.67,8.66,8.66,8.64,8.60,8.60,8.60,8.59,8.55,8.50,8.43,8.44,8.52,8.67,8.78,8.92,9.05,9.12,9.07,8.92,8.77,8.67,8.74,9.04,10.43,12.11,13.67,15.35,17.00,18.70,20.99,24.72,27.66,29.79,31.45,32.91,34.46,36.19,38.11,40.34,43.15,46.79,51.19,55.86,59.75,60.65,60.53,58.92,55.32,50.74,45.99,41.69,38.03,35.40,34.40,34.31,34.00,32.62,30.52,28.24,25.81,22.66,17.33,11.22,7.88,6.59,5.42,4.89,4.70,4.61,4.58,4.65,4.67,4.69,4.74,4.77,4.82,4.85,4.87,4.87,4.92,4.95,4.98,4.96,4.82,4.66,4.51,4.35,4.20,4.04,3.89,3.74,3.58,3.43,3.25,3.08,2.93,2.77,2.62,2.46,2.31,2.13,2.00,1.87,1.75,1.66,1.58,1.53,1.49,1.45,1.40,1.38,1.33,1.29,1.26,1.18,1.17,1.21,1.28,1.30,1.30,1.17,1.00,0.89,0.77,0.68,0.62,0.59,0.55,0.56,0.66,0.79,0.87,0.99,1.14,1.29,1.45,1.58,1.72,1.85,1.97,2.12,2.27,2.43,2.58,2.73,2.87,3.01,3.15,3.26,3.41,3.57,3.64,3.62,3.56,3.47,3.40,3.35,3.29,3.24,3.15,3.06,2.96,2.82,2.71,2.59,2.45,2.30,2.19,2.07,1.93,1.79,1.68,1.56,1.42,1.27,1.17,1.02,0.88,0.74,0.60,0.48,0.34,0.20,0.09,0.02,e,e,e,e,e,e,e,e,e,e,e,e,e,e,e,e,e,e,e,e,e,e,e,e,e,e,e,e,e,e,e,e,e,e,e,e,e,e,e,e,e,e,e,e,e,e,e,e,e,e,e,e,e,e,e,e,e,e,e,e,e,e,e,e,e,e,e
8.66,8.63,8.64,8.63,8.63,8.63,8.63,8.62,8.62,8.62,8.58,8.53,8.50,8.43,8.40,8.47,8.62,8.77,8.91,8.99,8.96,8.82,8.68,8.55,8.48,8.59,8.84,10.33,12.26,14.10,15.80,17.44,19.34,22.11,26.66,29.92,32.41,34.32,35.67,36.82,38.19,39.80,41.79,44.47,47.67,51.97,56.60,60.01,60.65,60.29,57.87,52.90,48.04,43.38,39.03,35.12,32.03,30.82,31.24,32.28,32.84,31.52,29.68,27.45,24.54,20.18,12.54,8.35,7.12,5.94,5.12,4.79,4.64,4.54,4.59,4.61,4.61,4.63,4.69,4.71,4.75,4.80,4.80,4.81,4.86,4.86,4.78,4.63,4.47,4.32,4.16,4.01,3.85,3.69,3.54,3.38,3.22,3.02,2.84,2.69,2.54,2.39,2.24,2.11,2.03,1.94,1.86,1.81,1.78,1.71,1.69,1.65,1.60,1.58,1.52,1.50,1.45,1.39,1.37,1.36,1.58,1.86,1.68,1.54,1.39,1.23,1.09,1.00,0.93,0.85,0.80,0.78,0.73,0.79,0.92,0.99,1.08,1.21,1.36,1.50,1.60,1.73,1.88,2.03,2.19,2.34,2.49,2.64,2.79,2.88,3.02,3.17,3.32,3.48,3.63,3.70,3.69,3.67,3.56,3.50,3.48,3.45,3.32,3.18,3.06,2.96,2.81,2.67,2.55,2.45,2.29,2.15,2.04,1.93,1.77,1.63,1.53,1.41,1.26,1.11,0.96,0.85,0.73,0.58,0.44,0.29,0.17,0.09,e,e,e,e,e,e,e,e,e,e,e,e,e,e,e,e,e,e,e,e,e,e,e,e,e,e,e,e,e,e,e,e,e,e,e,e,e,e,e,e,e,e,e,e,e,e,e,e,e,e,e,e,e,e,e,e,e,e,e,e,e,e,e,e,e,e,e,e
8.75,8.78,8.84,8.84,8.84,8.84,8.82,8.79,8.79,8.79,8.74,8.66,8.56,8.44,8.40,8.46,8.61,8.77,8.85,8.83,8.71,8.53,8.48,8.53,8.65,8.90,9.29,10.79,12.71,14.59,16.26,17.93,20.20,23.53,28.36,32.25,35.26,37.41,38.68,40.05,41.06,42.29,44.04,46.44,49.84,54.45,58.67,60.24,60.59,59.85,56.99,51.73,46.62,41.77,37.43,33.63,30.42,28.73,28.98,30.17,31.20,31.09,30.29,28.48,25.50,21.30,13.15,8.79,7.69,6.47,5.35,4.88,4.72,4.62,4.55,4.54,4.54,4.55,4.63,4.64,4.66,4.69,4.73,4.74,4.76,4.72,4.59,4.44,4.28,4.13,3.97,3.81,3.61,3.45,3.29,3.14,2.98,2.81,2.66,2.54,2.40,2.32,2.23,2.15,2.12,2.04,2.00,1.96,1.92,1.89,1.84,1.81,1.79,1.77,1.71,1.65,1.57,1.55,1.94,2.07,2.11,2.08,1.90,1.74,1.59,1.43,1.29,1.20,1.13,1.07,1.04,0.99,0.92,0.94,1.04,1.12,1.20,1.33,1.46,1.57,1.70,1.81,1.94,2.10,2.25,2.41,2.53,2.65,2.80,2.93,3.08,3.23,3.38,3.54,3.70,3.76,3.76,3.76,3.70,3.62,3.54,3.48,3.33,3.18,3.04,2.92,2.81,2.66,2.52,2.41,2.29,2.14,2.01,1.87,1.73,1.62,1.49,1.35,1.20,1.05,0.94,0.81,0.68,0.54,0.42,0.28,0.14,0.04,e,e,e,e,e,e,e,e,e,e,e,e,e,e,e,e,e,e,e,e,e,e,e,e,e,e,e,e,e,e,e,e,e,e,e,e,e,e,e,e,e,e,e,e,e,e,e,e,e,e,e,e,e,e,e,e,e,e,e,e,e,e,e,e,e,e,e,e
8.88,8.96,9.11,9.08,9.07,9.07,9.05,9.00,8.98,8.94,8.87,8.76,8.61,8.45,8.40,8.46,8.60,8.70,8.70,8.64,8.55,8.43,8.48,8.65,8.91,9.37,10.46,12.42,14.40,15.98,17.38,18.92,21.44,25.19,30.16,34.78,38.29,40.73,42.29,43.94,44.61,45.34,46.74,49.18,53.00,57.17,60.17,60.41,60.53,59.42,56.36,51.20,45.96,40.95,36.65,32.98,29.68,27.49,27.07,27.76,28.90,29.64,29.73,28.69,26.27,22.41,15.57,11.96,10.69,8.44,6.33,5.23,4.79,4.68,4.55,4.49,4.48,4.49,4.54,4.57,4.57,4.59,4.65,4.67,4.65,4.54,4.38,4.22,4.07,3.91,3.75,3.60,3.39,3.22,3.07,2.94,2.82,2.69,2.59,2.52,2.40,2.38,2.32,2.27,2.26,2.19,2.18,2.14,2.08,2.07,2.01,1.98,1.97,1.94,1.85,1.89,1.96,2.06,2.53,2.65,2.51,2.27,2.11,1.96,1.80,1.65,1.50,1.40,1.33,1.29,1.26,1.19,1.12,1.12,1.17,1.25,1.32,1.44,1.56,1.66,1.80,1.90,2.02,2.16,2.31,2.45,2.56,2.68,2.83,2.98,3.14,3.29,3.45,3.58,3.73,3.81,3.83,3.82,3.80,3.70,3.56,3.46,3.30,3.17,3.02,2.88,2.78,2.63,2.49,2.37,2.27,2.12,1.96,1.81,1.69,1.59,1.44,1.30,1.16,1.01,0.91,0.77,0.62,0.49,0.40,0.26,0.12,0.01,e,e,e,e,e,e,e,e,e,e,e,e,e,e,e,e,e,e,e,e,e,e,e,e,e,e,e,e,e,e,e,e,e,e,e,e,e,e,e,e,e,e,e,e,e,e,e,e,e,e,e,e,e,e,e,e,e,e,e,e,e,e,e,e,e,e,e,e
9.07,9.17,9.40,9.28,9.27,9.27,9.26,9.23,9.17,9.05,8.91,8.76,8.61,8.45,8.40,8.46,8.57,8.55,8.44,8.43,8.54,8.64,8.78,8.94,9.20,10.00,12.58,15.71,17.94,18.80,19.59,20.76,23.23,27.08,32.13,37.55,41.41,44.25,46.65,48.51,48.85,48.97,49.90,52.94,57.20,59.63,60.38,60.46,60.41,59.06,56.03,51.28,46.09,41.08,36.83,33.20,29.77,27.16,25.48,25.04,26.13,27.03,27.57,27.72,26.93,23.97,20.87,19.19,17.32,12.66,8.54,6.03,4.85,4.70,4.60,4.48,4.42,4.42,4.43,4.49,4.51,4.52,4.54,4.59,4.50,4.33,4.12,3.97,3.81,3.66,3.51,3.35,3.19,3.04,2.91,2.83,2.80,2.74,2.69,2.66,2.58,2.56,2.52,2.46,2.45,2.38,2.37,2.33,2.27,2.26,2.20,2.17,2.15,2.08,1.97,2.28,2.76,3.10,3.04,2.87,2.69,2.52,2.36,2.21,2.05,1.90,1.75,1.61,1.56,1.52,1.45,1.39,1.35,1.32,1.30,1.38,1.45,1.54,1.65,1.78,1.88,2.00,2.12,2.23,2.37,2.47,2.59,2.74,2.89,3.05,3.20,3.35,3.49,3.59,3.73,3.84,3.89,3.88,3.82,3.70,3.54,3.40,3.25,3.14,3.02,2.87,2.73,2.57,2.46,2.35,2.21,2.05,1.90,1.77,1.67,1.53,1.39,1.27,1.16,1.00,0.86,0.71,0.58,0.48,0.34,0.19,0.11,e,e,e,e,e,e,e,e,e,e,e,e,e,e,e,e,e,e,e,e,e,e,e,e,e,e,e,e,e,e,e,e,e,e,e,e,e,e,e,e,e,e,e,e,e,e,e,e,e,e,e,e,e,e,e,e,e,e,e,e,e,e,e,e,e,e,e,e,e
10.21,9.81,9.62,9.52,9.50,9.48,9.42,9.34,9.22,9.07,8.91,8.76,8.60,8.41,8.38,8.41,8.45,8.49,8.51,8.58,8.74,8.89,9.04,9.23,9.77,11.53,15.58,18.98,21.18,22.22,22.88,23.74,25.58,28.70,33.39,38.63,42.71,46.03,48.95,50.75,51.22,51.61,52.85,55.89,58.90,60.21,60.35,60.28,59.82,58.09,55.19,51.09,46.13,41.25,36.98,33.25,29.79,27.09,24.68,23.13,23.19,23.98,24.83,25.52,25.69,24.51,23.21,22.06,20.39,16.88,11.63,7.59,5.32,4.78,4.67,4.53,4.43,4.39,4.36,4.38,4.42,4.45,4.44,4.40,4.28,4.10,3.92,3.76,3.61,3.48,3.36,3.26,3.18,3.07,2.99,2.96,2.91,2.87,2.83,2.79,2.75,2.72,2.68,2.64,2.61,2.56,2.53,2.49,2.45,2.41,2.37,2.31,2.31,2.53,2.84,3.17,3.43,3.50,3.26,3.05,2.88,2.72,2.57,2.41,2.26,2.10,1.95,1.84,1.78,1.72,1.65,1.61,1.57,1.51,1.46,1.51,1.58,1.66,1.76,1.91,1.99,2.10,2.21,2.33,2.44,2.56,2.67,2.80,2.96,3.11,3.24,3.37,3.51,3.63,3.79,3.90,3.96,3.94,3.84,3.70,3.54,3.39,3.24,3.14,3.02,2.87,2.71,2.56,2.43,2.30,2.15,2.03,1.89,1.75,1.63,1.47,1.35,1.24,1.11,0.96,0.84,0.70,0.56,0.43,0.28,0.16,0.10,e,e,e,e,e,e,e,e,e,e,e,e,e,e,e,e,e,e,e,e,e,e,e,e,e,e,e,e,e,e,e,e,e,e,e,e,e,e,e,e,e,e,e,e,e,e,e,e,e,e,e,e,e,e,e,e,e,e,e,e,e,e,e,e,e,e,e,e,e
11.67,10.76,10.10,9.87,9.75,9.65,9.53,9.38,9.22,9.07,8.91,8.76,8.60,8.38,8.35,8.38,8.38,8.51,8.67,8.83,8.99,9.15,9.30,9.50,10.39,13.20,18.23,21.68,24.00,25.62,26.46,27.11,28.39,30.78,34.85,39.40,43.47,47.10,50.19,51.92,52.78,53.68,55.15,57.59,59.13,59.68,59.63,59.33,58.47,56.52,53.88,50.53,46.02,41.45,37.20,33.31,29.79,26.95,23.95,21.50,20.61,21.16,22.09,23.00,23.72,24.07,23.79,22.86,21.59,19.75,14.16,9.27,6.12,4.90,4.73,4.59,4.48,4.39,4.31,4.29,4.33,4.36,4.33,4.19,4.04,3.90,3.76,3.63,3.49,3.40,3.32,3.26,3.25,3.19,3.15,3.14,3.06,3.05,3.01,2.95,2.94,2.88,2.85,2.82,2.76,2.75,2.69,2.65,2.63,2.55,2.57,2.59,2.72,3.21,3.80,4.01,3.94,3.68,3.41,3.22,3.07,2.92,2.77,2.62,2.46,2.31,2.17,2.07,2.00,1.93,1.86,1.84,1.79,1.72,1.66,1.66,1.71,1.78,1.89,2.04,2.12,2.19,2.31,2.45,2.53,2.67,2.78,2.88,3.03,3.18,3.28,3.40,3.54,3.70,3.85,3.96,4.02,3.99,3.86,3.71,3.55,3.41,3.25,3.15,3.02,2.87,2.71,2.56,2.41,2.25,2.10,2.01,1.88,1.73,1.58,1.42,1.32,1.20,1.05,0.91,0.81,0.68,0.53,0.38,0.23,0.13,0.09,e,e,e,e,e,e,e,e,e,e,e,e,e,e,e,e,e,e,e,e,e,e,e,e,e,e,e,e,e,e,e,e,e,e,e,e,e,e,e,e,e,e,e,e,e,e,e,e,e,e,e,e,e,e,e,e,e,e,e,e,e,e,e,e,e,e,e,e,e
13.31,12.29,11.41,10.53,9.93,9.68,9.53,9.38,9.22,9.07,8.91,8.76,8.60,8.38,8.35,8.44,8.55,8.71,8.86,9.04,9.24,9.40,9.55,9.72,10.90,14.51,19.01,22.68,25.80,28.43,29.95,30.70,32.11,34.49,37.57,40.69,44.20,47.55,50.08,51.84,53.52,54.84,55.66,56.17,57.09,57.40,57.05,56.26,55.25,53.62,51.59,49.08,45.52,41.66,37.63,33.58,29.77,26.40,22.81,20.04,19.24,19.36,19.92,20.58,21.18,21.55,21.63,21.14,20.22,18.65,14.27,10.65,7.57,5.07,4.79,4.65,4.54,4.45,4.32,4.24,4.23,4.22,4.14,4.00,3.89,3.80,3.71,3.68,3.60,3.55,3.51,3.45,3.44,3.38,3.34,3.32,3.25,3.24,3.20,3.14,3.13,3.06,3.04,3.01,2.95,2.94,2.88,2.84,2.81,2.70,2.87,3.31,3.88,4.34,4.38,4.26,4.04,3.77,3.58,3.41,3.26,3.12,3.02,2.88,2.72,2.56,2.42,2.27,2.22,2.19,2.11,2.05,2.02,1.98,1.90,1.85,1.85,1.91,2.02,2.16,2.24,2.32,2.44,2.57,2.66,2.80,2.91,3.01,3.16,3.25,3.38,3.50,3.61,3.76,3.91,4.06,4.13,4.01,3.91,3.77,3.62,3.46,3.31,3.17,3.02,2.87,2.71,2.56,2.41,2.25,2.10,1.96,1.85,1.73,1.58,1.42,1.28,1.14,0.99,0.90,0.77,0.61,0.46,0.32,0.22,0.09,0.02,e,e,e,e,e,e,e,e,e,e,e,e,e,e,e,e,e,e,e,e,e,e,e,e,e,e,e,e,e,e,e,e,e,e,e,e,e,e,e,e,e,e,e,e,e,e,e,e,e,e,e,e,e,e,e,e,e,e,e,e,e,e,e,e,e,e,e,e,e
14.89,13.59,12.33,11.00,9.85,9.50,9.45,9.37,9.22,9.07,8.91,8.75,8.56,8.37,8.35,8.46,8.61,8.77,8.95,9.14,9.33,9.48,9.64,9.79,11.04,14.79,18.93,22.80,26.50,29.90,32.28,34.09,36.06,38.29,40.61,42.96,45.52,47.95,49.85,51.42,52.84,53.65,53.74,53.41,53.60,53.66,53.35,52.57,51.50,49.90,48.10,46.19,43.85,41.14,37.85,34.12,30.28,26.16,22.16,19.26,18.32,17.89,18.00,18.24,18.52,18.90,19.23,18.95,18.20,17.09,14.55,11.85,8.90,6.00,5.02,4.71,4.61,4.50,4.36,4.27,4.22,4.17,4.10,4.01,3.93,3.87,3.83,3.79,3.75,3.71,3.67,3.63,3.60,3.55,3.52,3.48,3.44,3.40,3.36,3.32,3.29,3.25,3.21,3.17,3.13,3.09,3.05,3.05,3.12,3.38,3.86,4.34,4.72,4.87,4.67,4.43,4.19,3.96,3.80,3.65,3.50,3.35,3.23,3.09,2.93,2.78,2.63,2.50,2.45,2.40,2.32,2.28,2.25,2.19,2.12,2.07,2.04,2.06,2.15,2.29,2.37,2.45,2.56,2.70,2.79,2.90,3.01,3.13,3.25,3.36,3.48,3.59,3.70,3.83,3.98,4.11,4.17,4.05,3.94,3.79,3.64,3.49,3.33,3.18,3.02,2.87,2.71,2.59,2.45,2.29,2.14,1.98,1.86,1.73,1.58,1.42,1.27,1.11,0.97,0.86,0.71,0.58,0.44,0.30,0.18,0.09,0.00,e,e,e,e,e,e,e,e,e,e,e,e,e,e,e,e,e,e,e,e,e,e,e,e,e,e,e,e,e,e,e,e,e,e,e,e,e,e,e,e,e,e,e,e,e,e,e,e,e,e,e,e,e,e,e,e,e,e,e,e,e,e,e,e,e,e,e,e,e
16.16,14.57,12.92,11.29,9.63,9.21,9.26,9.27,9.13,8.99,8.85,8.71,8.52,8.35,8.35,8.46,8.61,8.77,8.97,9.16,9.32,9.48,9.64,9.79,10.99,14.57,18.46,22.52,26.61,30.52,33.79,36.91,39.51,41.52,43.07,44.82,46.32,47.68,49.03,50.36,51.12,51.16,50.63,50.05,49.66,49.50,49.31,48.67,47.48,45.41,43.33,41.77,40.65,39.26,37.16,34.40,31.19,26.70,22.31,19.14,17.89,17.02,16.63,16.33,16.10,16.28,16.71,16.54,15.92,15.29,14.53,12.56,9.90,7.17,5.42,4.84,4.67,4.57,4.42,4.34,4.26,4.18,4.13,4.12,4.06,4.02,4.00,3.94,3.92,3.87,3.82,3.80,3.75,3.71,3.69,3.63,3.61,3.55,3.52,3.50,3.44,3.42,3.38,3.32,3.30,3.24,3.29,3.40,3.67,4.35,5.05,5.36,5.31,5.09,4.80,4.56,4.36,4.20,4.04,3.89,3.74,3.58,3.44,3.29,3.13,2.98,2.83,2.74,2.66,2.59,2.53,2.52,2.45,2.38,2.33,2.31,2.24,2.23,2.28,2.42,2.50,2.58,2.69,2.82,2.91,2.99,3.11,3.23,3.33,3.46,3.57,3.68,3.81,3.91,4.04,4.16,4.19,4.09,3.95,3.79,3.64,3.49,3.34,3.19,3.03,2.88,2.73,2.63,2.50,2.35,2.19,2.04,1.89,1.73,1.58,1.42,1.28,1.13,0.97,0.82,0.67,0.56,0.44,0.29,0.14,0.10,e,e,e,e,e,e,e,e,e,e,e,e,e,e,e,e,e,e,e,e,e,e,e,e,e,e,e,e,e,e,e,e,e,e,e,e,e,e,e,e,e,e,e,e,e,e,e,e,e,e,e,e,e,e,e,e,e,e,e,e,e,e,e,e,e,e,e,e,e,e
16.23,14.63,12.88,11.14,9.34,8.82,8.79,8.75,8.65,8.55,8.51,8.51,8.49,8.35,8.35,8.46,8.61,8.77,8.94,9.11,9.27,9.47,9.64,9.79,10.93,14.32,18.05,22.25,26.37,30.20,34.14,37.65,40.43,42.21,42.52,42.92,43.68,44.72,45.95,47.34,47.89,47.84,47.39,46.82,46.63,46.51,46.14,45.14,43.31,39.36,35.64,33.75,33.31,33.17,33.07,33.01,32.74,29.86,24.85,20.39,18.70,17.97,17.09,16.04,14.93,14.08,14.18,14.16,13.84,13.37,12.82,11.54,9.75,7.78,6.20,5.22,4.77,4.63,4.49,4.40,4.29,4.21,4.24,4.24,4.22,4.18,4.14,4.11,4.06,4.03,4.00,3.95,3.92,3.87,3.83,3.80,3.75,3.72,3.71,3.69,3.62,3.61,3.56,3.49,3.45,3.42,3.82,4.37,4.95,5.53,5.72,5.66,5.46,5.18,4.92,4.72,4.55,4.39,4.24,4.09,3.93,3.79,3.68,3.54,3.38,3.23,3.08,2.94,2.85,2.80,2.77,2.71,2.65,2.60,2.57,2.51,2.44,2.41,2.45,2.55,2.63,2.70,2.79,2.90,3.02,3.11,3.21,3.31,3.44,3.54,3.67,3.78,3.89,4.02,4.13,4.21,4.23,4.10,3.95,3.79,3.64,3.50,3.39,3.25,3.10,2.94,2.79,2.65,2.50,2.35,2.20,2.04,1.89,1.73,1.58,1.42,1.32,1.19,1.03,0.88,0.72,0.58,0.44,0.29,0.14,0.10,e,e,e,e,e,e,e,e,e,e,e,e,e,e,e,e,e,e,e,e,e,e,e,e,e,e,e,e,e,e,e,e,e,e,e,e,e,e,e,e,e,e,e,e,e,e,e,e,e,e,e,e,e,e,e,e,e,e,e,e,e,e,e,e,e,e,e,e,e,e
16.21,14.63,12.87,11.12,9.51,9.02,8.93,8.82,8.72,8.60,8.54,8.54,8.52,8.38,8.33,8.40,8.57,8.73,8.88,9.04,9.21,9.41,9.59,9.78,10.84,13.98,17.80,22.03,25.98,29.55,33.69,37.67,40.51,41.77,41.03,40.16,40.42,41.39,42.55,43.63,43.96,43.92,43.67,43.32,43.60,43.75,43.15,40.98,37.76,33.66,30.28,28.69,28.51,28.86,29.56,30.61,31.78,30.89,27.21,23.06,20.68,19.63,18.48,17.04,15.27,13.18,12.43,12.16,11.93,11.54,11.11,10.39,9.35,8.03,6.61,5.49,4.89,4.70,4.58,4.47,4.35,4.28,4.33,4.36,4.37,4.34,4.30,4.29,4.23,4.20,4.18,4.11,4.10,4.05,4.00,3.99,3.92,3.90,3.89,3.86,3.80,3.78,3.72,3.73,3.93,4.19,4.85,5.52,5.98,6.24,6.10,5.85,5.59,5.31,5.07,4.91,4.78,4.62,4.46,4.31,4.15,4.01,3.90,3.76,3.60,3.45,3.30,3.14,3.06,3.02,2.99,2.92,2.86,2.82,2.78,2.71,2.65,2.62,2.62,2.68,2.75,2.83,2.91,3.00,3.15,3.24,3.32,3.42,3.56,3.65,3.76,3.88,3.99,4.11,4.22,4.28,4.27,4.13,3.99,3.83,3.68,3.53,3.42,3.28,3.12,2.97,2.81,2.66,2.50,2.35,2.20,2.07,1.92,1.76,1.58,1.42,1.31,1.18,1.02,0.87,0.72,0.56,0.41,0.26,0.10,0.07,e,e,e,e,e,e,e,e,e,e,e,e,e,e,e,e,e,e,e,e,e,e,e,e,e,e,e,e,e,e,e,e,e,e,e,e,e,e,e,e,e,e,e,e,e,e,e,e,e,e,e,e,e,e,e,e,e,e,e,e,e,e,e,e,e,e,e,e,e,e
16.21,14.66,12.95,11.26,10.02,9.62,9.51,9.37,9.22,9.03,8.87,8.74,8.60,8.45,8.31,8.30,8.50,8.66,8.81,8.97,9.13,9.30,9.52,9.74,10.71,13.59,17.68,21.82,25.46,28.69,32.59,37.09,39.91,40.50,38.94,37.00,36.88,37.89,39.03,39.57,39.63,39.57,39.53,39.58,40.41,41.00,40.09,36.28,31.48,28.77,27.31,26.49,26.25,26.45,26.87,27.52,28.60,29.62,28.73,26.34,23.34,21.66,20.44,18.95,16.67,13.20,11.34,10.57,10.25,9.89,9.60,9.30,8.81,7.96,6.67,5.65,5.04,4.78,4.68,4.55,4.44,4.39,4.41,4.46,4.48,4.49,4.49,4.49,4.43,4.39,4.36,4.30,4.29,4.23,4.19,4.17,4.11,4.09,4.05,4.00,3.99,3.96,3.94,4.14,4.78,5.46,6.21,6.65,6.66,6.50,6.28,6.01,5.73,5.50,5.27,5.14,5.02,4.87,4.71,4.56,4.40,4.25,4.11,3.96,3.81,3.65,3.49,3.34,3.29,3.25,3.18,3.11,3.09,3.05,2.98,2.91,2.89,2.84,2.80,2.81,2.88,2.96,3.04,3.13,3.28,3.37,3.44,3.55,3.69,3.77,3.85,3.97,4.10,4.20,4.33,4.36,4.28,4.19,4.04,3.89,3.73,3.58,3.43,3.28,3.12,2.97,2.81,2.66,2.50,2.35,2.20,2.11,1.97,1.79,1.58,1.42,1.28,1.12,0.97,0.81,0.66,0.50,0.34,0.19,0.04,0.01,e,e,e,e,e,e,e,e,e,e,e,e,e,e,e,e,e,e,e,e,e,e,e,e,e,e,e,e,e,e,e,e,e,e,e,e,e,e,e,e,e,e,e,e,e,e,e,e,e,e,e,e,e,e,e,e,e,e,e,e,e,e,e,e,e,e,e,e,e,e
16.21,14.69,13.04,11.46,10.10,9.58,9.41,9.30,9.19,9.06,8.94,8.82,8.66,8.52,8.36,8.29,8.40,8.54,8.70,8.88,9.08,9.28,9.51,9.71,10.59,13.29,17.48,21.36,24.72,27.78,31.27,35.59,38.39,38.79,36.49,34.14,33.25,33.77,35.30,36.19,35.81,35.34,35.29,35.59,36.79,37.34,36.02,31.85,28.43,26.46,25.20,24.32,24.02,24.09,24.31,24.72,25.55,26.69,26.78,25.89,24.38,23.25,21.99,20.12,17.03,12.06,10.27,9.63,9.26,8.96,8.64,8.38,8.11,7.69,6.86,5.91,5.21,4.83,4.71,4.60,4.52,4.46,4.47,4.49,4.54,4.58,4.62,4.62,4.59,4.55,4.52,4.48,4.44,4.40,4.36,4.32,4.29,4.25,4.21,4.17,4.16,4.41,4.80,5.34,6.07,6.71,7.00,7.04,6.88,6.65,6.38,6.11,5.87,5.69,5.50,5.36,5.22,5.07,4.91,4.76,4.60,4.46,4.35,4.21,4.05,3.90,3.74,3.58,3.51,3.45,3.38,3.35,3.30,3.27,3.23,3.15,3.10,3.07,3.03,2.99,3.02,3.08,3.16,3.26,3.40,3.49,3.57,3.67,3.82,3.90,3.98,4.07,4.18,4.31,4.46,4.45,4.33,4.20,4.05,3.90,3.74,3.59,3.43,3.28,3.12,2.97,2.81,2.66,2.50,2.35,2.20,2.07,1.93,1.76,1.58,1.42,1.27,1.11,0.96,0.80,0.60,0.43,0.28,0.14,0.04,0.00,e,e,e,e,e,e,e,e,e,e,e,e,e,e,e,e,e,e,e,e,e,e,e,e,e,e,e,e,e,e,e,e,e,e,e,e,e,e,e,e,e,e,e,e,e,e,e,e,e,e,e,e,e,e,e,e,e,e,e,e,e,e,e,e,e,e,e,e,e,e
16.23,14.72,13.12,11.52,9.93,9.29,9.09,9.02,8.96,8.89,8.80,8.72,8.60,8.49,8.38,8.31,8.30,8.44,8.61,8.80,9.02,9.25,9.48,9.67,10.39,12.75,17.05,20.88,24.17,27.21,30.44,34.36,36.86,37.02,34.24,31.70,30.30,30.45,32.15,33.12,32.44,31.69,31.56,31.98,33.22,33.56,32.11,28.48,26.30,24.62,23.23,22.25,21.93,21.89,21.94,22.12,22.64,23.46,23.95,24.05,23.78,23.25,22.00,19.44,15.40,10.80,9.46,8.97,8.53,8.22,7.88,7.56,7.35,7.22,6.79,6.04,5.34,4.87,4.74,4.66,4.58,4.52,4.53,4.54,4.61,4.68,4.72,4.72,4.74,4.71,4.67,4.64,4.60,4.58,4.54,4.48,4.47,4.41,4.42,4.51,4.70,5.24,5.95,6.67,7.20,7.58,7.50,7.26,7.01,6.75,6.47,6.23,6.03,5.88,5.72,5.57,5.42,5.28,5.13,4.97,4.82,4.68,4.58,4.43,4.28,4.12,3.97,3.81,3.73,3.67,3.60,3.58,3.52,3.49,3.46,3.38,3.32,3.29,3.25,3.18,3.18,3.22,3.29,3.38,3.53,3.62,3.70,3.80,3.94,4.03,4.11,4.19,4.28,4.42,4.55,4.51,4.36,4.21,4.05,3.90,3.74,3.59,3.43,3.28,3.11,2.95,2.79,2.63,2.48,2.32,2.17,2.01,1.86,1.71,1.56,1.40,1.25,1.09,0.93,0.77,0.57,0.40,0.24,0.11,e,e,e,e,e,e,e,e,e,e,e,e,e,e,e,e,e,e,e,e,e,e,e,e,e,e,e,e,e,e,e,e,e,e,e,e,e,e,e,e,e,e,e,e,e,e,e,e,e,e,e,e,e,e,e,e,e,e,e,e,e,e,e,e,e,e,e,e,e,e,e,e
16.30,14.79,13.16,11.39,9.53,8.84,8.66,8.60,8.59,8.53,8.45,8.39,8.37,8.35,8.37,8.34,8.25,8.38,8.58,8.78,8.96,9.19,9.42,9.61,10.09,11.81,16.30,20.42,23.95,27.13,30.43,33.80,35.63,35.31,32.44,29.85,28.45,28.52,29.96,30.35,29.64,28.93,28.72,29.06,29.89,29.91,28.81,26.64,24.67,22.79,21.26,20.33,20.10,19.96,19.84,19.78,19.95,20.33,20.83,21.18,21.16,20.93,19.73,16.13,11.15,9.70,9.07,8.57,8.06,7.61,7.33,6.90,6.60,6.54,6.31,5.95,5.41,4.88,4.79,4.71,4.63,4.59,4.60,4.66,4.73,4.78,4.79,4.80,4.86,4.89,4.88,4.83,4.82,4.81,4.76,4.68,4.67,4.63,4.74,5.13,5.84,6.58,7.37,7.91,7.93,7.88,7.69,7.42,7.13,6.83,6.58,6.39,6.22,6.07,5.92,5.76,5.63,5.53,5.38,5.23,5.07,4.92,4.77,4.63,4.47,4.32,4.16,4.01,3.96,3.92,3.84,3.78,3.76,3.71,3.65,3.58,3.55,3.51,3.44,3.38,3.37,3.37,3.42,3.51,3.66,3.75,3.83,3.93,4.07,4.16,4.23,4.31,4.41,4.55,4.59,4.51,4.36,4.20,4.05,3.89,3.74,3.58,3.43,3.28,3.09,2.89,2.73,2.57,2.42,2.27,2.11,1.96,1.80,1.65,1.49,1.34,1.18,1.02,0.87,0.72,0.55,0.40,0.24,0.11,e,e,e,e,e,e,e,e,e,e,e,e,e,e,e,e,e,e,e,e,e,e,e,e,e,e,e,e,e,e,e,e,e,e,e,e,e,e,e,e,e,e,e,e,e,e,e,e,e,e,e,e,e,e,e,e,e,e,e,e,e,e,e,e,e,e,e,e,e,e,e,e
17.19,15.68,13.81,11.69,9.66,8.82,8.60,8.61,8.64,8.63,8.61,8.62,8.61,8.57,8.51,8.39,8.28,8.34,8.53,8.74,8.94,9.13,9.36,9.54,9.84,11.00,15.07,19.27,23.07,26.52,29.94,32.91,34.52,34.27,31.48,28.90,27.01,26.49,27.56,27.77,27.12,26.58,26.49,26.77,27.35,27.51,26.96,25.44,23.53,21.76,20.33,19.39,19.07,18.82,18.54,18.31,18.33,18.55,18.84,19.03,18.96,18.58,16.70,13.45,9.97,9.27,8.78,8.44,8.21,8.03,7.88,7.48,7.02,6.56,5.92,5.56,5.22,4.88,4.80,4.73,4.68,4.67,4.71,4.79,4.83,4.89,4.97,5.05,5.20,5.43,5.73,6.01,6.01,5.83,5.45,4.96,4.97,5.29,5.78,6.39,7.18,7.86,8.28,8.41,8.24,8.05,7.80,7.53,7.26,7.00,6.79,6.62,6.46,6.31,6.15,6.00,5.86,5.74,5.59,5.43,5.28,5.12,4.97,4.85,4.71,4.56,4.40,4.25,4.18,4.12,4.05,4.01,3.97,3.91,3.85,3.81,3.77,3.71,3.64,3.60,3.56,3.53,3.54,3.64,3.78,3.88,3.95,4.04,4.16,4.27,4.36,4.44,4.53,4.67,4.63,4.49,4.30,4.15,3.99,3.84,3.69,3.54,3.38,3.23,3.05,2.87,2.71,2.56,2.41,2.25,2.09,1.90,1.73,1.58,1.43,1.27,1.11,0.96,0.81,0.66,0.50,0.34,0.19,0.06,e,e,e,e,e,e,e,e,e,e,e,e,e,e,e,e,e,e,e,e,e,e,e,e,e,e,e,e,e,e,e,e,e,e,e,e,e,e,e,e,e,e,e,e,e,e,e,e,e,e,e,e,e,e,e,e,e,e,e,e,e,e,e,e,e,e,e,e,e,e,e,e
18.66,16.89,14.74,12.34,10.22,9.17,8.80,8.84,8.88,8.91,8.94,8.97,8.93,8.85,8.66,8.46,8.33,8.29,8.46,8.69,8.90,9.07,9.29,9.47,9.66,10.35,13.66,17.74,21.74,25.44,28.94,31.71,33.43,33.50,30.87,28.30,25.85,24.56,25.11,25.22,24.70,24.37,24.45,24.65,25.08,25.46,25.41,24.44,22.79,21.24,19.93,18.95,18.46,18.08,17.63,17.17,17.00,17.12,17.18,17.10,16.84,16.21,13.84,11.39,9.75,9.13,8.65,8.49,8.58,8.73,8.73,8.42,7.85,6.98,5.88,5.32,5.04,4.88,4.80,4.74,4.72,4.76,4.83,4.94,4.99,5.09,5.27,5.44,5.74,6.25,6.90,7.58,7.77,7.43,6.69,5.85,5.86,6.46,7.15,7.81,8.43,8.89,8.90,8.66,8.42,8.19,7.90,7.63,7.39,7.18,7.01,6.86,6.71,6.55,6.39,6.24,6.09,5.95,5.79,5.64,5.48,5.33,5.18,5.08,4.95,4.80,4.64,4.49,4.39,4.32,4.27,4.25,4.18,4.11,4.06,4.04,3.97,3.91,3.86,3.83,3.76,3.70,3.69,3.77,3.91,4.00,4.08,4.16,4.25,4.39,4.49,4.57,4.66,4.76,4.66,4.46,4.26,4.11,3.95,3.79,3.63,3.47,3.31,3.16,3.00,2.86,2.70,2.54,2.39,2.23,2.07,1.86,1.69,1.53,1.38,1.22,1.07,0.91,0.74,0.59,0.43,0.28,0.14,0.01,e,e,e,e,e,e,e,e,e,e,e,e,e,e,e,e,e,e,e,e,e,e,e,e,e,e,e,e,e,e,e,e,e,e,e,e,e,e,e,e,e,e,e,e,e,e,e,e,e,e,e,e,e,e,e,e,e,e,e,e,e,e,e,e,e,e,e,e,e,e,e,e
21.14,18.37,16.03,13.68,11.61,10.21,9.48,9.34,9.29,9.33,9.33,9.25,9.07,8.93,8.73,8.53,8.37,8.25,8.40,8.60,8.78,9.00,9.23,9.41,9.59,10.09,12.10,15.66,19.62,23.37,26.81,29.92,32.26,32.98,30.57,28.00,25.14,23.07,22.66,22.63,22.32,22.23,22.43,22.52,22.96,23.36,23.58,23.50,22.82,21.59,20.27,19.16,18.44,17.81,17.11,16.34,15.66,15.53,15.49,15.22,14.57,13.77,12.11,10.62,9.75,9.29,8.88,8.86,9.12,9.38,9.57,9.42,8.89,7.94,6.80,5.75,5.12,4.88,4.81,4.79,4.82,4.86,4.92,5.16,5.36,5.58,5.84,6.04,6.71,7.56,8.50,9.49,10.35,10.02,9.16,8.44,8.46,8.71,8.96,9.15,9.24,9.24,9.09,8.84,8.55,8.32,8.03,7.75,7.54,7.36,7.21,7.05,6.89,6.74,6.59,6.43,6.30,6.20,6.05,5.89,5.74,5.58,5.43,5.29,5.14,4.99,4.83,4.68,4.58,4.53,4.50,4.45,4.37,4.33,4.30,4.24,4.16,4.13,4.09,4.03,3.96,3.93,3.89,3.90,4.04,4.13,4.21,4.29,4.37,4.52,4.62,4.69,4.76,4.79,4.62,4.43,4.26,4.11,3.95,3.75,3.56,3.40,3.25,3.10,2.95,2.79,2.63,2.48,2.32,2.17,2.01,1.84,1.69,1.53,1.38,1.22,1.07,0.88,0.68,0.53,0.37,0.21,0.11,e,e,e,e,e,e,e,e,e,e,e,e,e,e,e,e,e,e,e,e,e,e,e,e,e,e,e,e,e,e,e,e,e,e,e,e,e,e,e,e,e,e,e,e,e,e,e,e,e,e,e,e,e,e,e,e,e,e,e,e,e,e,e,e,e,e,e,e,e,e,e,e,e
25.36,21.21,17.32,15.01,12.96,11.53,10.70,10.34,9.92,9.70,9.55,9.39,9.20,9.01,8.79,8.59,8.43,8.25,8.33,8.51,8.70,8.93,9.16,9.35,9.53,9.87,10.84,13.92,17.67,21.26,24.70,28.09,30.81,32.04,30.31,27.60,24.31,21.70,20.79,20.54,20.42,20.48,20.67,20.71,21.13,21.68,22.31,23.01,23.26,22.53,21.25,19.85,18.97,18.30,17.63,16.86,16.02,15.50,14.99,14.35,13.55,12.80,11.69,10.72,10.07,9.62,9.28,9.25,9.52,10.09,11.26,11.54,10.82,9.30,7.98,7.04,6.52,6.20,5.68,5.28,5.37,5.60,5.68,5.93,6.17,6.41,6.61,6.76,7.50,8.42,9.46,10.77,12.26,12.79,12.63,12.25,12.56,12.76,12.21,11.00,9.82,9.45,9.24,8.98,8.68,8.41,8.16,7.92,7.71,7.55,7.43,7.28,7.13,6.97,6.82,6.67,6.53,6.41,6.26,6.10,5.95,5.80,5.65,5.52,5.38,5.22,5.06,4.91,4.82,4.76,4.71,4.64,4.59,4.55,4.51,4.43,4.38,4.35,4.31,4.26,4.19,4.15,4.11,4.10,4.18,4.26,4.33,4.41,4.50,4.65,4.74,4.80,4.83,4.76,4.59,4.41,4.25,4.07,3.90,3.72,3.54,3.38,3.20,3.04,2.88,2.73,2.57,2.42,2.26,2.10,1.96,1.80,1.65,1.49,1.34,1.18,1.02,0.84,0.66,0.51,0.35,0.20,0.10,e,e,e,e,e,e,e,e,e,e,e,e,e,e,e,e,e,e,e,e,e,e,e,e,e,e,e,e,e,e,e,e,e,e,e,e,e,e,e,e,e,e,e,e,e,e,e,e,e,e,e,e,e,e,e,e,e,e,e,e,e,e,e,e,e,e,e,e,e,e,e,e,e
29.70,24.31,18.61,16.30,14.35,13.05,12.20,11.59,10.67,10.05,9.68,9.47,9.30,9.08,8.85,8.65,8.47,8.25,8.26,8.41,8.64,8.87,9.09,9.28,9.46,9.68,9.92,12.44,15.81,19.17,22.60,26.15,29.12,30.79,29.77,26.85,23.27,20.44,19.32,18.86,18.84,18.99,19.16,19.28,19.70,20.51,21.66,23.07,24.21,24.06,22.90,21.17,20.11,19.34,18.69,18.02,17.19,16.31,15.29,14.27,13.42,12.72,12.00,11.32,10.72,10.24,10.06,9.99,10.18,11.14,13.38,14.22,13.46,11.43,9.79,9.08,8.76,8.37,7.30,6.32,6.34,6.74,6.82,7.01,7.21,7.37,7.45,7.49,8.16,8.98,10.02,11.65,13.71,15.38,16.28,16.47,17.18,17.49,16.23,13.52,10.67,9.72,9.36,9.10,8.80,8.50,8.31,8.12,7.91,7.76,7.66,7.53,7.37,7.22,7.06,6.91,6.76,6.62,6.46,6.31,6.15,6.00,5.85,5.75,5.62,5.46,5.31,5.15,5.06,4.99,4.92,4.84,4.82,4.78,4.71,4.64,4.62,4.57,4.53,4.50,4.43,4.37,4.33,4.31,4.32,4.38,4.46,4.54,4.63,4.77,4.87,4.91,4.87,4.72,4.57,4.41,4.23,4.02,3.85,3.70,3.54,3.37,3.15,2.98,2.82,2.67,2.52,2.37,2.21,2.04,1.89,1.73,1.58,1.43,1.27,1.11,0.96,0.81,0.65,0.49,0.34,0.19,0.09,e,e,e,e,e,e,e,e,e,e,e,e,e,e,e,e,e,e,e,e,e,e,e,e,e,e,e,e,e,e,e,e,e,e,e,e,e,e,e,e,e,e,e,e,e,e,e,e,e,e,e,e,e,e,e,e,e,e,e,e,e,e,e,e,e,e,e,e,e,e,e,e,e
31.05,25.73,19.92,17.46,16.01,14.90,13.91,12.87,11.54,10.38,9.75,9.53,9.37,9.15,8.91,8.69,8.48,8.25,8.22,8.34,8.57,8.80,8.99,9.19,9.38,9.57,9.77,11.34,13.96,17.27,20.48,23.85,27.01,29.06,28.11,24.79,21.62,19.40,18.41,17.86,17.69,17.84,18.25,18.79,19.40,20.66,22.48,24.57,26.56,26.96,26.04,24.26,22.68,21.23,20.07,19.20,18.44,17.59,16.56,15.49,14.49,13.54,12.79,12.29,12.02,11.76,12.13,12.16,12.26,13.53,15.58,17.04,17.29,16.03,13.85,12.55,11.93,11.49,10.43,8.78,8.20,8.26,8.24,8.36,8.39,8.32,8.15,8.04,8.52,9.21,10.23,12.06,14.62,16.91,18.73,20.04,21.03,21.49,20.59,17.84,13.15,10.46,9.46,9.18,8.93,8.68,8.49,8.33,8.16,8.00,7.87,7.72,7.57,7.41,7.26,7.10,6.97,6.86,6.71,6.56,6.40,6.25,6.10,5.96,5.81,5.66,5.50,5.35,5.26,5.20,5.17,5.09,5.04,5.00,4.96,4.89,4.83,4.80,4.76,4.70,4.63,4.59,4.56,4.50,4.46,4.51,4.59,4.67,4.76,4.90,5.00,4.99,4.88,4.72,4.57,4.38,4.18,4.01,3.85,3.70,3.52,3.32,3.14,2.98,2.82,2.67,2.51,2.36,2.17,1.98,1.82,1.67,1.51,1.36,1.21,1.06,0.90,0.74,0.59,0.43,0.28,0.13,0.03,e,e,e,e,e,e,e,e,e,e,e,e,e,e,e,e,e,e,e,e,e,e,e,e,e,e,e,e,e,e,e,e,e,e,e,e,e,e,e,e,e,e,e,e,e,e,e,e,e,e,e,e,e,e,e,e,e,e,e,e,e,e,e,e,e,e,e,e,e,e,e,e,e
31.56,26.69,21.33,18.86,17.61,16.44,15.16,13.74,12.16,10.67,9.85,9.59,9.40,9.21,8.98,8.75,8.52,8.32,8.21,8.28,8.51,8.71,8.89,9.11,9.31,9.48,9.70,10.50,12.38,15.44,18.48,21.68,24.71,26.67,25.68,22.63,20.18,18.60,17.68,17.01,16.90,17.24,17.93,18.76,19.79,21.49,23.74,26.20,28.40,29.06,28.57,27.25,25.68,23.90,22.40,21.23,20.20,19.01,17.86,16.75,15.61,14.48,13.78,13.50,13.57,13.84,14.79,15.30,15.63,16.61,18.13,19.57,20.27,19.72,17.88,16.52,15.80,15.43,14.75,13.23,11.69,10.70,10.51,9.99,9.54,9.16,8.85,8.67,8.90,9.49,10.68,13.02,15.87,18.43,20.75,22.84,24.34,25.11,24.50,21.92,16.59,11.55,9.55,9.29,9.06,8.85,8.69,8.53,8.38,8.22,8.07,7.93,7.79,7.64,7.48,7.33,7.20,7.09,6.93,6.78,6.62,6.47,6.32,6.18,6.04,5.89,5.73,5.57,5.48,5.42,5.39,5.32,5.26,5.22,5.18,5.11,5.05,5.02,4.97,4.90,4.85,4.82,4.77,4.69,4.64,4.66,4.72,4.79,4.88,5.03,5.09,5.03,4.87,4.70,4.54,4.35,4.16,4.00,3.85,3.68,3.48,3.29,3.13,2.96,2.79,2.63,2.48,2.32,2.14,1.95,1.79,1.64,1.49,1.33,1.17,0.99,0.83,0.68,0.53,0.37,0.21,0.10,0.00,e,e,e,e,e,e,e,e,e,e,e,e,e,e,e,e,e,e,e,e,e,e,e,e,e,e,e,e,e,e,e,e,e,e,e,e,e,e,e,e,e,e,e,e,e,e,e,e,e,e,e,e,e,e,e,e,e,e,e,e,e,e,e,e,e,e,e,e,e,e,e,e,e
31.53,27.34,22.84,20.46,19.09,17.62,15.99,14.27,12.58,10.94,9.99,9.64,9.42,9.25,9.04,8.81,8.59,8.42,8.22,8.22,8.43,8.60,8.82,9.04,9.24,9.41,9.64,9.89,11.12,13.71,16.64,19.67,22.30,23.80,22.79,20.59,19.02,17.97,17.05,16.23,16.37,17.07,18.01,18.99,20.50,22.57,25.02,27.59,29.51,30.25,30.29,29.82,28.73,27.06,25.45,23.98,22.34,20.50,19.05,17.83,16.63,15.48,14.96,14.88,15.24,16.21,17.66,18.92,19.71,20.00,20.83,21.76,22.38,22.37,21.52,20.59,19.98,19.73,19.56,18.75,16.25,13.95,13.42,11.92,10.77,10.05,9.68,9.51,9.44,9.92,11.42,14.46,17.42,20.01,22.49,24.98,27.12,28.30,27.86,25.46,20.54,13.15,9.89,9.43,9.21,9.04,8.88,8.73,8.57,8.42,8.27,8.15,8.04,7.89,7.73,7.58,7.43,7.28,7.13,6.97,6.82,6.67,6.52,6.42,6.29,6.13,5.98,5.83,5.72,5.66,5.58,5.51,5.49,5.45,5.38,5.31,5.29,5.24,5.17,5.11,5.08,5.03,4.96,4.90,4.88,4.83,4.85,4.92,5.01,5.15,5.14,5.03,4.86,4.64,4.48,4.32,4.15,4.00,3.84,3.65,3.45,3.29,3.13,2.92,2.73,2.58,2.42,2.27,2.10,1.94,1.79,1.64,1.48,1.33,1.16,0.95,0.78,0.62,0.47,0.31,0.16,0.11,e,e,e,e,e,e,e,e,e,e,e,e,e,e,e,e,e,e,e,e,e,e,e,e,e,e,e,e,e,e,e,e,e,e,e,e,e,e,e,e,e,e,e,e,e,e,e,e,e,e,e,e,e,e,e,e,e,e,e,e,e,e,e,e,e,e,e,e,e,e,e,e,e,e
30.96,27.68,24.31,21.88,20.10,18.39,16.64,14.88,13.13,11.37,10.23,9.70,9.47,9.27,9.08,8.88,8.65,8.44,8.22,8.19,8.37,8.53,8.74,8.95,9.14,9.34,9.52,9.72,10.50,12.31,15.15,17.83,19.96,21.14,20.59,19.29,18.17,17.22,16.30,15.42,15.82,16.73,17.78,18.83,20.20,22.15,24.59,27.27,29.52,30.56,30.97,30.96,30.30,29.34,28.08,26.42,24.17,21.79,19.82,18.28,17.20,16.62,16.37,16.36,16.73,17.78,19.37,20.90,21.92,22.12,22.70,23.47,24.15,24.45,23.85,23.16,22.68,22.31,21.71,20.61,19.06,17.47,16.09,14.19,12.89,11.98,11.36,11.09,10.79,11.03,12.41,15.61,18.70,21.50,24.14,26.68,29.04,30.51,30.26,27.98,23.31,16.63,11.90,9.62,9.44,9.29,9.13,8.97,8.82,8.67,8.51,8.38,8.24,8.09,7.93,7.78,7.62,7.48,7.37,7.22,7.07,6.91,6.76,6.63,6.49,6.33,6.18,6.02,5.93,5.85,5.78,5.75,5.70,5.64,5.58,5.54,5.50,5.43,5.37,5.34,5.29,5.22,5.17,5.13,5.08,5.02,5.00,5.05,5.13,5.23,5.13,4.97,4.81,4.63,4.47,4.29,4.09,3.95,3.79,3.61,3.44,3.28,3.08,2.89,2.72,2.57,2.41,2.21,2.04,1.89,1.73,1.58,1.43,1.27,1.11,0.93,0.77,0.61,0.46,0.31,0.15,0.10,e,e,e,e,e,e,e,e,e,e,e,e,e,e,e,e,e,e,e,e,e,e,e,e,e,e,e,e,e,e,e,e,e,e,e,e,e,e,e,e,e,e,e,e,e,e,e,e,e,e,e,e,e,e,e,e,e,e,e,e,e,e,e,e,e,e,e,e,e,e,e,e,e,e
30.30,27.63,25.07,22.66,20.58,18.76,17.01,15.23,13.45,11.66,10.40,9.74,9.51,9.30,9.11,8.91,8.69,8.47,8.25,8.17,8.28,8.46,8.67,8.86,9.04,9.25,9.43,9.63,10.07,11.18,13.70,16.08,17.83,18.81,18.78,18.10,17.26,16.38,15.49,14.74,15.31,16.32,17.38,18.46,19.64,21.38,23.67,26.39,28.93,30.38,31.21,31.63,31.45,30.93,29.91,28.22,25.59,22.92,20.57,18.82,17.97,17.86,17.82,17.88,18.22,19.26,20.84,22.46,23.64,23.98,24.50,25.16,25.87,26.35,25.97,25.45,24.96,24.34,23.18,21.70,20.86,19.98,18.30,16.44,15.10,14.14,13.50,13.18,12.76,12.59,13.50,16.55,19.60,22.65,25.51,28.10,30.48,32.20,32.13,30.04,26.07,20.79,15.28,11.14,9.81,9.51,9.36,9.21,9.05,8.90,8.74,8.60,8.46,8.30,8.15,8.00,7.84,7.70,7.59,7.45,7.30,7.14,6.99,6.83,6.69,6.55,6.39,6.24,6.13,6.05,6.00,5.97,5.91,5.84,5.79,5.77,5.70,5.63,5.59,5.56,5.49,5.43,5.39,5.36,5.30,5.23,5.19,5.20,5.25,5.27,5.12,4.93,4.78,4.60,4.45,4.26,4.06,3.90,3.73,3.57,3.42,3.25,3.04,2.88,2.72,2.57,2.39,2.18,2.00,1.85,1.69,1.52,1.36,1.21,1.06,0.90,0.74,0.59,0.43,0.28,0.13,0.07,e,e,e,e,e,e,e,e,e,e,e,e,e,e,e,e,e,e,e,e,e,e,e,e,e,e,e,e,e,e,e,e,e,e,e,e,e,e,e,e,e,e,e,e,e,e,e,e,e,e,e,e,e,e,e,e,e,e,e,e,e,e,e,e,e,e,e,e,e,e,e,e,e,e
29.66,27.10,24.76,22.50,20.40,18.64,16.94,15.17,13.40,11.73,10.48,9.74,9.52,9.34,9.14,8.92,8.70,8.52,8.30,8.17,8.18,8.38,8.56,8.76,8.96,9.14,9.35,9.53,9.77,10.38,12.21,14.42,16.01,16.90,17.36,16.85,16.18,15.43,14.60,14.25,14.89,15.84,16.81,17.89,18.98,20.48,22.51,25.15,27.77,29.69,31.07,31.97,32.38,31.72,30.64,29.08,26.46,23.83,21.40,19.69,19.22,19.27,19.34,19.43,19.75,20.84,22.32,23.88,25.17,25.83,26.38,26.94,27.59,28.18,28.14,27.73,27.03,25.98,24.38,22.67,21.63,20.86,19.88,18.53,17.18,16.35,16.10,15.85,15.42,14.67,14.71,17.27,20.00,23.25,26.47,29.19,31.42,33.36,33.48,31.74,29.15,25.40,20.21,14.64,10.37,9.71,9.55,9.40,9.24,9.09,8.93,8.82,8.71,8.56,8.40,8.25,8.09,7.94,7.80,7.65,7.49,7.34,7.18,7.03,6.91,6.80,6.65,6.49,6.35,6.26,6.24,6.18,6.10,6.06,6.04,5.97,5.89,5.86,5.83,5.76,5.68,5.66,5.62,5.57,5.55,5.48,5.41,5.36,5.36,5.25,5.09,4.93,4.76,4.55,4.38,4.22,4.06,3.89,3.69,3.51,3.36,3.20,3.03,2.88,2.72,2.55,2.34,2.16,2.00,1.85,1.68,1.47,1.30,1.15,0.99,0.83,0.68,0.53,0.37,0.21,0.07,0.01,e,e,e,e,e,e,e,e,e,e,e,e,e,e,e,e,e,e,e,e,e,e,e,e,e,e,e,e,e,e,e,e,e,e,e,e,e,e,e,e,e,e,e,e,e,e,e,e,e,e,e,e,e,e,e,e,e,e,e,e,e,e,e,e,e,e,e,e,e,e,e,e,e,e
29.66,27.04,24.61,22.32,20.17,18.44,16.81,15.11,13.38,11.80,10.55,9.75,9.56,9.37,9.18,8.96,8.74,8.54,8.35,8.20,8.15,8.33,8.52,8.71,8.89,9.06,9.28,9.46,9.63,9.96,10.88,12.59,13.97,14.90,15.70,15.53,14.99,14.31,13.66,13.76,14.50,15.43,16.37,17.37,18.41,19.79,21.70,24.29,26.88,29.14,30.96,32.28,33.31,32.49,31.08,29.35,26.85,24.34,22.25,21.19,21.54,21.68,21.77,21.49,21.25,22.49,24.02,25.58,26.82,27.34,27.77,28.34,29.36,30.69,30.94,30.11,28.75,27.16,25.49,23.77,22.46,21.59,21.02,20.26,19.35,18.80,18.67,18.49,17.96,16.88,16.23,17.62,20.06,23.55,27.12,30.05,32.28,34.42,35.05,33.98,31.93,29.39,24.41,17.74,11.37,9.94,9.67,9.55,9.44,9.32,9.18,9.04,8.92,8.76,8.60,8.45,8.30,8.15,8.03,7.89,7.73,7.57,7.42,7.27,7.13,7.01,6.85,6.70,6.57,6.49,6.45,6.42,6.34,6.29,6.25,6.21,6.13,6.08,6.04,6.00,5.93,5.88,5.84,5.80,5.75,5.65,5.53,5.44,5.38,5.24,5.08,4.91,4.72,4.53,4.37,4.21,4.05,3.85,3.66,3.50,3.33,3.14,2.98,2.82,2.67,2.51,2.32,2.16,1.98,1.80,1.64,1.45,1.29,1.12,0.93,0.77,0.61,0.46,0.30,0.17,0.06,0.00,e,e,e,e,e,e,e,e,e,e,e,e,e,e,e,e,e,e,e,e,e,e,e,e,e,e,e,e,e,e,e,e,e,e,e,e,e,e,e,e,e,e,e,e,e,e,e,e,e,e,e,e,e,e,e,e,e,e,e,e,e,e,e,e,e,e,e,e,e,e,e,e,e,e
29.89,27.21,24.65,22.26,20.04,18.32,16.77,15.16,13.41,11.86,10.60,9.76,9.60,9.38,9.20,9.02,8.78,8.55,8.38,8.22,8.14,8.27,8.48,8.67,8.83,9.00,9.22,9.39,9.55,9.70,9.89,10.97,12.04,12.97,13.97,14.14,13.73,13.15,12.77,13.28,14.14,15.07,16.03,17.07,18.10,19.41,21.20,23.69,26.23,28.73,30.90,32.66,34.26,33.23,31.42,29.43,27.05,24.70,23.41,23.37,24.39,24.49,24.34,23.57,22.78,24.18,25.79,27.39,28.64,29.09,29.42,30.08,31.59,33.67,33.95,32.18,29.93,27.87,26.21,24.70,23.48,22.67,22.38,22.03,21.60,21.34,21.27,21.10,20.39,19.10,17.92,18.11,20.20,23.85,27.70,30.84,33.15,35.45,36.67,36.38,34.56,32.47,26.58,18.64,11.85,10.05,9.71,9.63,9.55,9.47,9.36,9.22,9.08,8.93,8.79,8.65,8.51,8.36,8.27,8.12,7.97,7.81,7.66,7.50,7.36,7.21,7.06,6.90,6.80,6.72,6.67,6.65,6.58,6.51,6.46,6.44,6.37,6.30,6.26,6.23,6.15,6.06,6.00,5.96,5.88,5.74,5.59,5.46,5.36,5.21,5.06,4.88,4.68,4.51,4.35,4.20,4.03,3.81,3.65,3.48,3.30,3.09,2.93,2.77,2.60,2.46,2.30,2.15,1.95,1.75,1.58,1.43,1.27,1.09,0.88,0.72,0.57,0.42,0.26,0.11,e,e,e,e,e,e,e,e,e,e,e,e,e,e,e,e,e,e,e,e,e,e,e,e,e,e,e,e,e,e,e,e,e,e,e,e,e,e,e,e,e,e,e,e,e,e,e,e,e,e,e,e,e,e,e,e,e,e,e,e,e,e,e,e,e,e,e,e,e,e,e,e,e,e,e,e
30.35,27.66,25.06,22.57,20.20,18.48,17.05,15.54,13.53,11.84,10.56,9.76,9.60,9.38,9.20,9.02,8.78,8.55,8.38,8.22,8.13,8.22,8.38,8.57,8.77,8.93,9.16,9.33,9.48,9.63,9.74,10.10,10.64,11.33,12.18,12.62,12.33,11.94,12.07,12.89,13.82,14.77,15.87,17.31,18.51,19.73,21.32,23.59,26.11,28.60,31.00,33.28,35.29,33.93,31.68,29.44,27.13,24.95,25.42,27.03,27.91,27.69,26.63,25.24,24.41,25.94,27.57,29.25,30.80,31.81,32.22,33.19,35.14,37.47,37.06,33.25,29.81,27.63,25.88,25.09,24.94,24.93,24.70,24.23,24.03,24.00,23.96,23.60,22.61,21.23,19.87,19.35,20.88,24.39,28.31,31.58,34.12,36.52,38.29,38.82,36.99,33.43,23.46,13.44,10.44,9.74,9.58,9.50,9.43,9.36,9.31,9.25,9.15,9.06,8.97,8.88,8.76,8.61,8.46,8.31,8.16,8.00,7.85,7.70,7.58,7.47,7.32,7.16,7.02,6.93,6.91,6.85,6.77,6.73,6.70,6.64,6.56,6.53,6.50,6.42,6.29,6.15,6.02,5.91,5.82,5.68,5.52,5.38,5.23,5.08,4.97,4.84,4.67,4.46,4.29,4.13,3.97,3.81,3.65,3.45,3.25,3.09,2.93,2.73,2.54,2.39,2.23,2.08,1.92,1.73,1.52,1.36,1.21,1.05,0.88,0.72,0.57,0.42,0.24,0.05,e,e,e,e,e,e,e,e,e,e,e,e,e,e,e,e,e,e,e,e,e,e,e,e,e,e,e,e,e,e,e,e,e,e,e,e,e,e,e,e,e,e,e,e,e,e,e,e,e,e,e,e,e,e,e,e,e,e,e,e,e,e,e,e,e,e,e,e,e,e,e,e,e,e,e,e
30.80,28.13,25.58,23.17,21.01,19.31,17.83,16.26,14.09,12.13,10.65,9.76,9.60,9.38,9.20,9.02,8.79,8.59,8.39,8.22,8.12,8.20,8.37,8.56,8.74,8.87,9.06,9.20,9.33,9.48,9.59,9.71,9.72,9.80,10.46,11.21,11.24,11.15,11.59,12.46,13.87,15.22,16.47,18.04,19.31,20.69,22.28,24.13,26.29,28.57,31.03,33.71,36.22,34.65,32.05,29.59,27.43,26.25,27.51,29.52,30.37,29.80,28.24,26.73,26.18,27.80,29.55,31.38,33.32,35.24,36.15,37.14,38.90,40.85,39.44,33.70,29.46,27.70,26.37,26.42,26.90,27.22,27.02,26.43,26.40,26.58,26.61,26.03,24.84,23.42,22.00,21.04,22.09,25.36,29.10,32.22,34.81,37.30,39.42,40.52,38.97,34.06,21.85,10.90,9.82,9.55,9.46,9.38,9.30,9.22,9.18,9.14,9.09,9.02,8.94,8.86,8.77,8.65,8.56,8.45,8.32,8.20,8.08,7.93,7.80,7.68,7.53,7.37,7.24,7.16,7.12,7.04,6.99,6.95,6.90,6.79,6.68,6.60,6.51,6.40,6.28,6.13,5.98,5.84,5.72,5.57,5.42,5.26,5.11,4.99,4.88,4.74,4.59,4.42,4.24,4.07,3.92,3.76,3.61,3.42,3.23,3.04,2.89,2.70,2.52,2.36,2.18,2.01,1.86,1.69,1.50,1.34,1.16,0.99,0.83,0.68,0.53,0.37,0.21,0.03,e,e,e,e,e,e,e,e,e,e,e,e,e,e,e,e,e,e,e,e,e,e,e,e,e,e,e,e,e,e,e,e,e,e,e,e,e,e,e,e,e,e,e,e,e,e,e,e,e,e,e,e,e,e,e,e,e,e,e,e,e,e,e,e,e,e,e,e,e,e,e,e,e,e,e,e
31.24,28.63,26.21,24.01,22.14,20.45,18.84,17.13,14.85,12.54,10.78,9.76,9.60,9.38,9.20,9.02,8.79,8.62,8.41,8.22,8.11,8.19,8.39,8.56,8.69,8.79,8.93,9.04,9.15,9.30,9.45,9.52,9.09,8.60,9.13,10.03,10.28,10.45,11.17,12.04,14.15,16.10,17.52,19.10,20.45,22.07,23.78,25.20,26.93,29.00,31.51,34.47,37.20,35.49,32.59,29.90,27.93,27.99,29.56,31.38,32.24,31.29,29.43,28.08,28.04,29.75,31.65,33.63,35.94,38.74,40.40,41.41,42.77,43.93,41.09,33.76,29.08,27.93,27.27,28.05,29.23,29.96,29.63,28.86,29.09,29.50,29.47,28.51,27.11,25.66,24.23,22.98,23.65,26.56,29.97,32.81,35.37,37.91,40.34,41.92,40.43,33.41,20.44,9.99,9.64,9.46,9.35,9.26,9.19,9.11,9.04,9.01,8.98,8.90,8.82,8.74,8.67,8.59,8.57,8.50,8.43,8.35,8.27,8.13,8.00,7.85,7.71,7.56,7.46,7.38,7.30,7.21,7.18,7.13,7.02,6.87,6.73,6.58,6.43,6.29,6.20,6.06,5.90,5.75,5.60,5.45,5.30,5.15,5.00,4.91,4.77,4.62,4.47,4.38,4.19,4.00,3.85,3.70,3.54,3.39,3.21,2.99,2.83,2.67,2.51,2.34,2.13,1.96,1.80,1.65,1.48,1.33,1.13,0.93,0.78,0.62,0.46,0.30,0.16,0.03,e,e,e,e,e,e,e,e,e,e,e,e,e,e,e,e,e,e,e,e,e,e,e,e,e,e,e,e,e,e,e,e,e,e,e,e,e,e,e,e,e,e,e,e,e,e,e,e,e,e,e,e,e,e,e,e,e,e,e,e,e,e,e,e,e,e,e,e,e,e,e,e,e,e,e,e
31.56,29.28,27.18,25.26,23.42,21.62,19.84,17.96,15.60,12.90,10.86,9.76,9.60,9.38,9.20,9.02,8.79,8.58,8.39,8.20,8.05,8.13,8.29,8.42,8.53,8.66,8.76,8.88,9.00,9.11,9.25,9.22,8.79,8.48,9.28,9.56,9.23,9.29,10.52,11.86,14.75,17.32,18.98,20.56,22.17,24.00,25.81,27.30,28.85,31.13,34.00,36.97,38.60,36.76,33.71,30.70,28.85,29.55,31.24,32.94,33.70,32.20,30.14,29.25,30.04,31.83,33.79,35.89,38.28,41.16,43.78,45.45,46.68,46.58,41.22,33.48,29.02,28.24,28.28,29.11,32.16,34.51,33.37,32.19,33.13,33.95,33.40,31.36,29.55,28.01,26.55,25.17,25.55,27.88,30.77,33.39,35.84,38.33,41.33,43.52,40.52,28.04,16.99,10.67,9.81,9.52,9.33,9.20,9.11,9.04,9.01,8.97,8.90,8.83,8.75,8.68,8.60,8.53,8.47,8.39,8.32,8.25,8.23,8.13,8.04,7.94,7.84,7.74,7.65,7.55,7.42,7.29,7.17,7.06,6.92,6.77,6.66,6.52,6.37,6.22,6.08,5.93,5.78,5.63,5.48,5.37,5.23,5.08,4.93,4.79,4.64,4.49,4.35,4.26,4.11,3.95,3.79,3.64,3.48,3.32,3.16,2.98,2.78,2.60,2.45,2.29,2.12,1.96,1.77,1.58,1.43,1.27,1.10,0.93,0.77,0.56,0.40,0.24,0.11,e,e,e,e,e,e,e,e,e,e,e,e,e,e,e,e,e,e,e,e,e,e,e,e,e,e,e,e,e,e,e,e,e,e,e,e,e,e,e,e,e,e,e,e,e,e,e,e,e,e,e,e,e,e,e,e,e,e,e,e,e,e,e,e,e,e,e,e,e,e,e,e,e,e,e,e,e
31.52,29.46,27.62,25.89,24.12,22.33,20.50,18.46,15.80,12.85,10.78,9.75,9.57,9.37,9.18,8.99,8.79,8.58,8.41,8.25,8.11,8.11,8.16,8.24,8.34,8.49,8.57,8.71,8.84,8.95,9.06,8.88,8.63,8.65,9.38,9.23,8.64,8.61,9.96,11.89,15.69,18.85,20.67,22.36,24.14,26.03,27.96,29.79,31.63,34.28,37.26,39.81,40.44,38.58,35.44,32.05,30.00,31.09,32.94,34.46,34.86,33.17,31.21,30.72,32.05,33.89,35.85,38.02,40.49,43.43,46.52,48.79,49.98,48.57,40.87,33.45,29.84,29.71,30.59,33.50,36.86,38.55,37.17,36.22,37.45,38.08,36.84,34.25,32.37,30.63,28.83,27.22,27.23,29.02,31.46,33.90,36.30,38.82,42.35,44.80,39.96,26.59,17.73,13.51,11.38,9.96,9.46,9.30,9.23,9.15,9.12,9.06,8.98,8.90,8.83,8.77,8.71,8.63,8.55,8.48,8.40,8.33,8.27,8.20,8.11,8.01,7.92,7.80,7.69,7.56,7.41,7.28,7.13,6.98,6.83,6.67,6.56,6.43,6.27,6.12,5.96,5.83,5.68,5.54,5.38,5.27,5.13,4.98,4.83,4.67,4.54,4.39,4.25,4.15,4.00,3.86,3.73,3.57,3.42,3.26,3.11,2.94,2.74,2.58,2.41,2.23,2.08,1.93,1.74,1.55,1.39,1.21,1.06,0.90,0.73,0.53,0.34,0.18,0.07,e,e,e,e,e,e,e,e,e,e,e,e,e,e,e,e,e,e,e,e,e,e,e,e,e,e,e,e,e,e,e,e,e,e,e,e,e,e,e,e,e,e,e,e,e,e,e,e,e,e,e,e,e,e,e,e,e,e,e,e,e,e,e,e,e,e,e,e,e,e,e,e,e,e,e,e,e
31.11,29.19,27.50,25.88,24.27,22.60,20.80,18.65,15.55,12.49,10.55,9.74,9.52,9.35,9.16,8.96,8.80,8.64,8.49,8.37,8.26,8.14,8.07,8.08,8.16,8.30,8.39,8.52,8.67,8.80,8.87,8.55,8.56,8.95,9.28,8.96,8.46,8.42,9.56,12.19,16.89,20.54,22.41,24.31,26.17,28.07,30.13,32.51,34.99,38.06,40.97,42.82,42.62,40.67,37.43,33.72,31.32,32.63,34.66,36.01,35.89,34.33,32.64,32.47,34.06,35.93,37.90,40.14,42.71,45.69,48.80,51.52,52.60,49.85,40.27,33.83,31.59,32.49,34.86,40.76,42.80,41.98,40.78,40.62,41.76,41.88,40.08,37.39,35.58,33.51,31.13,29.15,28.74,30.10,32.19,34.45,36.81,39.48,43.46,45.77,38.82,28.57,21.91,17.89,14.30,10.93,9.80,9.55,9.48,9.41,9.33,9.25,9.18,9.10,9.02,8.98,8.95,8.87,8.79,8.71,8.63,8.53,8.40,8.31,8.19,8.06,7.95,7.75,7.59,7.44,7.30,7.20,7.06,6.91,6.75,6.60,6.46,6.30,6.15,5.99,5.85,5.74,5.62,5.46,5.31,5.16,5.01,4.86,4.71,4.55,4.45,4.32,4.17,4.03,3.88,3.76,3.66,3.50,3.35,3.20,3.04,2.89,2.73,2.57,2.39,2.18,2.01,1.86,1.70,1.54,1.38,1.17,0.99,0.83,0.68,0.52,0.30,0.12,0.01,e,e,e,e,e,e,e,e,e,e,e,e,e,e,e,e,e,e,e,e,e,e,e,e,e,e,e,e,e,e,e,e,e,e,e,e,e,e,e,e,e,e,e,e,e,e,e,e,e,e,e,e,e,e,e,e,e,e,e,e,e,e,e,e,e,e,e,e,e,e,e,e,e,e,e,e,e
30.18,28.40,26.77,25.31,23.95,22.46,20.79,18.66,15.41,12.22,10.34,9.69,9.51,9.35,9.21,9.07,8.91,8.76,8.64,8.52,8.40,8.29,8.17,8.08,8.05,8.12,8.24,8.35,8.48,8.62,8.69,8.45,8.57,8.98,9.03,8.65,8.32,8.44,9.67,13.07,17.93,21.60,23.54,25.48,27.42,29.63,32.13,34.92,37.84,41.28,44.33,45.89,44.84,41.60,37.93,34.64,32.65,34.21,36.41,37.78,37.51,35.96,34.29,34.20,35.96,37.97,40.30,42.87,45.55,48.25,51.11,53.91,54.27,49.78,39.96,35.38,34.73,37.64,44.78,47.96,47.26,45.00,43.44,43.98,45.29,45.99,45.19,42.26,39.39,36.55,33.75,31.34,30.53,31.72,33.66,35.64,37.77,40.80,45.00,46.48,36.88,28.88,24.04,21.09,18.31,13.27,10.69,9.77,9.73,9.66,9.58,9.51,9.41,9.29,9.21,9.15,9.08,8.96,8.88,8.76,8.66,8.56,8.42,8.33,8.20,8.04,7.86,7.64,7.46,7.33,7.22,7.09,6.94,6.79,6.63,6.49,6.37,6.23,6.08,5.93,5.77,5.64,5.50,5.34,5.19,5.04,4.91,4.79,4.63,4.48,4.35,4.21,4.05,3.90,3.79,3.67,3.55,3.44,3.29,3.14,2.98,2.82,2.67,2.52,2.35,2.16,1.96,1.80,1.65,1.49,1.33,1.15,0.95,0.77,0.61,0.46,0.28,0.12,0.00,e,e,e,e,e,e,e,e,e,e,e,e,e,e,e,e,e,e,e,e,e,e,e,e,e,e,e,e,e,e,e,e,e,e,e,e,e,e,e,e,e,e,e,e,e,e,e,e,e,e,e,e,e,e,e,e,e,e,e,e,e,e,e,e,e,e,e,e,e,e,e,e,e,e,e,e,e
29.13,27.49,25.88,24.47,23.20,21.84,20.30,18.28,15.07,11.86,10.12,9.67,9.53,9.38,9.27,9.18,9.04,8.89,8.79,8.68,8.56,8.46,8.31,8.17,8.06,8.04,8.13,8.21,8.31,8.43,8.48,8.40,8.60,8.91,8.75,8.37,8.27,8.58,9.83,13.75,18.61,22.20,24.22,26.21,28.30,30.83,33.72,36.79,40.08,43.94,47.11,48.27,46.33,42.03,38.10,35.33,33.92,35.67,37.95,39.39,39.14,37.59,35.89,35.84,37.72,40.05,42.85,45.72,48.45,50.90,53.55,56.40,56.74,52.02,42.09,39.22,40.86,45.91,53.95,54.32,51.05,47.45,45.83,46.73,48.93,50.83,50.95,47.34,43.11,39.27,36.08,33.82,32.85,33.71,35.42,37.37,39.44,42.77,46.75,47.48,37.39,30.00,26.24,24.63,23.21,18.76,15.02,12.75,11.64,10.13,9.75,9.67,9.56,9.43,9.33,9.25,9.14,9.00,8.91,8.78,8.66,8.56,8.42,8.31,8.16,7.97,7.74,7.51,7.33,7.21,7.10,6.99,6.84,6.68,6.54,6.38,6.28,6.14,5.99,5.83,5.68,5.54,5.40,5.24,5.08,4.93,4.81,4.70,4.54,4.39,4.23,4.09,3.95,3.80,3.69,3.56,3.43,3.34,3.20,3.06,2.92,2.76,2.60,2.45,2.29,2.13,1.92,1.74,1.58,1.43,1.27,1.11,0.92,0.72,0.56,0.40,0.24,0.11,0.00,e,e,e,e,e,e,e,e,e,e,e,e,e,e,e,e,e,e,e,e,e,e,e,e,e,e,e,e,e,e,e,e,e,e,e,e,e,e,e,e,e,e,e,e,e,e,e,e,e,e,e,e,e,e,e,e,e,e,e,e,e,e,e,e,e,e,e,e,e,e,e,e,e,e,e,e,e
28.03,26.56,24.95,23.39,21.94,20.61,19.20,17.33,14.38,11.36,9.87,9.67,9.57,9.43,9.33,9.24,9.14,9.00,8.90,8.82,8.72,8.58,8.43,8.31,8.21,8.10,8.04,8.08,8.16,8.23,8.26,8.39,8.62,8.75,8.46,8.16,8.36,8.83,9.94,13.92,18.68,22.23,24.34,26.49,28.80,31.61,34.71,37.88,41.52,45.86,49.08,49.57,46.73,42.03,38.19,35.88,35.09,36.93,39.18,40.68,40.65,39.06,37.40,37.35,39.31,42.20,45.49,48.56,51.25,53.59,56.19,59.14,60.71,58.18,48.18,46.37,51.02,57.87,60.23,59.30,54.32,49.31,48.14,48.88,52.92,56.51,56.96,52.13,46.44,41.44,37.91,36.66,35.88,36.11,37.44,39.74,42.07,45.53,48.69,48.98,41.89,33.12,29.48,29.20,29.21,28.37,24.18,19.77,15.94,10.92,9.82,9.70,9.58,9.48,9.34,9.25,9.14,9.00,8.91,8.78,8.66,8.56,8.41,8.26,8.07,7.84,7.61,7.38,7.21,7.06,6.94,6.90,6.78,6.63,6.47,6.32,6.17,6.02,5.86,5.71,5.55,5.45,5.33,5.18,5.02,4.87,4.72,4.57,4.42,4.26,4.11,3.98,3.89,3.73,3.59,3.44,3.30,3.22,3.07,2.96,2.85,2.70,2.54,2.39,2.23,2.07,1.91,1.70,1.51,1.36,1.21,1.06,0.89,0.70,0.49,0.34,0.18,0.11,e,e,e,e,e,e,e,e,e,e,e,e,e,e,e,e,e,e,e,e,e,e,e,e,e,e,e,e,e,e,e,e,e,e,e,e,e,e,e,e,e,e,e,e,e,e,e,e,e,e,e,e,e,e,e,e,e,e,e,e,e,e,e,e,e,e,e,e,e,e,e,e,e,e,e,e,e,e
26.77,25.56,24.10,22.50,20.98,19.34,17.61,15.73,13.51,11.04,9.77,9.55,9.40,9.28,9.16,9.06,8.97,8.83,8.73,8.65,8.56,8.41,8.29,8.20,8.12,8.06,8.05,8.08,8.08,8.05,8.09,8.29,8.50,8.54,8.21,8.23,8.62,9.13,10.05,13.12,17.57,21.26,23.70,26.09,28.68,31.68,34.93,38.27,42.17,46.68,49.91,50.28,47.41,42.36,38.49,36.56,36.29,37.96,40.12,41.84,42.25,40.61,38.89,38.89,41.04,44.23,47.66,50.81,53.64,56.26,59.13,62.42,65.03,65.23,60.71,58.20,59.53,62.81,63.09,61.77,58.35,54.35,51.66,51.83,55.69,59.21,59.56,54.41,48.57,43.67,40.45,39.53,38.59,38.52,39.70,42.16,44.59,47.59,49.94,50.35,46.91,42.21,39.03,37.38,36.40,33.83,29.30,24.17,18.48,11.36,9.79,9.68,9.57,9.45,9.34,9.25,9.15,9.04,8.92,8.81,8.67,8.50,8.32,8.15,7.95,7.72,7.49,7.25,7.08,6.93,6.79,6.75,6.68,6.56,6.40,6.25,6.09,5.94,5.79,5.63,5.48,5.35,5.22,5.06,4.91,4.75,4.63,4.50,4.34,4.19,4.04,3.90,3.77,3.62,3.46,3.33,3.21,3.09,2.95,2.84,2.74,2.59,2.47,2.32,2.17,2.01,1.86,1.67,1.48,1.30,1.15,0.99,0.83,0.66,0.47,0.28,0.12,0.04,e,e,e,e,e,e,e,e,e,e,e,e,e,e,e,e,e,e,e,e,e,e,e,e,e,e,e,e,e,e,e,e,e,e,e,e,e,e,e,e,e,e,e,e,e,e,e,e,e,e,e,e,e,e,e,e,e,e,e,e,e,e,e,e,e,e,e,e,e,e,e,e,e,e,e,e,e,e
25.39,24.45,23.24,21.71,20.13,18.20,16.15,14.21,12.55,10.73,9.72,9.44,9.21,9.08,8.94,8.80,8.72,8.58,8.48,8.40,8.31,8.20,8.14,8.08,8.05,8.07,8.14,8.16,8.08,7.96,7.99,8.17,8.33,8.34,8.08,8.43,8.89,9.29,9.90,12.01,16.06,19.82,22.63,25.28,28.13,31.28,34.61,38.12,42.16,46.92,50.36,50.82,48.06,42.85,38.94,37.27,37.49,38.97,41.04,43.00,43.95,42.43,40.71,40.62,42.68,46.06,49.54,52.79,55.84,58.85,62.13,65.74,68.99,71.24,72.02,68.87,66.43,65.67,65.03,63.58,62.03,59.31,55.10,54.60,57.62,60.77,61.36,56.34,50.47,45.93,43.18,42.28,41.29,41.16,42.28,44.68,47.07,49.37,50.96,51.52,50.85,50.23,47.56,44.34,41.89,37.07,32.45,27.14,20.20,11.65,9.77,9.66,9.56,9.43,9.34,9.26,9.17,9.08,8.93,8.82,8.65,8.42,8.19,8.03,7.82,7.59,7.36,7.13,6.95,6.80,6.66,6.58,6.56,6.48,6.34,6.17,6.02,5.86,5.71,5.55,5.40,5.24,5.09,4.95,4.79,4.64,4.53,4.42,4.26,4.11,3.95,3.81,3.66,3.50,3.35,3.23,3.13,2.98,2.83,2.72,2.61,2.46,2.38,2.25,2.09,1.95,1.80,1.65,1.45,1.25,1.09,0.93,0.77,0.61,0.45,0.23,0.07,0.00,e,e,e,e,e,e,e,e,e,e,e,e,e,e,e,e,e,e,e,e,e,e,e,e,e,e,e,e,e,e,e,e,e,e,e,e,e,e,e,e,e,e,e,e,e,e,e,e,e,e,e,e,e,e,e,e,e,e,e,e,e,e,e,e,e,e,e,e,e,e,e,e,e,e,e,e,e,e
23.82,23.09,22.28,21.07,19.41,17.47,15.43,13.38,11.50,10.29,9.69,9.43,9.14,8.92,8.71,8.55,8.47,8.38,8.25,8.15,8.09,8.12,8.16,8.21,8.26,8.32,8.40,8.38,8.28,8.12,7.96,8.06,8.12,8.14,8.32,8.74,9.01,9.00,9.03,10.85,14.32,17.84,20.91,23.90,26.93,30.10,33.42,36.95,40.81,46.39,50.65,51.28,48.43,43.53,39.70,37.98,38.66,40.10,42.12,44.29,45.85,45.00,43.49,42.84,43.97,47.44,50.98,54.44,57.80,61.24,65.13,68.75,71.63,73.50,74.55,72.43,69.97,68.20,67.03,65.54,64.07,61.50,57.38,56.24,58.15,61.46,63.63,59.36,52.73,48.20,45.92,44.70,44.17,44.49,45.61,47.47,49.52,50.91,51.88,52.22,51.26,50.39,48.00,44.80,41.53,37.27,33.17,28.07,20.95,11.78,9.77,9.66,9.58,9.48,9.40,9.28,9.17,9.08,8.93,8.73,8.52,8.29,8.06,7.90,7.69,7.46,7.23,7.00,6.83,6.67,6.53,6.45,6.39,6.34,6.26,6.05,5.89,5.73,5.58,5.43,5.27,5.12,4.99,4.88,4.73,4.58,4.44,4.29,4.13,3.98,3.83,3.70,3.59,3.45,3.29,3.14,3.00,2.85,2.75,2.63,2.48,2.34,2.25,2.12,2.00,1.89,1.73,1.58,1.42,1.25,1.08,0.88,0.70,0.56,0.39,0.22,0.07,0.00,e,e,e,e,e,e,e,e,e,e,e,e,e,e,e,e,e,e,e,e,e,e,e,e,e,e,e,e,e,e,e,e,e,e,e,e,e,e,e,e,e,e,e,e,e,e,e,e,e,e,e,e,e,e,e,e,e,e,e,e,e,e,e,e,e,e,e,e,e,e,e,e,e,e,e,e,e,e
22.41,21.62,20.99,20.05,18.56,16.67,14.64,12.62,10.77,9.95,9.59,9.34,9.07,8.83,8.60,8.41,8.28,8.22,8.17,8.14,8.16,8.26,8.35,8.42,8.50,8.57,8.62,8.55,8.42,8.25,8.04,8.01,8.04,8.18,8.50,8.68,8.70,8.64,8.89,10.66,13.84,17.17,20.19,23.09,26.00,29.02,32.26,35.92,39.87,46.11,50.96,51.69,48.69,44.31,40.72,38.93,39.90,41.49,43.50,45.69,47.52,47.48,46.50,45.53,45.61,48.48,52.04,55.66,59.28,63.05,67.16,70.74,73.66,75.83,77.18,75.48,72.97,70.74,69.22,68.02,66.61,63.91,59.79,59.00,60.80,63.89,66.06,62.34,56.11,51.13,48.19,47.21,47.22,48.07,49.35,50.84,52.30,52.60,52.47,52.05,50.93,49.78,47.50,44.45,41.03,36.98,32.97,28.07,21.21,11.83,9.79,9.70,9.61,9.50,9.42,9.29,9.16,9.03,8.85,8.63,8.39,8.17,7.97,7.79,7.57,7.33,7.10,6.87,6.70,6.53,6.37,6.32,6.25,6.20,6.13,5.96,5.80,5.65,5.50,5.34,5.18,5.04,4.90,4.78,4.63,4.47,4.32,4.17,4.05,3.90,3.74,3.61,3.48,3.33,3.18,3.03,2.88,2.76,2.65,2.51,2.37,2.25,2.14,2.02,1.90,1.78,1.63,1.50,1.36,1.21,1.05,0.85,0.66,0.49,0.34,0.18,0.08,0.00,e,e,e,e,e,e,e,e,e,e,e,e,e,e,e,e,e,e,e,e,e,e,e,e,e,e,e,e,e,e,e,e,e,e,e,e,e,e,e,e,e,e,e,e,e,e,e,e,e,e,e,e,e,e,e,e,e,e,e,e,e,e,e,e,e,e,e,e,e,e,e,e,e,e,e,e,e,e
21.08,20.13,19.52,18.82,17.63,15.83,13.83,11.88,10.27,9.72,9.48,9.24,9.00,8.77,8.54,8.31,8.12,8.13,8.20,8.28,8.36,8.50,8.60,8.67,8.76,8.82,8.82,8.70,8.55,8.37,8.14,7.98,8.03,8.28,8.55,8.51,8.39,8.50,9.24,11.06,14.07,17.18,19.99,22.64,25.36,28.18,31.34,35.17,39.29,45.99,51.27,52.14,49.01,45.20,41.95,40.19,41.26,43.01,45.01,47.12,49.05,49.89,49.48,48.31,47.47,49.46,52.98,56.71,60.45,64.44,68.58,72.18,75.35,78.05,79.75,78.19,75.68,73.39,71.88,71.12,69.72,66.72,62.45,62.53,64.65,67.24,68.59,65.47,60.15,54.74,50.86,50.21,50.64,51.69,52.78,53.63,54.19,53.50,52.34,51.14,50.05,48.69,46.48,43.67,40.41,36.38,32.26,27.54,21.17,12.09,9.94,9.75,9.65,9.51,9.41,9.27,9.12,8.95,8.73,8.50,8.27,8.05,7.88,7.67,7.44,7.21,6.98,6.74,6.57,6.38,6.20,6.17,6.11,6.04,5.96,5.87,5.74,5.58,5.43,5.28,5.13,4.97,4.82,4.67,4.51,4.36,4.20,4.07,3.97,3.82,3.67,3.51,3.37,3.22,3.06,2.91,2.77,2.68,2.53,2.39,2.26,2.16,2.01,1.92,1.81,1.66,1.51,1.42,1.29,1.14,0.98,0.83,0.63,0.43,0.28,0.13,0.09,e,e,e,e,e,e,e,e,e,e,e,e,e,e,e,e,e,e,e,e,e,e,e,e,e,e,e,e,e,e,e,e,e,e,e,e,e,e,e,e,e,e,e,e,e,e,e,e,e,e,e,e,e,e,e,e,e,e,e,e,e,e,e,e,e,e,e,e,e,e,e,e,e,e,e,e,e,e,e
19.76,18.75,18.02,17.41,16.57,14.91,12.94,11.13,10.10,9.71,9.44,9.17,8.94,8.71,8.47,8.24,8.08,8.21,8.39,8.52,8.61,8.71,8.83,8.93,9.01,9.07,9.03,8.86,8.65,8.44,8.21,8.00,8.06,8.26,8.25,8.56,8.89,9.35,10.25,12.09,14.84,17.55,19.98,22.56,25.29,28.13,31.34,35.28,39.47,46.12,51.54,52.81,49.80,46.37,43.63,42.20,42.98,44.53,46.42,48.46,50.53,52.12,51.84,50.61,49.55,50.74,54.18,57.77,61.27,65.20,69.29,73.26,76.81,79.72,81.91,80.45,78.19,76.53,76.14,75.79,74.20,70.67,65.96,67.08,69.49,71.15,71.24,69.27,64.77,59.86,56.09,55.05,55.25,55.02,54.18,52.91,51.88,50.88,49.83,48.84,48.21,47.03,45.08,42.62,39.65,35.45,31.20,26.59,20.88,13.38,10.51,9.75,9.66,9.50,9.37,9.19,9.00,8.83,8.60,8.37,8.14,7.93,7.77,7.54,7.31,7.08,6.85,6.62,6.44,6.25,6.06,6.00,5.97,5.91,5.84,5.76,5.66,5.52,5.37,5.21,5.06,4.90,4.75,4.59,4.44,4.29,4.13,3.99,3.85,3.70,3.54,3.39,3.25,3.14,2.99,2.84,2.69,2.56,2.41,2.29,2.18,2.04,1.89,1.80,1.68,1.54,1.43,1.31,1.16,1.03,0.92,0.77,0.60,0.41,0.21,0.06,0.03,e,e,e,e,e,e,e,e,e,e,e,e,e,e,e,e,e,e,e,e,e,e,e,e,e,e,e,e,e,e,e,e,e,e,e,e,e,e,e,e,e,e,e,e,e,e,e,e,e,e,e,e,e,e,e,e,e,e,e,e,e,e,e,e,e,e,e,e,e,e,e,e,e,e,e,e,e,e,e
18.56,17.52,16.64,15.99,15.32,13.91,12.23,10.77,10.06,9.71,9.43,9.14,8.91,8.65,8.41,8.21,8.12,8.32,8.55,8.72,8.82,8.93,9.08,9.19,9.25,9.28,9.20,9.00,8.75,8.47,8.21,8.02,8.10,8.32,8.30,8.73,9.22,9.80,10.75,12.69,15.23,17.66,19.91,22.58,25.37,28.25,31.49,35.48,39.73,46.21,51.72,53.55,51.00,47.97,45.54,44.22,44.73,46.14,47.96,50.01,52.28,54.34,54.18,53.00,51.87,52.32,55.30,58.61,61.94,65.80,69.81,74.16,78.15,81.38,83.98,82.97,81.19,80.08,80.20,79.81,78.15,74.72,70.31,71.30,73.56,74.65,74.02,72.63,68.59,64.12,60.39,58.27,57.06,55.06,52.70,50.54,48.92,47.82,46.90,46.17,45.89,45.04,43.43,41.27,38.54,34.71,30.53,25.99,20.69,14.17,10.88,9.77,9.65,9.47,9.29,9.07,8.87,8.70,8.48,8.24,8.01,7.80,7.63,7.42,7.19,6.95,6.72,6.49,6.32,6.13,5.92,5.84,5.81,5.77,5.71,5.63,5.55,5.44,5.30,5.15,5.00,4.84,4.68,4.54,4.38,4.20,4.04,3.88,3.73,3.60,3.45,3.29,3.15,3.04,2.90,2.74,2.59,2.44,2.31,2.20,2.07,1.92,1.79,1.68,1.55,1.42,1.33,1.19,1.05,0.93,0.82,0.67,0.54,0.38,0.19,0.04,0.00,e,e,e,e,e,e,e,e,e,e,e,e,e,e,e,e,e,e,e,e,e,e,e,e,e,e,e,e,e,e,e,e,e,e,e,e,e,e,e,e,e,e,e,e,e,e,e,e,e,e,e,e,e,e,e,e,e,e,e,e,e,e,e,e,e,e,e,e,e,e,e,e,e,e,e,e,e,e,e
17.50,16.43,15.49,14.73,14.08,12.96,11.75,10.74,10.10,9.73,9.43,9.14,8.91,8.61,8.36,8.20,8.22,8.44,8.67,8.87,9.02,9.17,9.32,9.44,9.49,9.46,9.33,9.12,8.83,8.48,8.18,8.03,8.15,8.43,8.63,8.95,9.33,9.82,10.75,12.79,15.18,17.47,19.75,22.61,25.49,28.41,31.65,35.62,39.92,46.06,51.57,54.15,52.55,49.93,47.59,46.17,46.49,47.84,49.69,51.89,54.38,56.60,56.58,55.55,54.40,54.14,56.33,59.27,62.55,66.40,70.38,74.99,79.41,83.04,85.99,85.70,84.62,83.90,83.86,83.05,81.43,78.72,75.30,75.26,76.89,77.65,76.83,75.36,71.26,66.97,63.09,59.46,56.07,52.28,49.05,47.07,45.72,44.67,43.85,43.31,43.23,42.78,41.53,39.59,37.05,34.04,30.10,25.64,20.50,14.31,10.98,9.79,9.62,9.40,9.18,8.94,8.74,8.57,8.35,8.12,7.88,7.67,7.51,7.29,7.06,6.83,6.59,6.36,6.19,6.00,5.80,5.71,5.64,5.60,5.57,5.50,5.43,5.35,5.23,5.08,4.92,4.77,4.62,4.46,4.30,4.09,3.92,3.76,3.61,3.52,3.38,3.23,3.07,2.92,2.77,2.63,2.47,2.32,2.22,2.10,1.94,1.80,1.71,1.58,1.43,1.29,1.21,1.06,0.95,0.85,0.70,0.55,0.44,0.33,0.19,e,e,e,e,e,e,e,e,e,e,e,e,e,e,e,e,e,e,e,e,e,e,e,e,e,e,e,e,e,e,e,e,e,e,e,e,e,e,e,e,e,e,e,e,e,e,e,e,e,e,e,e,e,e,e,e,e,e,e,e,e,e,e,e,e,e,e,e,e,e,e,e,e,e,e,e,e,e,e,e,e
16.52,15.70,15.19,14.66,14.01,12.89,11.71,10.73,10.06,9.72,9.46,9.19,8.91,8.61,8.34,8.20,8.25,8.50,8.74,8.96,9.16,9.36,9.53,9.66,9.71,9.61,9.42,9.16,8.88,8.58,8.28,8.04,8.08,8.35,8.63,8.93,9.26,9.66,10.40,12.27,14.65,17.04,19.43,22.27,25.28,28.38,31.65,35.32,39.37,44.66,49.80,53.46,54.38,52.04,49.45,47.94,48.31,49.66,51.95,54.64,57.20,59.06,59.23,58.38,57.04,56.09,57.37,60.01,63.48,67.63,71.97,76.33,80.56,84.48,87.66,88.31,88.04,87.48,86.67,85.47,84.15,82.41,80.31,79.97,80.08,79.95,79.12,76.75,71.03,65.85,61.55,57.04,52.75,49.04,46.05,43.94,42.52,41.58,40.98,40.66,40.62,40.23,39.03,37.22,34.98,32.53,28.97,24.76,19.78,13.50,10.62,9.69,9.51,9.28,9.05,8.82,8.61,8.45,8.22,7.99,7.76,7.54,7.38,7.16,6.93,6.70,6.47,6.23,6.06,5.87,5.67,5.59,5.51,5.45,5.41,5.37,5.30,5.22,5.12,4.96,4.81,4.65,4.50,4.34,4.19,4.01,3.84,3.68,3.54,3.41,3.26,3.11,2.95,2.80,2.69,2.55,2.40,2.25,2.12,1.97,1.82,1.68,1.59,1.45,1.32,1.21,1.08,0.94,0.83,0.73,0.58,0.47,0.35,0.21,0.08,e,e,e,e,e,e,e,e,e,e,e,e,e,e,e,e,e,e,e,e,e,e,e,e,e,e,e,e,e,e,e,e,e,e,e,e,e,e,e,e,e,e,e,e,e,e,e,e,e,e,e,e,e,e,e,e,e,e,e,e,e,e,e,e,e,e,e,e,e,e,e,e,e,e,e,e,e,e,e,e,e
16.30,15.86,15.71,15.40,14.74,13.53,12.06,10.63,9.80,9.45,9.26,9.10,8.88,8.61,8.37,8.21,8.23,8.51,8.77,9.02,9.28,9.52,9.71,9.89,9.98,9.81,9.55,9.25,8.97,8.71,8.40,8.07,8.02,8.22,8.53,8.84,9.17,9.51,10.08,11.67,14.00,16.46,18.94,21.72,24.78,27.89,31.10,34.63,38.58,43.20,47.89,52.05,54.95,54.00,51.84,50.16,50.45,51.75,54.28,57.27,59.91,61.65,61.99,61.26,59.72,58.14,58.65,61.10,64.82,69.21,73.84,77.89,81.75,85.60,88.88,89.97,89.99,89.31,87.78,86.04,84.67,83.55,82.67,82.60,81.96,81.25,79.91,75.49,69.02,63.43,58.66,53.68,49.31,45.95,43.20,40.98,39.62,38.85,38.38,38.13,38.05,37.52,36.23,34.45,32.46,30.37,27.15,23.04,18.04,12.30,10.18,9.58,9.38,9.15,8.92,8.69,8.49,8.32,8.09,7.86,7.63,7.42,7.25,7.03,6.80,6.57,6.34,6.11,5.93,5.74,5.54,5.44,5.38,5.30,5.25,5.22,5.17,5.10,5.00,4.86,4.71,4.55,4.39,4.24,4.08,3.93,3.78,3.63,3.47,3.31,3.16,3.00,2.85,2.70,2.59,2.46,2.31,2.15,2.00,1.85,1.72,1.57,1.47,1.34,1.23,1.11,0.96,0.83,0.72,0.61,0.48,0.37,0.24,0.11,0.01,e,e,e,e,e,e,e,e,e,e,e,e,e,e,e,e,e,e,e,e,e,e,e,e,e,e,e,e,e,e,e,e,e,e,e,e,e,e,e,e,e,e,e,e,e,e,e,e,e,e,e,e,e,e,e,e,e,e,e,e,e,e,e,e,e,e,e,e,e,e,e,e,e,e,e,e,e,e,e,e,e
17.21,17.26,17.22,17.03,16.34,14.98,12.88,10.45,9.26,8.84,8.75,8.78,8.78,8.64,8.42,8.23,8.18,8.44,8.74,9.04,9.34,9.63,9.87,10.13,10.29,10.11,9.77,9.45,9.14,8.84,8.52,8.16,8.00,8.10,8.41,8.72,9.07,9.42,9.90,11.12,13.31,15.74,18.21,20.94,23.90,26.76,29.77,33.41,37.52,41.96,46.18,49.94,53.57,55.56,54.98,53.09,53.06,54.20,56.55,59.45,62.24,64.39,64.86,64.14,62.49,60.38,60.34,62.73,66.67,71.11,75.83,79.62,82.97,86.28,89.48,90.13,89.64,88.52,86.50,84.05,82.06,80.95,81.04,81.82,81.74,81.01,78.41,70.75,65.31,60.20,54.93,49.98,46.39,43.21,40.39,38.21,37.18,36.65,36.16,35.71,35.54,34.68,33.14,31.30,29.42,27.48,24.50,20.19,14.95,10.84,9.75,9.48,9.26,9.03,8.79,8.56,8.36,8.19,7.97,7.73,7.50,7.29,7.13,6.91,6.68,6.44,6.21,5.98,5.81,5.62,5.40,5.26,5.22,5.18,5.10,5.04,5.02,4.97,4.89,4.79,4.64,4.48,4.33,4.18,4.02,3.87,3.71,3.56,3.40,3.25,3.09,2.94,2.79,2.63,2.49,2.34,2.18,2.03,1.87,1.76,1.65,1.50,1.35,1.25,1.14,0.99,0.84,0.74,0.62,0.49,0.40,0.26,0.11,0.03,e,e,e,e,e,e,e,e,e,e,e,e,e,e,e,e,e,e,e,e,e,e,e,e,e,e,e,e,e,e,e,e,e,e,e,e,e,e,e,e,e,e,e,e,e,e,e,e,e,e,e,e,e,e,e,e,e,e,e,e,e,e,e,e,e,e,e,e,e,e,e,e,e,e,e,e,e,e,e,e,e,e
18.29,18.58,18.72,18.62,17.94,16.43,14.11,11.31,9.43,8.80,8.63,8.58,8.53,8.43,8.29,8.15,8.11,8.38,8.69,9.00,9.30,9.56,9.84,10.18,10.44,10.35,9.94,9.58,9.28,8.96,8.61,8.27,8.02,7.97,8.28,8.63,8.97,9.31,9.69,10.41,12.28,14.63,17.16,19.84,22.46,24.98,27.57,30.59,34.31,39.34,44.06,47.74,51.56,55.02,56.57,56.48,56.21,56.61,58.52,61.29,64.20,66.79,67.76,67.34,65.80,63.82,63.41,65.02,68.28,72.75,77.47,80.95,83.89,86.69,88.86,88.39,87.29,86.03,83.92,81.22,78.86,77.62,78.08,78.79,78.00,76.10,72.92,67.75,63.72,57.86,51.36,47.27,44.03,40.66,37.71,35.76,34.70,34.30,33.94,33.49,33.10,31.80,30.03,28.18,26.48,24.76,21.71,17.16,12.14,10.07,9.56,9.36,9.13,8.90,8.67,8.43,8.23,8.06,7.84,7.61,7.38,7.16,7.00,6.78,6.55,6.32,6.08,5.85,5.68,5.49,5.26,5.08,5.04,5.02,4.97,4.90,4.86,4.82,4.77,4.68,4.57,4.43,4.27,4.11,3.96,3.80,3.65,3.49,3.34,3.18,3.04,2.88,2.73,2.57,2.42,2.26,2.10,1.95,1.80,1.67,1.53,1.38,1.23,1.13,1.02,0.87,0.76,0.64,0.50,0.37,0.28,0.14,0.06,0.00,e,e,e,e,e,e,e,e,e,e,e,e,e,e,e,e,e,e,e,e,e,e,e,e,e,e,e,e,e,e,e,e,e,e,e,e,e,e,e,e,e,e,e,e,e,e,e,e,e,e,e,e,e,e,e,e,e,e,e,e,e,e,e,e,e,e,e,e,e,e,e,e,e,e,e,e,e,e,e,e,e,e
19.70,20.30,20.78,20.85,20.07,18.27,15.76,12.82,10.24,9.18,8.79,8.62,8.46,8.35,8.24,8.12,8.07,8.31,8.61,8.92,9.21,9.46,9.76,10.18,10.55,10.59,10.11,9.72,9.40,9.06,8.70,8.38,8.06,7.88,8.17,8.52,8.85,9.16,9.47,9.80,11.26,13.43,16.01,18.63,20.96,23.20,25.42,27.80,30.93,36.36,41.71,45.70,49.66,53.95,57.40,59.40,59.44,59.30,60.76,63.28,66.12,68.98,70.56,70.61,69.28,67.63,66.94,67.71,70.08,74.26,78.71,81.91,84.52,86.67,87.30,85.69,84.09,82.80,80.64,77.85,75.36,74.05,74.48,74.73,73.19,70.49,67.45,65.37,62.58,55.95,48.38,45.01,41.78,38.07,34.98,33.21,32.05,31.75,31.52,31.11,30.43,28.80,26.87,25.02,23.44,21.78,18.54,14.15,10.04,9.60,9.42,9.23,9.00,8.77,8.54,8.31,8.11,7.94,7.71,7.48,7.25,7.04,6.87,6.65,6.42,6.19,5.96,5.73,5.55,5.36,5.13,4.92,4.87,4.86,4.84,4.77,4.69,4.66,4.63,4.56,4.48,4.35,4.21,4.05,3.90,3.74,3.58,3.43,3.28,3.11,2.95,2.80,2.64,2.49,2.33,2.18,2.03,1.87,1.72,1.56,1.41,1.27,1.12,1.01,0.89,0.75,0.67,0.53,0.38,0.26,0.16,0.04,0.00,e,e,e,e,e,e,e,e,e,e,e,e,e,e,e,e,e,e,e,e,e,e,e,e,e,e,e,e,e,e,e,e,e,e,e,e,e,e,e,e,e,e,e,e,e,e,e,e,e,e,e,e,e,e,e,e,e,e,e,e,e,e,e,e,e,e,e,e,e,e,e,e,e,e,e,e,e,e,e,e,e,e,e
21.93,23.27,24.45,24.92,23.77,21.27,18.31,15.29,12.31,10.34,9.46,9.25,9.03,8.83,8.59,8.32,8.12,8.22,8.48,8.79,9.10,9.39,9.70,10.18,10.68,10.88,10.32,9.88,9.51,9.14,8.82,8.50,8.16,7.91,8.05,8.35,8.66,8.97,9.28,9.60,10.49,12.31,14.88,17.34,19.67,21.89,24.09,26.35,28.76,33.45,38.99,44.20,48.53,53.08,57.27,60.64,62.47,62.85,64.04,65.97,68.25,70.83,73.06,73.78,72.85,71.56,70.69,71.02,72.62,75.53,79.08,82.14,84.53,85.64,84.00,81.71,80.09,78.84,76.43,73.63,71.50,70.35,70.15,69.60,68.14,66.61,65.24,63.39,60.99,54.58,46.97,43.30,39.34,35.26,31.98,30.12,28.99,28.69,28.51,28.08,27.06,25.46,23.59,21.74,20.01,17.94,14.40,11.35,9.77,9.47,9.25,9.06,8.87,8.64,8.41,8.18,7.98,7.81,7.58,7.35,7.12,6.91,6.75,6.53,6.29,6.06,5.83,5.60,5.42,5.24,5.00,4.79,4.74,4.71,4.66,4.63,4.56,4.50,4.45,4.43,4.36,4.26,4.14,3.98,3.83,3.68,3.52,3.37,3.21,3.00,2.83,2.67,2.52,2.36,2.21,2.05,1.90,1.74,1.59,1.44,1.31,1.20,1.05,0.91,0.76,0.63,0.54,0.40,0.28,0.18,0.06,e,e,e,e,e,e,e,e,e,e,e,e,e,e,e,e,e,e,e,e,e,e,e,e,e,e,e,e,e,e,e,e,e,e,e,e,e,e,e,e,e,e,e,e,e,e,e,e,e,e,e,e,e,e,e,e,e,e,e,e,e,e,e,e,e,e,e,e,e,e,e,e,e,e,e,e,e,e,e,e,e,e,e,e,e
25.02,26.43,27.60,28.01,27.25,24.58,21.05,17.41,14.39,11.91,10.34,9.56,9.30,9.07,8.78,8.47,8.20,8.13,8.35,8.66,8.98,9.32,9.60,10.13,10.78,11.21,10.69,10.09,9.59,9.25,8.94,8.63,8.30,8.00,7.92,8.20,8.52,8.82,9.13,9.45,9.99,11.40,13.71,16.06,18.36,20.59,22.80,25.07,27.50,31.66,36.92,42.58,47.39,52.16,56.69,60.66,63.55,65.70,67.42,69.01,70.78,73.21,75.69,76.90,76.50,75.37,74.62,75.06,76.40,78.15,80.29,82.56,84.02,83.85,81.78,79.18,76.88,74.78,72.19,69.72,68.09,67.17,66.65,65.71,64.40,63.46,62.49,59.34,54.93,49.31,43.99,40.88,36.56,32.50,29.28,27.15,25.59,25.00,24.64,24.10,23.05,21.29,18.79,16.40,14.95,13.69,11.61,10.08,9.59,9.34,9.11,8.92,8.75,8.52,8.28,8.05,7.85,7.68,7.46,7.22,6.99,6.78,6.61,6.40,6.17,5.94,5.70,5.47,5.30,5.11,4.88,4.66,4.58,4.54,4.50,4.46,4.43,4.36,4.30,4.27,4.22,4.15,4.03,3.88,3.73,3.57,3.42,3.26,3.10,2.91,2.74,2.58,2.44,2.28,2.13,1.97,1.81,1.66,1.51,1.35,1.21,1.09,0.94,0.79,0.65,0.53,0.42,0.27,0.17,0.09,0.01,e,e,e,e,e,e,e,e,e,e,e,e,e,e,e,e,e,e,e,e,e,e,e,e,e,e,e,e,e,e,e,e,e,e,e,e,e,e,e,e,e,e,e,e,e,e,e,e,e,e,e,e,e,e,e,e,e,e,e,e,e,e,e,e,e,e,e,e,e,e,e,e,e,e,e,e,e,e,e,e,e,e,e,e,e
28.20,29.32,30.13,30.29,30.09,27.54,23.52,19.10,16.18,13.43,11.16,9.66,9.30,9.06,8.80,8.54,8.29,8.08,8.24,8.52,8.82,9.14,9.39,10.00,10.85,11.50,11.12,10.35,9.71,9.38,9.07,8.76,8.44,8.11,7.82,8.06,8.39,8.70,9.01,9.32,9.65,10.68,12.58,14.86,17.11,19.34,21.58,23.94,26.74,30.48,35.29,40.99,46.23,51.19,55.85,60.08,63.68,67.84,70.35,71.81,73.28,75.64,78.05,79.50,79.59,78.67,78.22,78.92,80.14,80.87,81.61,82.85,83.24,82.00,80.25,77.49,74.36,71.19,68.33,66.08,64.86,64.17,63.45,62.32,61.18,60.40,59.04,54.15,47.49,42.97,40.44,38.01,33.73,29.94,26.86,24.43,22.32,21.27,20.55,19.83,18.86,16.84,13.76,11.04,10.10,10.02,9.79,9.56,9.42,9.21,8.98,8.80,8.62,8.39,8.16,7.92,7.72,7.56,7.33,7.10,6.87,6.65,6.49,6.27,6.04,5.81,5.58,5.34,5.17,4.98,4.75,4.53,4.42,4.38,4.37,4.29,4.28,4.22,4.15,4.09,4.08,4.02,3.91,3.76,3.61,3.46,3.30,3.15,2.99,2.83,2.68,2.52,2.37,2.21,2.06,1.90,1.75,1.59,1.44,1.29,1.14,0.98,0.83,0.68,0.55,0.45,0.30,0.15,0.06,0.01,e,e,e,e,e,e,e,e,e,e,e,e,e,e,e,e,e,e,e,e,e,e,e,e,e,e,e,e,e,e,e,e,e,e,e,e,e,e,e,e,e,e,e,e,e,e,e,e,e,e,e,e,e,e,e,e,e,e,e,e,e,e,e,e,e,e,e,e,e,e,e,e,e,e,e,e,e,e,e,e,e,e,e,e,e,e
30.12,30.68,31.08,30.99,30.66,28.50,24.57,19.72,16.75,14.00,11.45,9.47,8.78,8.52,8.40,8.35,8.33,8.13,8.18,8.32,8.46,8.58,8.75,9.61,10.81,11.57,11.52,10.74,9.96,9.51,9.19,8.89,8.54,8.19,7.91,8.00,8.26,8.57,8.88,9.19,9.54,10.33,11.79,13.96,16.15,18.33,20.62,23.20,26.21,29.78,34.27,39.72,45.02,50.12,54.83,59.22,63.60,68.27,71.20,73.08,74.90,77.30,79.12,80.11,80.30,80.11,80.12,80.72,81.44,81.53,81.81,82.33,82.33,81.30,79.55,76.59,73.22,69.71,66.03,63.02,61.59,60.90,60.02,58.64,57.71,56.39,53.66,48.12,42.70,39.44,37.39,34.62,31.37,28.13,25.11,22.46,20.23,18.53,17.21,16.17,15.19,12.74,10.64,9.38,9.10,9.47,9.47,9.33,9.20,9.07,8.86,8.67,8.49,8.26,8.03,7.80,7.60,7.43,7.20,6.97,6.74,6.52,6.36,6.14,5.91,5.68,5.45,5.22,5.04,4.85,4.62,4.40,4.29,4.26,4.24,4.16,4.11,4.07,4.03,3.95,3.90,3.87,3.81,3.70,3.54,3.39,3.23,3.08,2.92,2.77,2.62,2.46,2.30,2.15,1.99,1.84,1.69,1.54,1.38,1.23,1.07,0.91,0.76,0.60,0.46,0.33,0.18,0.07,0.03,e,e,e,e,e,e,e,e,e,e,e,e,e,e,e,e,e,e,e,e,e,e,e,e,e,e,e,e,e,e,e,e,e,e,e,e,e,e,e,e,e,e,e,e,e,e,e,e,e,e,e,e,e,e,e,e,e,e,e,e,e,e,e,e,e,e,e,e,e,e,e,e,e,e,e,e,e,e,e,e,e,e,e,e,e,e,e
31.57,31.70,31.71,31.38,30.90,29.39,25.77,20.46,17.27,14.50,11.84,9.64,8.78,8.60,8.55,8.54,8.57,8.42,8.40,8.42,8.42,8.38,8.41,9.39,10.79,11.62,11.95,11.22,10.28,9.65,9.32,8.99,8.64,8.29,8.01,7.94,8.13,8.44,8.76,9.09,9.44,10.00,11.05,13.12,15.20,17.33,19.71,22.65,25.83,29.29,33.52,38.70,43.97,49.17,53.86,58.20,62.77,67.20,70.08,72.06,74.05,76.73,79.01,80.25,80.50,80.71,80.89,81.15,81.10,80.36,80.55,80.92,80.93,80.15,78.24,74.88,71.31,67.81,63.97,60.20,58.14,57.12,56.24,54.97,54.24,52.76,49.62,44.50,40.20,37.43,35.33,32.54,29.83,26.82,23.73,20.89,18.68,16.72,15.02,13.56,12.26,10.14,8.84,8.43,8.72,9.23,9.24,9.11,8.98,8.87,8.71,8.54,8.37,8.13,7.90,7.67,7.47,7.30,7.08,6.84,6.61,6.40,6.24,6.02,5.78,5.55,5.32,5.09,4.92,4.73,4.49,4.27,4.14,4.09,4.08,4.03,3.96,3.91,3.87,3.82,3.75,3.71,3.67,3.60,3.48,3.32,3.17,3.02,2.86,2.71,2.55,2.40,2.24,2.08,1.93,1.78,1.63,1.47,1.31,1.16,1.00,0.82,0.66,0.51,0.35,0.21,0.09,0.03,0.00,e,e,e,e,e,e,e,e,e,e,e,e,e,e,e,e,e,e,e,e,e,e,e,e,e,e,e,e,e,e,e,e,e,e,e,e,e,e,e,e,e,e,e,e,e,e,e,e,e,e,e,e,e,e,e,e,e,e,e,e,e,e,e,e,e,e,e,e,e,e,e,e,e,e,e,e,e,e,e,e,e,e,e,e,e,e,e
32.56,32.40,32.11,31.55,31.02,30.26,27.11,21.45,17.90,15.05,12.39,10.16,9.29,9.23,9.18,9.07,9.02,8.93,8.86,8.79,8.71,8.58,8.38,9.32,10.78,11.68,12.38,11.74,10.66,9.80,9.44,9.08,8.73,8.42,8.12,7.89,8.02,8.31,8.63,9.00,9.34,9.68,10.38,12.23,14.18,16.30,18.88,22.22,25.53,28.89,32.92,37.85,43.01,48.27,52.88,56.98,61.21,64.90,67.34,69.13,71.12,74.37,77.89,79.98,80.43,80.72,80.83,80.51,79.44,77.58,77.80,78.42,78.76,78.28,76.23,72.51,68.83,65.57,62.12,57.65,54.60,52.95,52.17,51.20,50.67,49.43,46.82,42.90,39.31,36.48,34.09,31.62,28.90,25.80,22.59,19.63,17.53,15.63,13.75,11.87,10.05,8.81,8.01,7.87,8.58,9.01,8.99,8.87,8.77,8.64,8.53,8.40,8.23,8.01,7.77,7.54,7.34,7.17,6.95,6.72,6.48,6.27,6.11,5.89,5.66,5.43,5.19,4.96,4.79,4.60,4.37,4.14,3.98,3.91,3.91,3.89,3.83,3.76,3.71,3.68,3.62,3.55,3.51,3.48,3.40,3.26,3.11,2.95,2.79,2.64,2.48,2.33,2.18,2.02,1.86,1.71,1.56,1.40,1.24,1.09,0.91,0.70,0.55,0.39,0.24,0.10,0.03,e,e,e,e,e,e,e,e,e,e,e,e,e,e,e,e,e,e,e,e,e,e,e,e,e,e,e,e,e,e,e,e,e,e,e,e,e,e,e,e,e,e,e,e,e,e,e,e,e,e,e,e,e,e,e,e,e,e,e,e,e,e,e,e,e,e,e,e,e,e,e,e,e,e,e,e,e,e,e,e,e,e,e,e,e,e,e,e,e
32.42,32.16,31.91,31.51,30.99,30.40,27.81,22.84,18.86,15.89,13.18,10.89,9.99,9.86,9.79,9.71,9.67,9.60,9.53,9.45,9.36,9.20,8.46,9.20,10.75,11.77,12.71,12.17,11.01,9.93,9.52,9.18,8.86,8.55,8.23,7.91,7.94,8.19,8.50,8.83,9.19,9.50,9.92,10.96,12.73,15.22,18.30,21.76,25.06,28.28,32.11,36.84,41.81,46.95,51.39,55.18,58.92,61.87,63.74,65.24,67.45,71.88,75.81,78.63,80.15,80.49,80.49,79.27,76.68,73.23,72.76,73.19,74.00,74.64,73.28,70.56,67.53,64.47,61.02,55.80,51.48,48.76,47.73,46.66,46.29,45.60,43.92,40.93,38.04,35.52,33.22,30.77,27.74,24.40,21.23,18.60,16.54,14.58,12.64,10.72,8.93,7.73,7.39,7.73,8.49,8.79,8.77,8.66,8.54,8.43,8.30,8.19,8.06,7.87,7.65,7.42,7.21,7.05,6.82,6.59,6.36,6.14,5.98,5.76,5.53,5.30,5.07,4.83,4.66,4.47,4.24,4.01,3.84,3.77,3.76,3.71,3.68,3.62,3.56,3.51,3.48,3.42,3.38,3.36,3.28,3.18,3.04,2.89,2.73,2.58,2.42,2.27,2.11,1.91,1.74,1.59,1.44,1.28,1.13,0.97,0.80,0.63,0.47,0.32,0.22,0.08,0.01,e,e,e,e,e,e,e,e,e,e,e,e,e,e,e,e,e,e,e,e,e,e,e,e,e,e,e,e,e,e,e,e,e,e,e,e,e,e,e,e,e,e,e,e,e,e,e,e,e,e,e,e,e,e,e,e,e,e,e,e,e,e,e,e,e,e,e,e,e,e,e,e,e,e,e,e,e,e,e,e,e,e,e,e,e,e,e,e,e
31.70,31.44,31.26,31.00,30.57,29.95,27.81,23.74,19.59,16.56,13.80,11.49,10.61,10.41,10.33,10.27,10.25,10.21,10.18,10.14,10.09,9.95,9.14,9.63,10.93,11.91,12.97,12.56,11.40,10.19,9.64,9.29,8.98,8.67,8.34,7.97,7.90,8.06,8.37,8.68,9.02,9.32,9.59,10.03,11.52,14.25,17.72,21.24,24.49,27.60,31.20,35.59,40.19,44.96,49.12,52.65,55.97,58.35,59.84,61.16,63.47,68.52,72.85,76.26,78.61,79.49,79.56,77.39,73.53,69.59,68.62,68.82,69.77,70.91,70.17,68.45,66.11,63.30,59.77,53.93,48.75,45.14,43.36,42.19,41.92,41.68,40.81,38.63,36.20,33.88,31.60,28.99,25.71,22.51,19.72,17.47,15.47,13.49,11.57,9.74,8.02,6.79,6.85,7.63,8.40,8.59,8.55,8.44,8.31,8.21,8.08,7.96,7.86,7.72,7.52,7.29,7.09,6.92,6.69,6.46,6.23,6.01,5.86,5.63,5.40,5.17,4.94,4.71,4.53,4.34,4.11,3.88,3.70,3.62,3.60,3.55,3.53,3.48,3.42,3.35,3.33,3.28,3.24,3.21,3.15,3.08,2.95,2.80,2.64,2.49,2.33,2.18,2.01,1.81,1.64,1.48,1.34,1.18,1.02,0.87,0.72,0.56,0.41,0.28,0.20,e,e,e,e,e,e,e,e,e,e,e,e,e,e,e,e,e,e,e,e,e,e,e,e,e,e,e,e,e,e,e,e,e,e,e,e,e,e,e,e,e,e,e,e,e,e,e,e,e,e,e,e,e,e,e,e,e,e,e,e,e,e,e,e,e,e,e,e,e,e,e,e,e,e,e,e,e,e,e,e,e,e,e,e,e,e,e,e,e,e,e
30.42,30.25,30.08,29.84,29.57,28.76,26.89,23.72,19.88,16.88,14.12,11.83,11.04,10.85,10.78,10.71,10.67,10.71,10.78,10.83,10.86,10.78,10.63,10.87,11.43,12.15,13.17,12.89,11.88,10.64,9.83,9.42,9.11,8.79,8.42,8.09,7.90,7.93,8.24,8.54,8.81,9.09,9.38,9.70,10.76,13.43,17.06,20.63,23.80,26.84,30.17,33.99,37.97,42.08,45.84,49.18,52.18,54.28,55.72,57.08,59.27,63.93,68.81,72.64,75.23,77.28,77.74,74.70,70.13,67.40,66.38,66.45,67.00,67.55,67.08,65.94,64.15,61.65,58.09,51.87,46.57,42.44,39.34,38.09,37.82,37.76,37.38,35.91,33.64,31.28,28.79,25.81,22.48,20.02,18.01,16.09,14.21,12.30,10.52,8.84,7.15,6.03,6.39,7.48,8.31,8.43,8.32,8.21,8.11,7.97,7.87,7.75,7.62,7.52,7.37,7.16,6.96,6.79,6.57,6.33,6.10,5.89,5.72,5.51,5.28,5.04,4.81,4.58,4.41,4.22,3.99,3.75,3.53,3.44,3.43,3.42,3.35,3.33,3.29,3.21,3.15,3.13,3.09,3.03,3.02,2.95,2.83,2.67,2.52,2.36,2.21,2.06,1.90,1.74,1.58,1.43,1.27,1.11,0.96,0.81,0.65,0.50,0.35,0.30,e,e,e,e,e,e,e,e,e,e,e,e,e,e,e,e,e,e,e,e,e,e,e,e,e,e,e,e,e,e,e,e,e,e,e,e,e,e,e,e,e,e,e,e,e,e,e,e,e,e,e,e,e,e,e,e,e,e,e,e,e,e,e,e,e,e,e,e,e,e,e,e,e,e,e,e,e,e,e,e,e,e,e,e,e,e,e,e,e,e,e,e
28.26,28.21,28.18,27.94,27.71,26.80,25.12,22.59,19.51,16.95,14.40,12.21,11.48,11.30,11.30,11.33,11.35,11.42,11.53,11.63,11.67,11.61,11.66,11.88,12.24,12.73,13.41,13.31,12.49,11.15,10.03,9.55,9.24,8.91,8.53,8.21,7.95,7.87,8.07,8.33,8.60,8.89,9.19,9.49,10.13,12.38,15.81,19.48,22.65,25.54,28.43,31.55,35.13,38.81,42.25,45.26,47.54,49.57,51.47,53.43,55.88,59.75,64.63,68.55,71.00,73.06,73.95,71.56,67.59,65.10,63.87,63.78,64.16,64.48,64.06,63.15,61.57,59.20,55.72,50.58,45.80,41.47,37.59,35.23,34.27,33.92,33.67,32.73,30.89,28.51,25.75,22.63,19.63,17.54,15.82,14.05,12.29,10.74,9.29,7.85,6.42,5.82,6.37,7.42,8.19,8.21,8.10,7.99,7.87,7.76,7.64,7.52,7.41,7.29,7.18,7.01,6.83,6.66,6.44,6.21,5.97,5.76,5.60,5.38,5.15,4.92,4.68,4.45,4.28,4.09,3.86,3.63,3.39,3.29,3.29,3.29,3.22,3.17,3.13,3.08,3.01,2.96,2.92,2.88,2.84,2.81,2.72,2.59,2.44,2.29,2.13,1.98,1.82,1.67,1.51,1.36,1.21,1.05,0.89,0.74,0.59,0.45,0.34,0.30,e,e,e,e,e,e,e,e,e,e,e,e,e,e,e,e,e,e,e,e,e,e,e,e,e,e,e,e,e,e,e,e,e,e,e,e,e,e,e,e,e,e,e,e,e,e,e,e,e,e,e,e,e,e,e,e,e,e,e,e,e,e,e,e,e,e,e,e,e,e,e,e,e,e,e,e,e,e,e,e,e,e,e,e,e,e,e,e,e,e,e,e
25.79,25.89,26.02,25.84,25.62,24.69,23.16,21.17,18.95,16.82,14.53,12.53,11.96,11.84,11.91,12.03,12.13,12.20,12.33,12.45,12.50,12.44,12.57,12.82,13.13,13.46,13.79,13.78,13.10,11.69,10.32,9.72,9.37,9.04,8.66,8.35,8.05,7.86,7.90,8.12,8.40,8.71,9.03,9.35,9.66,11.40,14.43,18.11,21.20,23.91,26.40,28.87,31.96,35.09,38.18,40.89,42.66,44.81,47.30,49.94,52.74,56.05,60.72,64.50,66.74,68.58,69.90,68.45,65.34,62.81,61.30,61.07,61.27,61.32,60.75,59.83,58.35,56.16,53.00,49.25,45.22,40.89,36.33,32.73,31.07,30.34,29.95,29.30,27.88,25.59,22.75,19.72,17.00,15.11,13.52,11.90,10.35,9.20,8.06,6.85,5.80,5.80,6.51,7.42,8.04,7.98,7.88,7.77,7.64,7.54,7.41,7.30,7.20,7.06,6.96,6.83,6.69,6.52,6.31,6.08,5.85,5.63,5.47,5.25,5.02,4.79,4.56,4.33,4.15,3.96,3.73,3.50,3.27,3.16,3.15,3.14,3.08,3.01,2.96,2.94,2.88,2.80,2.76,2.73,2.67,2.66,2.61,2.52,2.38,2.23,2.07,1.92,1.76,1.60,1.45,1.30,1.14,0.99,0.83,0.67,0.52,0.41,e,e,e,e,e,e,e,e,e,e,e,e,e,e,e,e,e,e,e,e,e,e,e,e,e,e,e,e,e,e,e,e,e,e,e,e,e,e,e,e,e,e,e,e,e,e,e,e,e,e,e,e,e,e,e,e,e,e,e,e,e,e,e,e,e,e,e,e,e,e,e,e,e,e,e,e,e,e,e,e,e,e,e,e,e,e,e,e,e,e,e,e,e,e
23.16,23.44,23.73,23.72,23.57,22.72,21.38,19.79,18.33,16.38,14.24,12.60,12.53,12.61,12.71,12.82,12.95,13.03,13.12,13.23,13.32,13.28,13.44,13.71,14.04,14.38,14.54,14.31,13.56,12.30,10.89,10.00,9.49,9.16,8.79,8.53,8.24,7.96,7.79,7.99,8.28,8.59,8.91,9.28,9.59,10.84,13.19,16.51,19.26,21.81,24.11,26.16,28.30,30.46,32.98,35.64,37.77,40.42,43.44,46.54,49.67,53.40,57.64,60.97,63.07,64.97,66.67,65.80,63.17,60.59,58.80,58.42,58.30,57.64,56.53,55.26,53.85,52.16,49.86,47.19,44.11,40.06,34.73,30.22,28.36,27.35,26.37,25.54,24.31,22.39,20.00,17.52,14.76,12.79,11.26,9.94,8.90,7.98,6.94,5.90,5.39,5.92,6.80,7.54,7.83,7.78,7.65,7.54,7.44,7.30,7.20,7.08,6.95,6.86,6.72,6.62,6.50,6.34,6.17,5.95,5.72,5.51,5.34,5.13,4.89,4.66,4.43,4.20,4.02,3.83,3.60,3.37,3.14,3.00,2.96,2.96,2.95,2.89,2.81,2.76,2.74,2.68,2.61,2.55,2.54,2.48,2.45,2.41,2.31,2.16,2.00,1.85,1.69,1.54,1.39,1.23,1.08,0.93,0.77,0.57,0.43,e,e,e,e,e,e,e,e,e,e,e,e,e,e,e,e,e,e,e,e,e,e,e,e,e,e,e,e,e,e,e,e,e,e,e,e,e,e,e,e,e,e,e,e,e,e,e,e,e,e,e,e,e,e,e,e,e,e,e,e,e,e,e,e,e,e,e,e,e,e,e,e,e,e,e,e,e,e,e,e,e,e,e,e,e,e,e,e,e,e,e,e,e,e,e
21.04,21.28,21.54,21.62,21.55,20.95,19.98,18.84,17.77,16.00,14.18,12.95,13.10,13.28,13.44,13.59,13.73,13.85,13.93,14.03,14.12,14.11,14.34,14.65,14.88,14.89,14.76,14.35,13.65,12.60,11.34,10.26,9.62,9.30,8.96,8.68,8.39,8.06,7.79,7.88,8.15,8.46,8.78,9.13,9.44,10.25,11.97,14.97,17.66,19.88,21.71,23.32,25.19,27.05,29.24,31.63,33.88,36.76,39.97,43.23,46.48,50.16,54.12,57.34,59.62,61.86,63.70,63.45,61.57,59.20,57.23,56.15,55.23,53.98,52.41,50.74,49.24,47.80,46.02,44.38,42.04,38.33,32.96,28.52,26.11,24.57,23.40,22.42,21.29,19.50,17.29,15.10,12.57,10.85,9.59,8.54,7.66,6.79,5.99,5.40,5.34,6.13,6.96,7.50,7.60,7.54,7.43,7.31,7.21,7.08,6.97,6.85,6.73,6.62,6.50,6.39,6.28,6.15,6.00,5.81,5.59,5.38,5.21,5.00,4.77,4.53,4.30,4.07,3.90,3.71,3.48,3.24,3.01,2.87,2.81,2.81,2.78,2.74,2.68,2.61,2.58,2.53,2.47,2.41,2.37,2.33,2.29,2.25,2.20,2.09,1.94,1.79,1.64,1.48,1.32,1.17,1.01,0.81,0.59,0.49,0.40,e,e,e,e,e,e,e,e,e,e,e,e,e,e,e,e,e,e,e,e,e,e,e,e,e,e,e,e,e,e,e,e,e,e,e,e,e,e,e,e,e,e,e,e,e,e,e,e,e,e,e,e,e,e,e,e,e,e,e,e,e,e,e,e,e,e,e,e,e,e,e,e,e,e,e,e,e,e,e,e,e,e,e,e,e,e,e,e,e,e,e,e,e,e,e
19.46,19.50,19.62,19.74,19.75,19.40,18.82,18.08,17.19,15.64,14.22,13.42,13.66,13.89,14.12,14.32,14.48,14.65,14.75,14.83,14.90,14.95,15.22,15.48,15.52,15.14,14.71,14.20,13.56,12.73,11.66,10.48,9.73,9.39,9.07,8.75,8.44,8.10,7.78,7.74,7.97,8.27,8.58,8.89,9.17,9.61,10.80,13.54,16.31,18.14,19.45,20.67,22.44,24.26,26.24,28.39,30.66,33.48,36.66,39.97,43.34,46.82,50.55,53.74,56.28,58.89,60.82,61.14,60.06,58.01,55.93,54.11,52.38,50.61,48.59,46.52,44.87,43.54,42.11,41.32,39.51,36.13,31.22,27.23,24.16,22.07,20.88,19.84,18.77,17.02,14.86,12.86,10.73,9.36,8.38,7.49,6.61,5.77,5.29,5.22,5.49,6.33,7.03,7.38,7.37,7.29,7.21,7.10,6.96,6.87,6.74,6.63,6.53,6.39,6.29,6.17,6.05,5.95,5.80,5.65,5.46,5.25,5.09,4.87,4.64,4.41,4.18,3.94,3.77,3.58,3.35,3.12,2.88,2.73,2.67,2.67,2.61,2.58,2.55,2.48,2.40,2.38,2.34,2.27,2.20,2.18,2.13,2.08,2.06,2.00,1.87,1.71,1.56,1.40,1.25,1.09,0.91,0.66,0.40,0.32,e,e,e,e,e,e,e,e,e,e,e,e,e,e,e,e,e,e,e,e,e,e,e,e,e,e,e,e,e,e,e,e,e,e,e,e,e,e,e,e,e,e,e,e,e,e,e,e,e,e,e,e,e,e,e,e,e,e,e,e,e,e,e,e,e,e,e,e,e,e,e,e,e,e,e,e,e,e,e,e,e,e,e,e,e,e,e,e,e,e,e,e,e,e,e,e
19.04,18.72,18.63,18.72,18.73,18.43,17.95,17.31,16.45,15.17,14.26,13.94,14.22,14.46,14.70,14.92,15.14,15.39,15.52,15.62,15.75,15.86,15.97,15.84,15.49,15.05,14.59,14.07,13.48,12.74,11.74,10.63,9.79,9.27,8.90,8.54,8.18,7.82,7.53,7.40,7.57,7.85,8.16,8.45,8.58,8.77,9.79,12.54,15.27,16.91,17.98,18.96,20.17,21.76,23.69,25.89,28.25,30.49,33.35,36.79,40.58,44.09,47.53,50.45,52.92,55.62,57.78,58.53,57.91,56.12,54.07,52.34,50.58,48.42,45.73,43.41,41.64,40.28,39.14,38.61,36.76,33.70,29.93,26.22,22.71,20.27,19.08,18.25,17.31,15.59,13.49,11.73,10.17,8.98,7.93,6.92,5.92,5.41,5.29,5.44,5.72,6.42,6.97,7.24,7.17,7.05,6.96,6.85,6.71,6.62,6.53,6.41,6.29,6.18,6.06,5.95,5.84,5.71,5.60,5.46,5.29,5.13,4.96,4.74,4.51,4.28,4.05,3.82,3.64,3.45,3.22,2.99,2.76,2.58,2.48,2.48,2.46,2.42,2.38,2.34,2.27,2.21,2.17,2.14,2.06,2.01,1.97,1.94,1.89,1.86,1.74,1.59,1.43,1.28,1.13,0.97,0.75,0.39,e,e,e,e,e,e,e,e,e,e,e,e,e,e,e,e,e,e,e,e,e,e,e,e,e,e,e,e,e,e,e,e,e,e,e,e,e,e,e,e,e,e,e,e,e,e,e,e,e,e,e,e,e,e,e,e,e,e,e,e,e,e,e,e,e,e,e,e,e,e,e,e,e,e,e,e,e,e,e,e,e,e,e,e,e,e,e,e,e,e,e,e,e,e,e,e,e,e
19.17,18.47,18.09,17.94,17.79,17.48,17.06,16.52,15.74,14.98,14.59,14.59,14.87,15.11,15.34,15.57,15.81,16.08,16.25,16.40,16.50,16.44,16.27,15.88,15.38,14.92,14.43,13.90,13.35,12.71,11.76,10.74,9.92,9.30,8.76,8.28,7.87,7.51,7.22,7.01,7.16,7.43,7.70,7.93,7.89,7.87,8.75,11.53,14.15,15.65,16.63,17.51,18.44,19.91,21.79,24.00,26.43,28.36,30.75,33.92,37.86,41.57,44.82,47.57,50.00,52.67,54.91,55.98,55.75,54.15,52.19,50.45,48.53,46.03,43.08,40.95,39.35,38.05,36.92,36.27,34.34,31.48,28.27,24.85,21.56,19.22,18.02,17.11,16.08,14.55,12.78,11.25,9.97,8.84,7.76,6.68,5.63,5.28,5.33,5.59,5.88,6.42,6.84,7.03,6.95,6.80,6.70,6.60,6.48,6.38,6.29,6.17,6.04,5.96,5.83,5.72,5.61,5.49,5.38,5.26,5.12,4.97,4.83,4.62,4.38,4.15,3.92,3.69,3.51,3.33,3.09,2.86,2.63,2.44,2.33,2.33,2.33,2.28,2.22,2.19,2.14,2.07,2.02,1.98,1.93,1.86,1.83,1.81,1.73,1.70,1.62,1.50,1.34,1.19,1.01,0.79,0.53,0.26,e,e,e,e,e,e,e,e,e,e,e,e,e,e,e,e,e,e,e,e,e,e,e,e,e,e,e,e,e,e,e,e,e,e,e,e,e,e,e,e,e,e,e,e,e,e,e,e,e,e,e,e,e,e,e,e,e,e,e,e,e,e,e,e,e,e,e,e,e,e,e,e,e,e,e,e,e,e,e,e,e,e,e,e,e,e,e,e,e,e,e,e,e,e,e,e,e,e
19.61,18.58,17.89,17.40,16.97,16.62,16.27,15.85,15.26,15.15,15.23,15.37,15.61,15.84,16.07,16.30,16.53,16.76,16.96,17.10,17.09,16.69,16.21,15.73,15.26,14.78,14.26,13.73,13.21,12.64,11.76,10.82,10.10,9.49,8.71,8.07,7.58,7.20,6.89,6.59,6.75,7.01,7.22,7.33,7.13,6.94,7.71,10.48,12.93,14.34,15.35,16.33,17.30,18.79,20.62,22.77,25.20,27.09,28.99,31.57,35.31,39.25,42.41,45.08,47.56,50.16,52.35,53.66,53.78,52.29,50.40,48.53,46.34,43.61,40.79,39.09,37.82,36.60,35.27,34.23,32.23,29.48,26.36,23.25,20.64,18.76,17.54,16.38,15.13,13.84,12.53,11.20,9.96,8.85,7.77,6.68,5.63,5.27,5.35,5.65,5.96,6.35,6.65,6.78,6.69,6.55,6.45,6.37,6.27,6.13,6.04,5.92,5.79,5.71,5.62,5.49,5.37,5.28,5.14,5.04,4.92,4.79,4.68,4.48,4.26,4.03,3.79,3.56,3.39,3.20,2.97,2.73,2.50,2.31,2.20,2.20,2.20,2.15,2.07,2.02,2.00,1.94,1.87,1.81,1.79,1.73,1.70,1.67,1.60,1.53,1.50,1.42,1.27,1.11,0.88,0.55,0.25,e,e,e,e,e,e,e,e,e,e,e,e,e,e,e,e,e,e,e,e,e,e,e,e,e,e,e,e,e,e,e,e,e,e,e,e,e,e,e,e,e,e,e,e,e,e,e,e,e,e,e,e,e,e,e,e,e,e,e,e,e,e,e,e,e,e,e,e,e,e,e,e,e,e,e,e,e,e,e,e,e,e,e,e,e,e,e,e,e,e,e,e,e,e,e,e,e,e,e
19.72,18.73,18.00,17.43,16.95,16.53,16.26,16.16,16.05,16.15,16.26,16.36,16.59,16.82,17.02,17.22,17.45,17.63,17.59,17.40,17.08,16.62,16.09,15.59,15.12,14.61,14.12,13.59,13.06,12.50,11.78,10.93,10.26,9.70,8.95,8.19,7.48,6.92,6.56,6.22,6.33,6.55,6.67,6.53,6.29,6.10,6.81,9.45,11.67,13.04,14.30,15.86,17.43,19.04,20.89,23.00,25.21,27.02,28.80,30.98,33.95,37.35,40.43,43.26,45.96,48.68,50.81,52.37,52.79,51.16,49.22,47.20,44.99,42.54,40.12,38.28,36.67,35.13,33.70,32.34,30.32,27.77,24.94,22.14,20.01,18.44,17.31,16.38,15.18,13.72,12.24,11.04,9.93,8.88,7.81,6.69,5.68,5.26,5.30,5.61,5.92,6.25,6.49,6.57,6.45,6.34,6.22,6.12,6.03,5.93,5.80,5.69,5.58,5.46,5.38,5.25,5.12,5.04,4.93,4.81,4.70,4.58,4.46,4.33,4.13,3.90,3.67,3.43,3.26,3.07,2.84,2.61,2.38,2.19,2.06,2.02,2.02,1.99,1.94,1.87,1.82,1.79,1.74,1.67,1.62,1.58,1.54,1.51,1.47,1.40,1.34,1.29,1.19,0.94,0.55,0.35,0.20,e,e,e,e,e,e,e,e,e,e,e,e,e,e,e,e,e,e,e,e,e,e,e,e,e,e,e,e,e,e,e,e,e,e,e,e,e,e,e,e,e,e,e,e,e,e,e,e,e,e,e,e,e,e,e,e,e,e,e,e,e,e,e,e,e,e,e,e,e,e,e,e,e,e,e,e,e,e,e,e,e,e,e,e,e,e,e,e,e,e,e,e,e,e,e,e,e,e,e
19.65,18.85,18.18,17.57,17.10,16.73,16.62,16.83,17.07,17.28,17.36,17.41,17.59,17.81,17.98,18.11,18.20,18.22,17.94,17.48,16.96,16.49,15.96,15.47,14.98,14.45,13.96,13.45,12.92,12.36,11.76,11.02,10.40,9.88,9.17,8.34,7.49,6.79,6.34,5.88,5.90,6.01,5.99,5.77,5.61,5.48,6.09,8.38,10.56,12.13,13.73,15.73,17.77,19.64,21.60,23.69,25.71,27.47,29.31,31.46,34.03,36.71,39.42,42.12,44.84,47.56,49.78,51.60,52.27,50.61,48.64,46.52,44.30,42.08,39.92,37.92,35.99,34.14,32.52,30.89,28.84,26.45,23.85,21.29,19.60,18.37,17.41,16.68,15.46,13.81,12.10,10.82,9.79,8.82,7.80,6.74,5.84,5.32,5.25,5.52,5.83,6.13,6.33,6.37,6.22,6.12,6.00,5.88,5.78,5.70,5.56,5.45,5.36,5.23,5.13,5.00,4.88,4.79,4.71,4.57,4.46,4.36,4.21,4.13,3.96,3.75,3.54,3.31,3.13,2.94,2.71,2.48,2.25,2.06,1.93,1.86,1.85,1.83,1.80,1.74,1.66,1.63,1.59,1.53,1.46,1.43,1.39,1.34,1.31,1.26,1.19,1.12,1.00,0.65,0.29,0.10,e,e,e,e,e,e,e,e,e,e,e,e,e,e,e,e,e,e,e,e,e,e,e,e,e,e,e,e,e,e,e,e,e,e,e,e,e,e,e,e,e,e,e,e,e,e,e,e,e,e,e,e,e,e,e,e,e,e,e,e,e,e,e,e,e,e,e,e,e,e,e,e,e,e,e,e,e,e,e,e,e,e,e,e,e,e,e,e,e,e,e,e,e,e,e,e,e,e,e,e
19.42,18.90,18.34,17.71,17.29,17.14,17.32,17.76,18.07,18.38,18.52,18.53,18.56,18.75,18.88,18.86,18.66,18.35,17.88,17.36,16.83,16.36,15.84,15.34,14.85,14.31,13.78,13.29,12.79,12.24,11.68,11.06,10.52,10.00,9.29,8.46,7.62,6.86,6.26,5.61,5.48,5.39,5.19,5.15,5.17,5.17,5.61,7.26,9.68,11.76,13.75,15.89,18.05,20.32,22.52,24.62,26.61,28.38,30.46,33.04,35.95,37.85,39.83,42.00,44.37,46.89,49.36,51.43,52.27,50.75,48.79,46.62,44.38,42.15,39.97,37.94,35.91,33.87,31.89,30.05,28.00,25.69,23.17,20.75,19.48,18.64,17.92,17.22,15.82,14.04,12.18,10.57,9.54,8.65,7.75,6.85,6.16,5.50,5.25,5.40,5.70,6.01,6.17,6.18,6.03,5.88,5.78,5.66,5.54,5.45,5.31,5.20,5.12,5.02,4.88,4.78,4.67,4.54,4.46,4.32,4.20,4.11,3.96,3.87,3.74,3.58,3.41,3.18,3.01,2.82,2.58,2.35,2.12,1.93,1.80,1.73,1.71,1.68,1.63,1.61,1.54,1.47,1.43,1.40,1.33,1.26,1.23,1.20,1.14,1.12,1.06,0.92,0.66,0.20,0.10,e,e,e,e,e,e,e,e,e,e,e,e,e,e,e,e,e,e,e,e,e,e,e,e,e,e,e,e,e,e,e,e,e,e,e,e,e,e,e,e,e,e,e,e,e,e,e,e,e,e,e,e,e,e,e,e,e,e,e,e,e,e,e,e,e,e,e,e,e,e,e,e,e,e,e,e,e,e,e,e,e,e,e,e,e,e,e,e,e,e,e,e,e,e,e,e,e,e,e,e,e
19.19,18.78,18.39,17.94,17.69,17.69,17.95,18.43,18.83,19.36,19.77,19.88,19.50,19.39,19.32,19.11,18.71,18.29,17.77,17.23,16.71,16.23,15.71,15.19,14.68,14.14,13.59,13.08,12.54,11.96,11.38,10.90,10.46,9.97,9.27,8.48,7.64,6.85,6.14,5.42,5.30,5.28,5.17,5.21,5.21,5.18,5.37,6.34,8.66,10.91,13.09,15.35,17.64,20.14,22.76,25.32,27.56,29.65,32.23,35.20,38.19,40.34,42.73,45.12,47.22,48.88,50.92,52.79,53.46,51.58,49.28,46.97,44.65,42.28,39.89,37.79,35.76,33.75,31.83,29.97,27.94,25.79,23.57,21.34,20.02,19.16,18.48,17.78,16.18,14.29,12.38,10.62,9.50,8.72,7.95,7.09,6.35,5.68,5.29,5.27,5.57,5.85,6.02,6.04,5.89,5.73,5.61,5.47,5.32,5.20,5.09,4.97,4.87,4.78,4.64,4.54,4.44,4.33,4.21,4.10,3.98,3.86,3.75,3.63,3.51,3.39,3.23,3.04,2.88,2.69,2.46,2.23,1.99,1.81,1.66,1.56,1.54,1.51,1.48,1.43,1.40,1.33,1.27,1.23,1.19,1.12,1.06,1.03,1.00,0.95,0.85,0.63,0.31,0.09,0.00,e,e,e,e,e,e,e,e,e,e,e,e,e,e,e,e,e,e,e,e,e,e,e,e,e,e,e,e,e,e,e,e,e,e,e,e,e,e,e,e,e,e,e,e,e,e,e,e,e,e,e,e,e,e,e,e,e,e,e,e,e,e,e,e,e,e,e,e,e,e,e,e,e,e,e,e,e,e,e,e,e,e,e,e,e,e,e,e,e,e,e,e,e,e,e,e,e,e,e,e,e
19.09,18.77,18.54,18.27,18.16,18.23,18.50,18.98,19.50,20.47,21.24,21.38,20.50,19.90,19.52,19.13,18.60,18.11,17.58,17.04,16.50,16.01,15.48,14.95,14.42,13.88,13.34,12.79,12.22,11.60,11.00,10.66,10.40,10.01,9.28,8.53,7.73,6.92,6.15,5.34,5.24,5.29,5.30,5.39,5.36,5.28,5.25,5.63,7.61,9.85,12.13,14.48,16.90,19.49,22.42,25.48,28.17,30.84,33.96,37.24,40.30,42.97,46.02,48.78,50.80,51.92,53.61,54.93,54.96,52.64,49.94,47.44,45.01,42.52,40.00,37.98,36.05,34.10,32.26,30.36,28.30,26.24,24.33,22.30,20.83,19.78,19.04,18.27,16.52,14.58,12.70,10.92,9.74,9.00,8.28,7.41,6.55,5.86,5.36,5.15,5.41,5.65,5.85,5.91,5.76,5.60,5.45,5.29,5.14,4.99,4.89,4.76,4.63,4.54,4.40,4.29,4.20,4.11,3.96,3.87,3.76,3.63,3.54,3.40,3.29,3.19,3.04,2.89,2.74,2.56,2.33,2.10,1.87,1.68,1.52,1.38,1.36,1.36,1.34,1.27,1.25,1.20,1.13,1.06,1.05,0.99,0.92,0.86,0.85,0.77,0.67,0.40,0.03,e,e,e,e,e,e,e,e,e,e,e,e,e,e,e,e,e,e,e,e,e,e,e,e,e,e,e,e,e,e,e,e,e,e,e,e,e,e,e,e,e,e,e,e,e,e,e,e,e,e,e,e,e,e,e,e,e,e,e,e,e,e,e,e,e,e,e,e,e,e,e,e,e,e,e,e,e,e,e,e,e,e,e,e,e,e,e,e,e,e,e,e,e,e,e,e,e,e,e,e,e,e,e
19.40,19.22,19.07,18.84,18.68,18.67,18.88,19.39,20.10,22.04,23.26,23.15,21.70,20.26,19.42,18.88,18.33,17.75,17.19,16.65,16.10,15.52,14.97,14.46,13.99,13.49,12.91,12.35,11.78,11.16,10.56,10.38,10.42,10.30,9.49,8.77,8.04,7.30,6.50,5.57,5.32,5.27,5.27,5.45,5.46,5.38,5.25,5.35,6.58,8.54,10.83,13.28,15.79,18.21,21.05,24.34,27.83,31.49,35.07,38.52,41.83,45.01,48.45,51.48,53.86,55.84,57.85,58.02,56.45,53.80,50.84,48.09,45.50,43.02,40.78,39.21,37.56,35.65,33.61,31.46,29.19,27.06,25.29,23.41,21.82,20.56,19.57,18.57,16.82,14.99,13.26,11.66,10.56,9.65,8.75,7.79,6.88,6.10,5.45,5.05,5.18,5.39,5.66,5.79,5.63,5.48,5.32,5.17,5.01,4.86,4.72,4.57,4.44,4.35,4.21,4.06,3.94,3.86,3.71,3.61,3.53,3.43,3.29,3.19,3.07,2.95,2.85,2.70,2.59,2.43,2.20,1.97,1.74,1.55,1.38,1.19,1.22,1.24,1.21,1.13,1.07,1.05,1.00,0.93,0.87,0.85,0.79,0.74,0.72,0.59,0.55,e,e,e,e,e,e,e,e,e,e,e,e,e,e,e,e,e,e,e,e,e,e,e,e,e,e,e,e,e,e,e,e,e,e,e,e,e,e,e,e,e,e,e,e,e,e,e,e,e,e,e,e,e,e,e,e,e,e,e,e,e,e,e,e,e,e,e,e,e,e,e,e,e,e,e,e,e,e,e,e,e,e,e,e,e,e,e,e,e,e,e,e,e,e,e,e,e,e,e,e,e,e,e,e,e
20.07,19.81,19.51,19.35,19.20,19.13,19.28,19.90,21.48,24.06,25.13,24.28,22.11,20.36,19.30,18.56,17.87,17.27,16.70,16.14,15.59,15.01,14.49,13.99,13.50,13.04,12.63,12.24,11.86,11.44,11.05,10.99,10.98,10.77,10.03,9.32,8.56,7.76,6.92,5.94,5.39,5.18,5.25,5.46,5.56,5.50,5.34,5.28,5.77,7.45,9.74,12.24,14.68,17.05,19.68,22.79,26.66,30.42,33.95,37.28,40.51,43.86,48.30,52.09,54.75,57.38,59.41,59.55,58.06,55.45,52.30,49.42,46.85,44.53,42.38,40.82,39.01,36.80,34.44,32.00,29.68,27.66,26.04,24.37,22.82,21.47,20.33,19.14,17.41,15.64,13.98,12.45,11.27,10.15,9.09,8.13,7.20,6.47,5.93,5.55,5.42,5.31,5.46,5.63,5.50,5.35,5.20,5.04,4.89,4.73,4.58,4.42,4.28,4.17,4.05,3.90,3.77,3.65,3.50,3.38,3.29,3.19,3.08,2.96,2.85,2.73,2.62,2.50,2.39,2.25,2.07,1.84,1.61,1.42,1.25,1.05,1.05,1.06,1.05,1.00,0.93,0.88,0.84,0.80,0.72,0.68,0.64,0.61,0.60,0.53,0.50,e,e,e,e,e,e,e,e,e,e,e,e,e,e,e,e,e,e,e,e,e,e,e,e,e,e,e,e,e,e,e,e,e,e,e,e,e,e,e,e,e,e,e,e,e,e,e,e,e,e,e,e,e,e,e,e,e,e,e,e,e,e,e,e,e,e,e,e,e,e,e,e,e,e,e,e,e,e,e,e,e,e,e,e,e,e,e,e,e,e,e,e,e,e,e,e,e,e,e,e,e,e,e,e,e
21.31,20.95,20.44,20.24,19.88,19.73,19.91,20.84,23.38,26.30,26.97,25.26,22.37,20.40,19.19,18.28,17.42,16.80,16.16,15.56,15.03,14.53,14.11,13.67,13.23,12.86,12.69,12.50,12.30,12.13,11.98,11.98,11.79,11.32,10.66,9.97,9.13,8.24,7.35,6.36,5.50,5.12,5.24,5.46,5.63,5.62,5.48,5.32,5.19,6.55,8.73,11.22,13.55,15.93,18.34,21.17,25.13,28.61,31.79,34.78,37.78,41.22,46.85,51.57,54.57,57.67,59.67,60.30,59.57,57.30,54.13,51.16,48.60,46.39,44.13,42.24,40.10,37.57,34.89,32.20,29.96,28.18,26.80,25.39,23.88,22.41,21.06,19.75,18.07,16.34,14.70,13.22,11.89,10.53,9.34,8.42,7.56,7.01,6.67,6.37,5.91,5.35,5.29,5.44,5.37,5.22,5.07,4.91,4.76,4.60,4.45,4.29,4.14,3.99,3.91,3.78,3.62,3.48,3.32,3.17,3.05,2.96,2.87,2.72,2.62,2.52,2.38,2.29,2.16,2.04,1.92,1.72,1.48,1.30,1.12,0.92,0.88,0.88,0.88,0.86,0.80,0.72,0.68,0.66,0.59,0.52,0.50,0.50,0.51,e,e,e,e,e,e,e,e,e,e,e,e,e,e,e,e,e,e,e,e,e,e,e,e,e,e,e,e,e,e,e,e,e,e,e,e,e,e,e,e,e,e,e,e,e,e,e,e,e,e,e,e,e,e,e,e,e,e,e,e,e,e,e,e,e,e,e,e,e,e,e,e,e,e,e,e,e,e,e,e,e,e,e,e,e,e,e,e,e,e,e,e,e,e,e,e,e,e,e,e,e,e,e,e,e,e,e
24.17,24.06,23.43,22.68,21.24,20.80,21.45,23.23,25.96,28.64,28.88,26.73,23.41,20.68,19.19,18.26,17.34,16.52,15.69,14.99,14.50,14.19,14.07,13.98,13.89,13.83,13.83,13.56,13.28,13.14,13.03,12.94,12.57,11.92,11.14,10.39,9.56,8.65,7.69,6.69,5.80,5.27,5.19,5.40,5.62,5.71,5.65,5.44,5.18,6.00,7.72,10.08,12.36,14.72,17.15,19.93,23.68,26.95,29.39,31.62,34.42,38.23,44.62,50.23,53.94,57.13,59.51,60.57,60.47,59.17,56.41,53.37,50.50,47.87,45.01,42.29,39.83,37.45,34.75,32.00,30.06,28.82,27.97,26.92,25.21,23.23,21.34,20.08,18.45,16.77,15.22,13.86,12.22,10.71,9.49,8.67,8.07,7.95,7.84,7.45,6.57,5.60,5.23,5.22,5.23,5.09,4.94,4.79,4.63,4.48,4.32,4.17,4.01,3.87,3.78,3.65,3.50,3.34,3.19,3.03,2.89,2.76,2.62,2.47,2.36,2.28,2.18,2.05,1.94,1.83,1.70,1.57,1.36,1.17,0.99,0.78,0.71,0.72,0.73,0.68,0.66,0.59,0.53,0.48,0.46,0.44,0.42,0.43,e,e,e,e,e,e,e,e,e,e,e,e,e,e,e,e,e,e,e,e,e,e,e,e,e,e,e,e,e,e,e,e,e,e,e,e,e,e,e,e,e,e,e,e,e,e,e,e,e,e,e,e,e,e,e,e,e,e,e,e,e,e,e,e,e,e,e,e,e,e,e,e,e,e,e,e,e,e,e,e,e,e,e,e,e,e,e,e,e,e,e,e,e,e,e,e,e,e,e,e,e,e,e,e,e,e,e,e
26.75,27.13,26.66,25.32,23.21,22.68,23.63,25.76,28.26,30.34,29.98,27.44,24.08,20.97,19.29,18.33,17.39,16.44,15.51,14.90,14.70,14.71,14.78,14.85,14.93,15.01,15.08,14.69,14.30,14.16,14.09,14.14,13.81,13.09,12.28,11.14,9.97,8.88,7.91,6.99,6.12,5.45,5.13,5.34,5.57,5.76,5.80,5.56,5.26,5.54,6.74,8.90,11.12,13.54,16.08,18.88,22.28,25.31,27.39,29.43,32.53,36.82,42.74,48.35,52.77,56.03,58.78,60.32,60.77,60.25,58.35,55.36,52.05,48.74,45.20,41.81,39.09,36.84,34.34,32.18,30.98,30.33,29.66,28.67,26.84,24.56,22.23,20.52,18.85,17.41,16.15,14.82,12.93,11.11,9.73,9.01,8.84,9.01,8.95,8.41,7.33,6.20,5.56,5.26,5.12,4.97,4.81,4.66,4.50,4.35,4.20,4.04,3.89,3.74,3.65,3.52,3.37,3.21,3.06,2.90,2.75,2.60,2.44,2.29,2.16,2.07,1.98,1.83,1.72,1.60,1.48,1.37,1.21,1.04,0.87,0.65,0.55,0.56,0.57,0.53,0.50,0.46,0.39,0.34,0.36,0.36,0.38,0.40,e,e,e,e,e,e,e,e,e,e,e,e,e,e,e,e,e,e,e,e,e,e,e,e,e,e,e,e,e,e,e,e,e,e,e,e,e,e,e,e,e,e,e,e,e,e,e,e,e,e,e,e,e,e,e,e,e,e,e,e,e,e,e,e,e,e,e,e,e,e,e,e,e,e,e,e,e,e,e,e,e,e,e,e,e,e,e,e,e,e,e,e,e,e,e,e,e,e,e,e,e,e,e,e,e,e,e,e
28.91,29.88,29.74,27.82,25.46,25.08,26.19,28.25,30.27,31.44,30.33,27.47,24.35,21.21,19.45,18.44,17.50,16.52,15.57,15.20,15.45,15.84,16.02,16.12,16.20,16.29,16.36,15.84,15.33,15.19,15.18,15.57,15.43,14.73,13.85,12.17,10.41,8.99,8.08,7.27,6.44,5.64,5.10,5.27,5.51,5.77,5.91,5.68,5.39,5.21,5.86,7.69,9.86,12.38,15.08,17.92,20.96,23.76,25.88,28.23,31.90,36.77,41.41,46.30,51.19,54.48,57.55,59.58,60.58,60.60,59.81,56.93,53.12,49.07,44.92,41.09,38.16,35.98,33.99,32.91,32.70,32.57,31.79,30.57,28.65,26.27,23.64,21.20,19.41,18.30,17.43,16.07,14.03,11.87,10.23,9.59,9.86,10.17,9.99,9.25,8.16,7.09,6.24,5.56,5.04,4.85,4.69,4.54,4.38,4.23,4.07,3.92,3.76,3.62,3.53,3.40,3.24,3.09,2.93,2.78,2.62,2.47,2.31,2.16,2.01,1.89,1.80,1.65,1.50,1.38,1.27,1.14,1.03,0.90,0.73,0.53,0.42,0.41,0.41,0.39,0.33,0.31,0.27,0.23,0.29,0.30,0.31,e,e,e,e,e,e,e,e,e,e,e,e,e,e,e,e,e,e,e,e,e,e,e,e,e,e,e,e,e,e,e,e,e,e,e,e,e,e,e,e,e,e,e,e,e,e,e,e,e,e,e,e,e,e,e,e,e,e,e,e,e,e,e,e,e,e,e,e,e,e,e,e,e,e,e,e,e,e,e,e,e,e,e,e,e,e,e,e,e,e,e,e,e,e,e,e,e,e,e,e,e,e,e,e,e,e,e,e,e
30.60,31.70,31.45,28.98,26.59,26.80,28.28,30.20,32.08,31.98,30.12,27.23,24.23,21.17,19.45,18.46,17.52,16.57,15.64,15.42,15.96,16.55,17.04,17.33,17.49,17.60,17.64,17.06,16.46,16.30,16.67,17.30,17.29,16.41,14.71,13.20,11.09,9.25,8.42,7.60,6.75,5.92,5.27,5.20,5.42,5.69,5.86,5.79,5.56,5.29,5.41,6.39,8.52,11.14,13.95,16.84,19.80,22.66,25.27,27.99,31.55,37.00,41.48,45.56,49.41,52.59,55.65,58.21,59.96,60.41,60.07,57.11,52.99,48.76,44.75,40.89,37.78,35.72,34.96,35.01,35.26,35.15,34.21,32.53,30.24,27.68,25.06,22.63,20.84,19.69,18.74,17.38,15.56,13.53,11.88,11.11,11.29,11.55,11.18,10.16,8.97,8.07,7.21,6.19,5.05,4.77,4.62,4.46,4.31,4.15,4.00,3.85,3.70,3.54,3.41,3.27,3.11,2.96,2.81,2.65,2.50,2.34,2.19,2.03,1.88,1.75,1.66,1.51,1.36,1.22,1.09,0.94,0.80,0.69,0.57,0.39,0.25,0.24,0.28,0.26,0.19,0.18,0.16,0.14,0.17,0.26,0.30,e,e,e,e,e,e,e,e,e,e,e,e,e,e,e,e,e,e,e,e,e,e,e,e,e,e,e,e,e,e,e,e,e,e,e,e,e,e,e,e,e,e,e,e,e,e,e,e,e,e,e,e,e,e,e,e,e,e,e,e,e,e,e,e,e,e,e,e,e,e,e,e,e,e,e,e,e,e,e,e,e,e,e,e,e,e,e,e,e,e,e,e,e,e,e,e,e,e,e,e,e,e,e,e,e,e,e,e,e
32.28,33.31,32.72,29.84,27.71,28.38,30.21,32.12,33.39,32.15,29.70,26.77,23.77,20.92,19.34,18.40,17.47,16.53,15.83,15.82,16.47,17.16,17.84,18.32,18.67,18.97,19.09,18.37,17.62,17.48,18.25,19.11,19.25,18.42,16.56,14.99,12.39,9.96,8.85,7.98,7.11,6.26,5.58,5.41,5.57,5.76,5.89,5.90,5.71,5.45,5.25,5.54,7.25,9.78,12.61,15.55,18.50,21.43,24.27,27.08,30.29,35.46,40.41,44.34,47.36,50.57,53.64,56.48,58.71,59.55,59.41,56.43,52.28,48.14,44.41,40.78,37.80,36.04,36.41,37.31,37.87,37.70,36.46,34.40,31.83,29.16,26.61,24.39,22.68,21.46,20.39,19.02,17.28,15.43,13.87,12.97,12.90,12.78,12.11,10.96,9.87,9.13,8.26,6.96,5.32,4.79,4.58,4.43,4.28,4.12,3.96,3.81,3.66,3.50,3.35,3.19,3.04,2.88,2.73,2.58,2.42,2.26,2.11,1.96,1.80,1.67,1.56,1.42,1.26,1.10,0.95,0.79,0.64,0.52,0.41,0.26,0.14,0.15,0.20,0.18,0.09,0.07,0.07,0.08,0.10,e,e,e,e,e,e,e,e,e,e,e,e,e,e,e,e,e,e,e,e,e,e,e,e,e,e,e,e,e,e,e,e,e,e,e,e,e,e,e,e,e,e,e,e,e,e,e,e,e,e,e,e,e,e,e,e,e,e,e,e,e,e,e,e,e,e,e,e,e,e,e,e,e,e,e,e,e,e,e,e,e,e,e,e,e,e,e,e,e,e,e,e,e,e,e,e,e,e,e,e,e,e,e,e,e,e,e,e,e,e,e
34.15,34.91,33.83,30.76,29.21,30.02,32.05,34.10,33.99,31.91,29.11,26.06,22.95,20.45,19.12,18.27,17.34,16.39,16.23,16.52,17.06,17.74,18.38,19.03,19.73,20.44,20.76,19.78,18.80,18.78,19.86,20.98,21.30,20.84,19.87,17.78,14.47,11.26,9.38,8.41,7.51,6.66,6.05,6.00,6.02,6.04,6.04,5.97,5.82,5.60,5.38,5.36,6.11,8.27,11.02,13.96,16.95,19.83,22.48,25.00,27.71,31.50,37.36,42.07,44.97,48.46,51.64,54.42,56.64,57.82,57.75,54.94,51.08,47.30,43.79,40.69,38.26,37.07,38.17,39.53,40.36,40.13,38.42,36.13,33.50,30.84,28.36,26.44,24.87,23.63,22.48,21.06,19.12,17.43,16.04,15.03,14.61,13.72,12.62,11.57,10.88,10.31,9.34,7.85,5.98,4.96,4.60,4.44,4.28,4.13,3.97,3.82,3.67,3.51,3.36,3.20,3.05,2.89,2.74,2.58,2.43,2.27,2.12,1.96,1.81,1.66,1.51,1.35,1.20,1.05,0.89,0.73,0.58,0.43,0.28,0.14,e,e,e,e,0.02,0.01,0.01,0.02,e,e,e,e,e,e,e,e,e,e,e,e,e,e,e,e,e,e,e,e,e,e,e,e,e,e,e,e,e,e,e,e,e,e,e,e,e,e,e,e,e,e,e,e,e,e,e,e,e,e,e,e,e,e,e,e,e,e,e,e,e,e,e,e,e,e,e,e,e,e,e,e,e,e,e,e,e,e,e,e,e,e,e,e,e,e,e,e,e,e,e,e,e,e,e,e,e,e,e,e,e,e,e,e,e,e,e,e,e,e,e,e
36.91,37.37,36.30,34.11,32.64,33.14,34.46,35.29,33.63,30.98,28.01,24.94,21.96,20.02,18.93,18.11,17.25,16.54,16.71,17.22,17.82,18.43,19.08,20.16,21.44,22.41,22.62,21.33,20.23,20.43,21.80,22.94,23.19,22.59,21.18,18.88,15.64,12.29,9.78,8.71,7.76,6.99,6.53,6.43,6.35,6.24,6.12,6.00,5.84,5.67,5.46,5.30,5.52,7.10,9.48,12.25,15.13,17.92,20.50,23.12,26.16,29.96,34.98,39.32,42.58,46.18,49.57,52.32,54.37,55.58,55.98,53.78,50.55,47.31,43.95,40.91,38.91,38.42,40.03,41.83,42.86,42.64,40.75,38.16,35.46,32.87,30.52,28.63,27.09,25.80,24.48,22.74,20.63,18.90,17.49,16.34,15.43,14.34,13.22,12.29,11.84,11.45,10.43,8.85,7.01,5.58,4.90,4.59,4.43,4.28,4.13,3.97,3.82,3.66,3.51,3.35,3.20,3.04,2.89,2.70,2.53,2.37,2.21,2.02,1.85,1.70,1.54,1.40,1.24,1.06,0.88,0.72,0.57,0.39,0.21,0.07,e,e,e,e,0.00,0.00,0.00,0.00,e,e,e,e,e,e,e,e,e,e,e,e,e,e,e,e,e,e,e,e,e,e,e,e,e,e,e,e,e,e,e,e,e,e,e,e,e,e,e,e,e,e,e,e,e,e,e,e,e,e,e,e,e,e,e,e,e,e,e,e,e,e,e,e,e,e,e,e,e,e,e,e,e,e,e,e,e,e,e,e,e,e,e,e,e,e,e,e,e,e,e,e,e,e,e,e,e,e,e,e,e,e,e,e,e,e,e,e,e,e,e,e
39.52,39.83,39.08,37.87,36.47,36.35,36.40,35.52,32.67,29.85,26.95,23.95,21.13,19.69,18.79,17.99,17.24,16.80,17.19,17.86,18.55,19.18,20.11,21.68,23.45,24.61,24.79,23.45,22.40,22.73,24.12,24.98,24.81,23.66,21.66,19.26,16.30,13.05,10.13,8.94,8.00,7.35,7.03,6.87,6.70,6.51,6.31,6.15,5.99,5.83,5.63,5.38,5.24,6.13,8.02,10.57,13.22,15.91,18.54,21.43,24.97,29.08,32.95,36.57,40.09,43.78,47.27,49.98,51.92,53.20,54.06,52.84,50.53,47.81,44.60,41.55,39.94,40.13,42.08,44.23,45.44,45.23,43.25,40.39,37.64,35.15,32.95,31.02,29.38,27.90,26.31,24.23,22.00,20.10,18.55,17.26,15.96,14.84,13.89,13.17,12.86,12.53,11.31,9.61,7.92,6.28,5.30,4.79,4.60,4.44,4.29,4.13,3.97,3.81,3.65,3.49,3.34,3.19,3.03,2.81,2.62,2.46,2.30,2.10,1.91,1.75,1.60,1.44,1.29,1.09,0.88,0.72,0.55,0.37,0.18,0.03,e,e,e,e,e,e,e,e,e,e,e,e,e,e,e,e,e,e,e,e,e,e,e,e,e,e,e,e,e,e,e,e,e,e,e,e,e,e,e,e,e,e,e,e,e,e,e,e,e,e,e,e,e,e,e,e,e,e,e,e,e,e,e,e,e,e,e,e,e,e,e,e,e,e,e,e,e,e,e,e,e,e,e,e,e,e,e,e,e,e,e,e,e,e,e,e,e,e,e,e,e,e,e,e,e,e,e,e,e,e,e,e,e,e,e,e,e,e,e,e
