29.45,33.58,38.72,43.12,47.14,49.81,50.54,50.53,50.30,49.48,47.98,45.99,44.40,42.75,41.23,40.30,40.03,40.13,40.46,40.97,41.53,41.39,40.88,39.32,35.50,31.52,27.47,23.63,20.37,18.20,16.27,14.39,12.57,11.02,10.23,9.86,9.65,9.46,9.46,9.51,9.61,9.75,9.88,10.36,10.82,11.54,13.20,15.43,17.76,19.98,22.07,24.29,26.57,29.04,32.09,36.47,40.19,43.23,44.41,42.38,39.73,36.76,34.28,32.52,30.80,30.34,28.96,26.38,23.07,19.89,17.45,15.42,13.65,12.54,11.52,10.56,9.84,9.75,9.68,9.77,10.89,14.18,18.33,23.53,28.33,31.73,33.22,31.51,27.77,23.52,20.80,19.86,19.61,19.56,19.55,19.48,19.40,19.29,19.14,19.04,18.86,18.66,18.45,18.23,17.95,17.70,17.62,17.78,18.00,18.18,18.47,18.87,19.36,19.70,21.07,24.69,31.12,37.16,40.06,42.09,44.41,47.41,50.69,54.26,57.72,60.34,61.57,61.75,62.09,63.08,64.34,67.43,72.10,77.41,81.82,85.27,88.56,91.64,94.23,96.56,95.20,92.58,89.81,87.06,84.78,83.38,82.67,82.42,82.15,82.35,83.06,84.17,85.10,85.93,86.63,86.40,83.66,80.83,77.26,73.30,68.93,62.76,56.33,51.19,47.82,45.63,42.95,39.89,36.53,32.88,29.39,26.25,23.16,20.03,17.09,14.32,11.78,9.90,9.64,9.39,9.20,9.04,8.89,8.74,8.58,8.42,8.22,7.88,7.27,6.61,5.96,5.31,4.83,4.48,4.18,3.90,3.64,3.35,3.04,2.73,2.42,2.12,1.81,1.53,1.28,0.97,0.67,0.41,0.21,e,e,e,e,e,e,e,e,e,e,e,e,e,e,e,e,e,e,e,e,e,e,e,e,e,e,e,e,e,e,e,e,e,e,e,e,e,e,e,e,e,e,e,e,e,e,e
30.95,34.98,39.56,43.30,46.90,49.48,50.34,50.30,50.10,49.38,48.09,46.47,44.92,43.31,41.99,41.43,41.24,41.32,41.55,41.85,42.11,41.63,40.86,38.79,33.68,29.15,24.75,21.05,18.56,16.85,15.04,13.20,11.49,10.26,9.88,9.73,9.61,9.52,9.60,9.69,9.93,10.36,10.83,11.59,12.07,12.44,13.27,14.84,16.95,19.16,21.30,23.53,25.64,27.81,30.48,34.56,38.94,42.53,44.76,44.85,43.03,41.21,39.71,38.36,36.58,35.11,32.68,29.17,24.91,20.88,18.23,16.47,15.20,14.24,13.20,12.17,11.27,10.66,10.27,10.66,12.10,14.91,18.35,23.73,28.84,32.45,34.61,33.14,29.89,26.21,23.45,22.38,22.10,22.01,21.86,21.82,21.22,20.32,19.51,19.34,19.09,18.85,18.60,18.34,18.07,17.84,17.78,17.93,18.15,18.35,18.66,19.09,19.57,20.08,22.09,26.29,32.91,39.37,42.39,44.44,46.78,49.76,53.10,56.91,60.82,64.15,65.90,66.33,66.44,66.63,66.75,68.51,72.12,76.88,81.32,84.61,87.63,90.48,93.04,95.40,94.65,92.55,89.98,87.22,84.31,82.00,80.54,80.12,79.98,80.34,81.19,82.41,83.28,84.10,84.82,84.83,82.81,80.58,77.17,73.14,68.75,62.95,57.14,52.35,48.97,46.71,43.84,40.71,37.34,33.60,30.12,26.72,23.25,19.79,16.80,13.96,11.50,9.82,9.57,9.37,9.18,9.00,8.84,8.70,8.54,8.38,8.22,8.01,7.57,7.00,6.37,5.72,5.18,4.80,4.50,4.19,3.92,3.65,3.36,3.05,2.74,2.43,2.12,1.83,1.56,1.25,0.97,0.68,0.42,0.34,0.30,e,e,e,e,e,e,e,e,e,e,e,e,e,e,e,e,e,e,e,e,e,e,e,e,e,e,e,e,e,e,e,e,e,e,e,e,e,e,e,e,e,e,e,e,e
31.57,35.09,38.66,41.78,44.99,47.68,49.17,49.32,49.23,48.67,47.68,46.58,45.09,43.59,42.59,42.48,42.27,42.31,42.46,42.59,42.43,41.70,40.67,37.98,31.61,26.82,22.61,19.40,17.59,16.08,14.48,12.85,11.36,10.37,9.96,9.75,9.63,9.63,9.78,9.99,10.47,11.26,12.15,13.13,13.72,13.91,13.90,14.52,16.22,18.37,20.52,22.65,24.46,26.30,28.60,32.14,36.97,41.12,44.64,47.41,46.74,46.12,45.48,44.44,42.68,39.81,36.03,31.51,26.39,21.78,18.95,17.45,16.81,16.16,15.21,14.25,13.30,12.10,11.27,11.95,13.67,15.86,18.74,24.06,29.32,33.23,36.05,35.13,32.41,29.28,27.02,26.01,25.77,25.67,25.41,25.31,23.92,21.86,19.96,19.55,19.23,18.97,18.72,18.43,18.19,18.01,17.95,18.06,18.28,18.52,18.87,19.29,19.69,20.33,22.66,26.65,32.39,39.50,43.11,45.61,48.24,51.28,54.89,59.20,63.77,67.75,70.00,70.88,71.04,70.81,70.51,70.88,73.03,76.74,80.97,84.13,86.97,89.67,92.14,94.11,94.06,92.70,90.52,88.01,84.61,81.40,79.08,78.20,77.87,78.03,78.74,79.99,81.13,82.20,83.02,83.23,82.15,80.30,76.98,72.95,68.73,63.72,59.00,54.72,51.13,48.64,45.57,42.33,38.90,35.10,31.62,27.88,23.91,19.98,16.80,13.81,11.35,9.76,9.53,9.35,9.14,8.94,8.79,8.63,8.47,8.32,8.16,8.00,7.78,7.35,6.77,6.15,5.53,5.13,4.81,4.50,4.20,3.94,3.67,3.36,3.06,2.75,2.44,2.13,1.83,1.52,1.26,0.99,0.69,0.41,0.35,e,e,e,e,e,e,e,e,e,e,e,e,e,e,e,e,e,e,e,e,e,e,e,e,e,e,e,e,e,e,e,e,e,e,e,e,e,e,e,e,e,e,e,e,e
30.67,33.37,36.13,38.43,40.69,42.98,44.98,45.70,46.49,46.70,46.25,45.53,44.60,43.84,43.44,43.44,43.28,43.19,42.97,42.54,42.01,41.29,39.91,36.66,30.13,25.47,21.67,18.85,17.34,16.58,15.72,14.67,13.40,11.95,10.63,9.99,9.78,9.72,9.95,10.77,11.72,12.62,13.55,14.54,15.32,15.71,15.45,14.89,15.83,17.65,19.67,21.33,22.69,24.49,26.92,29.94,34.39,39.28,44.20,48.40,49.24,49.25,49.00,48.29,46.44,43.00,38.39,33.15,27.96,23.57,20.48,18.75,18.34,18.11,17.35,16.47,15.53,14.28,13.13,13.44,14.92,17.06,19.57,24.45,29.75,34.24,37.44,38.02,36.30,33.44,31.26,30.52,30.49,30.61,30.55,29.93,27.71,24.34,20.93,19.81,19.36,19.10,18.86,18.61,18.38,18.16,18.10,18.24,18.42,18.68,19.01,19.33,19.57,19.93,21.76,25.43,31.16,37.46,41.03,43.68,46.35,49.38,53.82,59.50,65.31,69.85,72.87,74.81,76.08,76.73,76.77,76.10,76.16,77.62,80.98,83.73,86.39,89.04,91.47,93.06,93.63,92.97,91.28,89.36,85.88,82.56,79.86,77.81,75.97,74.87,74.53,75.31,77.72,79.97,81.25,81.52,80.89,78.91,75.73,72.13,68.53,64.49,60.85,57.29,53.77,50.68,47.47,44.19,40.74,36.95,33.31,29.33,25.09,20.91,17.49,14.33,11.62,9.77,9.52,9.30,9.08,8.88,8.72,8.56,8.41,8.25,8.10,7.95,7.78,7.53,7.17,6.59,5.93,5.47,5.13,4.82,4.52,4.22,3.92,3.63,3.37,3.07,2.76,2.45,2.14,1.83,1.54,1.27,1.00,0.70,0.50,0.22,0.00,e,e,e,e,e,e,e,e,e,e,e,e,e,e,e,e,e,e,e,e,e,e,e,e,e,e,e,e,e,e,e,e,e,e,e,e,e,e,e,e,e,e,e
28.79,31.10,33.20,35.02,36.56,38.25,40.19,41.88,43.63,44.56,44.59,44.20,43.60,43.27,43.20,43.27,43.33,43.46,43.31,42.79,42.09,41.27,39.39,35.68,29.50,24.94,21.42,19.06,18.14,17.96,17.69,17.14,16.11,14.24,12.38,11.06,10.22,9.82,9.97,10.93,12.23,13.63,14.94,15.99,16.89,17.45,17.13,16.00,15.99,17.03,18.73,20.04,21.04,22.75,25.35,28.47,32.73,37.87,43.47,48.57,50.36,50.91,50.90,50.32,48.70,44.86,39.83,34.31,29.03,24.96,22.02,20.40,20.24,20.21,19.61,18.73,17.67,16.32,14.92,14.91,16.13,18.18,20.74,25.20,30.25,35.00,38.71,40.45,39.73,37.58,35.91,35.52,35.68,35.76,35.23,33.65,30.61,26.39,22.04,20.06,19.48,19.21,18.96,18.73,18.50,18.29,18.24,18.39,18.55,18.78,19.04,19.27,19.43,19.65,20.79,24.23,30.63,36.31,39.43,42.14,45.19,48.30,53.11,59.51,66.09,71.09,74.95,77.56,79.31,80.31,80.55,79.70,79.15,79.70,82.18,84.75,87.13,89.31,91.21,92.48,93.19,92.87,91.58,90.10,87.05,83.88,81.02,78.44,75.84,73.76,72.28,71.86,73.39,75.34,76.87,77.73,77.70,76.11,73.47,70.39,67.23,64.21,61.48,58.54,55.25,51.97,48.79,45.47,41.94,38.16,34.23,30.02,25.63,21.30,17.79,14.67,11.95,10.00,9.58,9.32,9.07,8.84,8.66,8.50,8.34,8.20,8.04,7.88,7.73,7.58,7.35,6.92,6.33,5.84,5.45,5.14,4.83,4.53,4.21,3.92,3.65,3.38,3.08,2.77,2.46,2.15,1.84,1.56,1.29,1.01,0.70,0.40,0.17,0.13,e,e,e,e,e,e,e,e,e,e,e,e,e,e,e,e,e,e,e,e,e,e,e,e,e,e,e,e,e,e,e,e,e,e,e,e,e,e,e,e,e,e
26.22,28.54,30.18,31.73,32.81,33.80,35.21,37.90,40.57,42.23,42.80,42.69,42.24,42.04,42.06,42.20,42.57,43.14,43.45,43.28,42.62,41.58,39.18,35.20,29.71,25.28,21.99,20.15,19.93,20.09,20.13,19.88,18.99,16.83,14.79,12.71,10.94,9.98,9.92,10.59,12.08,14.27,16.26,17.46,18.49,19.22,18.93,17.69,16.70,16.69,17.85,18.90,19.67,21.25,23.98,27.62,31.90,36.91,42.53,48.02,50.33,51.35,51.57,51.01,49.75,45.60,40.46,35.06,29.69,25.96,23.55,22.40,22.50,22.49,22.00,21.04,19.70,18.12,16.53,16.32,17.30,19.20,22.09,26.14,30.72,35.47,39.80,42.30,42.59,41.55,40.70,40.69,41.09,40.95,39.38,36.45,32.63,27.98,23.19,20.30,19.58,19.30,19.02,18.79,18.56,18.38,18.36,18.52,18.67,18.84,19.02,19.18,19.34,19.55,20.00,23.38,31.01,36.44,39.04,41.79,45.41,48.68,53.35,59.72,66.42,71.78,76.42,79.25,80.91,81.76,82.08,81.82,81.92,82.71,84.37,86.87,88.86,90.28,91.27,92.24,92.70,92.42,91.45,90.26,87.96,85.11,82.25,79.76,77.10,74.44,71.96,69.99,69.11,69.50,70.78,72.32,72.94,72.14,70.28,67.75,64.90,62.82,60.84,58.41,55.43,52.37,49.37,46.06,42.48,38.71,34.45,30.11,25.64,21.22,17.78,14.87,12.37,10.46,9.71,9.38,9.10,8.83,8.61,8.44,8.29,8.13,7.97,7.83,7.67,7.52,7.36,7.13,6.71,6.21,5.77,5.46,5.15,4.84,4.53,4.22,3.93,3.67,3.39,3.08,2.78,2.47,2.16,1.85,1.57,1.32,1.02,0.71,0.42,0.17,e,e,e,e,e,e,e,e,e,e,e,e,e,e,e,e,e,e,e,e,e,e,e,e,e,e,e,e,e,e,e,e,e,e,e,e,e,e,e,e,e,e
23.83,26.21,27.87,28.71,29.31,29.96,30.91,32.72,35.97,38.98,40.90,41.14,40.97,40.91,40.98,41.16,41.59,42.23,42.90,43.33,42.91,41.86,39.56,35.96,31.23,27.34,24.75,23.38,23.05,22.83,22.69,21.95,20.40,18.13,15.91,13.83,11.93,10.49,10.09,10.52,12.06,14.66,17.17,18.88,20.45,21.63,21.37,19.48,18.14,17.61,17.83,18.44,19.18,20.76,23.41,27.02,31.25,36.30,41.62,46.32,49.56,51.09,51.75,51.61,49.91,45.47,40.38,35.30,30.35,26.95,25.38,24.94,25.11,25.16,24.65,23.43,21.58,19.46,17.83,17.51,18.30,20.08,23.04,26.54,30.71,35.55,40.30,43.24,44.79,45.20,44.62,44.86,45.86,45.86,43.30,38.61,34.09,29.24,24.22,20.52,19.61,19.31,19.02,18.80,18.57,18.42,18.43,18.59,18.79,19.04,19.21,19.33,19.48,19.62,20.05,24.06,33.19,39.21,42.62,45.66,49.09,52.61,56.59,61.75,67.42,72.63,77.51,80.09,81.53,82.57,83.48,84.30,85.01,85.77,86.91,88.73,90.14,90.98,91.32,91.82,91.92,91.67,91.08,90.07,88.15,85.61,82.97,80.65,78.08,75.35,72.84,70.86,69.48,68.37,67.63,67.47,68.06,67.56,66.00,63.85,61.60,59.92,58.35,56.31,53.68,50.94,48.33,45.47,42.31,38.77,34.49,30.36,25.99,21.42,18.13,15.53,13.19,11.16,9.91,9.46,9.16,8.87,8.59,8.39,8.22,8.06,7.92,7.81,7.67,7.51,7.36,7.19,6.93,6.51,6.08,5.78,5.47,5.16,4.85,4.54,4.23,3.95,3.68,3.41,3.09,2.79,2.48,2.17,1.87,1.58,1.28,1.00,0.72,0.44,0.28,0.20,e,e,e,e,e,e,e,e,e,e,e,e,e,e,e,e,e,e,e,e,e,e,e,e,e,e,e,e,e,e,e,e,e,e,e,e,e,e,e,e
21.98,24.24,25.65,25.93,26.23,26.76,27.57,28.77,31.75,34.92,37.25,37.75,37.87,38.04,38.41,39.08,40.05,41.09,42.16,43.06,43.21,42.34,40.43,37.49,33.48,30.18,28.18,27.02,26.31,25.41,24.49,23.02,20.99,18.84,16.73,14.76,12.85,11.13,10.56,10.87,12.39,15.11,17.87,20.18,22.40,24.13,24.18,21.84,19.95,18.79,18.28,18.46,19.13,20.67,23.17,26.56,30.49,35.32,40.20,44.26,48.13,50.52,51.90,52.03,49.61,45.03,40.08,35.37,31.18,28.21,27.29,27.39,27.69,27.82,27.15,25.61,23.34,20.92,19.14,18.69,19.38,21.15,24.00,26.99,30.76,35.60,40.65,44.07,46.67,48.35,48.37,48.96,50.28,50.13,46.55,40.62,35.49,30.43,25.22,20.77,19.66,19.34,19.04,18.80,18.57,18.47,18.53,18.71,18.95,19.22,19.42,19.54,19.67,19.79,20.78,25.32,34.59,41.23,45.54,49.13,52.67,56.39,59.84,63.91,68.48,73.12,77.47,79.94,81.43,82.55,83.79,85.28,86.54,87.60,88.74,89.90,90.59,90.75,90.50,90.62,90.69,90.31,89.41,88.18,86.42,84.48,82.63,80.94,78.83,76.30,73.97,72.22,70.75,68.99,67.06,65.49,65.16,64.13,62.44,60.56,58.81,57.21,55.63,53.77,51.52,49.10,46.77,44.29,41.57,38.44,34.48,30.85,26.75,22.05,18.68,16.23,13.99,11.83,10.09,9.52,9.20,8.90,8.62,8.36,8.15,7.98,7.84,7.75,7.61,7.46,7.30,7.15,7.02,6.71,6.36,6.07,5.78,5.48,5.17,4.86,4.55,4.24,3.97,3.70,3.39,3.10,2.79,2.49,2.18,1.87,1.56,1.28,1.02,0.73,0.42,0.32,e,e,e,e,e,e,e,e,e,e,e,e,e,e,e,e,e,e,e,e,e,e,e,e,e,e,e,e,e,e,e,e,e,e,e,e,e,e,e,e
20.76,22.69,23.37,23.43,23.69,24.35,25.46,26.91,28.56,30.06,31.19,31.80,32.17,32.68,33.66,35.45,37.68,39.71,41.29,42.45,43.55,43.16,41.92,39.81,36.45,33.70,31.94,30.64,29.32,27.50,25.13,22.81,20.75,18.99,17.38,15.55,13.58,11.86,11.42,11.77,13.20,15.72,18.39,21.32,24.19,26.53,27.30,24.95,22.12,20.04,19.22,19.01,19.52,20.92,23.19,26.26,29.57,33.71,38.09,42.02,46.02,49.71,52.12,52.20,48.90,44.44,39.71,35.40,32.32,29.88,29.27,29.61,30.12,30.38,29.36,27.44,25.02,22.64,20.58,19.93,20.62,22.51,25.03,27.60,31.02,35.70,40.94,44.93,48.22,50.77,52.06,53.20,54.35,53.47,48.83,42.55,36.92,31.56,26.19,21.11,19.77,19.40,19.09,18.81,18.57,18.55,18.67,18.90,19.13,19.37,19.62,19.83,19.97,20.21,22.31,26.98,34.33,41.35,46.34,50.76,55.10,58.94,62.26,65.71,69.35,72.92,75.79,78.47,80.43,81.47,82.56,84.00,85.71,87.58,89.40,90.05,89.84,89.15,88.34,88.28,88.73,88.01,85.90,83.91,82.11,81.16,80.78,80.36,79.22,77.17,75.14,73.58,72.07,70.88,69.41,67.53,65.32,62.70,60.44,58.64,57.18,55.37,53.23,51.21,49.34,47.16,44.86,42.51,40.14,37.65,34.42,31.57,27.97,23.21,19.42,16.88,14.61,12.30,10.20,9.53,9.20,8.92,8.67,8.38,8.08,7.85,7.71,7.63,7.49,7.33,7.18,7.04,6.94,6.78,6.58,6.34,6.10,5.80,5.50,5.18,4.87,4.56,4.26,3.96,3.66,3.40,3.12,2.81,2.50,2.19,1.88,1.58,1.29,1.04,0.74,0.48,0.32,e,e,e,e,e,e,e,e,e,e,e,e,e,e,e,e,e,e,e,e,e,e,e,e,e,e,e,e,e,e,e,e,e,e,e,e,e,e,e
18.14,20.61,20.95,20.86,21.28,22.21,23.54,25.07,26.53,27.33,27.49,27.51,27.73,28.25,29.37,31.49,34.14,36.97,39.64,42.00,43.98,44.91,44.44,42.58,39.47,37.15,35.17,33.07,30.59,27.94,25.09,22.44,20.24,18.70,17.26,15.67,14.01,12.59,12.33,12.74,13.98,16.12,18.75,21.88,25.10,27.93,29.32,27.26,24.26,21.84,20.63,20.01,20.35,21.61,23.68,26.35,29.05,32.72,36.93,41.11,45.52,49.64,52.40,52.53,48.65,44.18,40.12,36.75,34.28,32.10,31.75,32.24,32.68,32.84,31.27,28.96,26.47,24.09,22.22,21.64,22.15,23.54,25.76,27.96,31.00,35.44,40.71,44.98,48.93,52.48,54.93,56.82,57.40,55.42,50.03,43.89,38.07,32.50,27.03,21.87,20.06,19.47,19.16,18.86,18.62,18.58,18.72,18.99,19.27,19.54,20.13,20.97,21.81,22.80,24.52,27.63,32.82,39.58,45.15,50.37,55.51,60.00,63.18,66.03,68.71,71.00,72.70,75.06,77.56,79.70,81.29,82.76,84.57,86.66,88.53,88.51,87.32,85.85,84.75,84.34,84.16,83.19,81.25,79.11,77.82,77.39,77.64,78.25,77.87,76.97,75.93,74.81,73.38,72.15,70.91,69.52,67.66,64.63,61.84,59.74,58.42,56.84,54.03,51.07,48.32,45.59,43.00,40.63,38.41,36.21,33.71,31.34,28.25,24.08,20.05,17.02,14.36,11.91,10.11,9.52,9.23,8.97,8.73,8.43,8.12,7.84,7.63,7.51,7.39,7.28,7.17,7.07,7.02,6.96,6.86,6.70,6.50,6.22,5.91,5.59,5.25,4.93,4.62,4.31,4.00,3.69,3.41,3.13,2.82,2.50,2.20,1.89,1.59,1.31,1.01,0.73,0.55,0.36,0.07,0.00,e,e,e,e,e,e,e,e,e,e,e,e,e,e,e,e,e,e,e,e,e,e,e,e,e,e,e,e,e,e,e,e,e,e,e,e
15.14,17.95,18.09,17.97,18.75,20.12,21.77,23.34,24.72,25.05,24.45,23.80,23.79,24.25,25.45,27.76,30.57,33.99,37.73,41.41,44.34,46.73,47.07,45.42,42.40,40.20,37.70,34.60,31.03,27.83,24.86,22.09,19.76,18.37,17.00,15.64,14.32,13.26,13.23,13.72,14.72,16.39,18.94,21.93,25.25,28.47,30.51,29.03,26.30,23.85,22.35,21.37,21.46,22.49,24.28,26.59,28.80,32.12,36.25,40.72,45.67,50.10,52.91,52.82,48.59,44.25,40.84,38.27,36.22,34.46,34.43,35.04,35.35,35.21,33.08,30.42,27.86,25.52,23.98,23.55,23.83,24.59,26.37,28.23,31.00,35.23,40.48,45.15,49.65,53.87,57.15,59.52,59.54,56.66,50.73,44.82,39.05,33.37,27.77,22.67,20.35,19.52,19.22,18.92,18.67,18.60,18.73,19.05,19.35,19.66,20.66,22.29,24.13,25.96,27.19,28.71,31.85,37.77,43.51,49.16,54.87,60.24,63.30,65.58,67.44,68.68,69.56,71.43,74.12,77.20,79.53,81.40,83.35,85.47,87.19,86.36,84.28,82.15,80.75,80.09,79.37,78.35,76.83,74.67,73.73,73.68,74.38,75.72,75.94,76.09,75.98,75.33,74.21,73.00,71.98,71.10,69.92,67.12,64.09,61.74,60.47,59.09,55.95,52.05,48.05,44.51,41.41,38.88,36.68,34.57,32.58,30.46,27.81,24.37,20.41,17.06,14.01,11.41,10.01,9.53,9.28,9.04,8.80,8.49,8.19,7.89,7.62,7.46,7.37,7.29,7.22,7.17,7.17,7.17,7.13,7.05,6.92,6.67,6.38,6.05,5.68,5.35,5.04,4.73,4.41,4.05,3.76,3.48,3.17,2.86,2.54,2.23,1.91,1.60,1.30,1.02,0.75,0.45,0.15,0.08,e,e,e,e,e,e,e,e,e,e,e,e,e,e,e,e,e,e,e,e,e,e,e,e,e,e,e,e,e,e,e,e,e,e,e,e
12.15,14.15,14.20,14.27,15.74,17.95,20.27,21.90,22.67,22.43,21.43,20.41,20.21,20.71,22.18,24.91,27.82,31.40,35.68,40.34,44.39,47.99,49.25,48.11,45.04,42.21,38.66,34.58,30.49,27.52,24.65,21.90,19.58,18.24,16.96,15.73,14.58,13.75,14.09,14.67,15.38,16.50,18.74,21.01,23.97,27.39,30.19,30.00,28.11,26.03,24.55,23.43,23.07,23.55,24.88,26.93,28.94,32.16,36.22,40.72,46.41,51.46,53.97,52.85,48.72,45.02,41.84,39.23,37.52,36.77,37.24,37.99,38.21,37.41,34.84,31.91,29.24,27.12,25.93,25.62,25.71,25.92,26.91,28.48,31.21,35.45,40.63,46.26,51.03,54.90,58.18,60.17,59.98,56.96,50.89,45.06,39.77,34.22,28.37,23.26,20.54,19.55,19.28,18.98,18.68,18.60,18.73,19.05,19.35,19.66,21.01,23.47,26.59,29.04,30.63,31.78,33.31,37.28,42.13,47.26,52.87,59.34,62.31,64.16,65.61,66.54,67.29,68.60,70.54,73.19,76.50,79.64,82.16,84.17,85.68,83.84,81.16,78.62,76.75,76.18,75.99,75.32,73.84,71.63,70.17,70.44,71.82,73.17,73.78,74.16,74.26,74.01,73.73,73.22,72.49,71.58,70.39,68.65,66.16,63.88,62.55,60.99,58.48,54.32,48.94,44.50,40.59,37.59,35.17,32.91,30.78,28.54,26.10,23.33,20.13,17.18,14.08,11.25,9.99,9.63,9.37,9.10,8.86,8.55,8.29,8.02,7.74,7.58,7.49,7.42,7.38,7.42,7.43,7.43,7.39,7.32,7.29,7.13,6.89,6.57,6.25,5.88,5.55,5.24,4.93,4.61,4.26,3.92,3.61,3.30,2.94,2.60,2.30,1.99,1.68,1.34,1.02,0.77,0.47,0.23,0.10,e,e,e,e,e,e,e,e,e,e,e,e,e,e,e,e,e,e,e,e,e,e,e,e,e,e,e,e,e,e,e,e,e,e,e
9.97,11.03,11.04,11.32,13.13,15.66,18.13,19.62,19.96,19.18,17.82,17.08,17.15,18.13,20.03,22.98,26.38,30.32,34.86,39.88,44.67,48.55,50.04,49.15,46.14,42.57,38.60,34.30,30.08,27.24,24.60,22.01,19.75,18.43,17.24,16.06,15.02,14.49,14.97,15.59,16.24,17.11,18.70,20.35,22.88,26.09,29.27,31.41,30.55,28.52,26.79,25.59,24.75,24.82,25.84,27.40,29.13,32.21,36.22,40.88,47.53,52.63,54.87,53.69,49.96,46.85,44.09,41.66,39.99,39.91,40.62,41.30,41.26,39.71,36.83,33.77,31.00,28.79,27.77,27.45,27.41,27.50,28.13,29.77,32.44,36.27,41.30,47.33,52.19,55.86,58.98,60.44,59.64,56.44,50.93,45.64,40.73,35.02,28.70,23.60,20.69,19.58,19.31,19.03,18.73,18.64,18.76,19.05,19.35,19.63,20.85,23.50,27.93,31.24,33.55,35.07,36.09,38.06,41.32,45.46,50.50,56.50,60.30,62.39,63.55,64.39,65.17,66.40,68.20,70.76,74.32,77.97,80.89,82.97,83.90,81.78,78.59,75.39,73.02,72.53,72.86,72.74,71.65,69.68,68.08,68.24,69.58,70.97,71.90,72.40,72.64,72.69,72.62,72.33,71.77,70.85,69.39,67.70,65.86,64.23,63.02,61.64,59.53,55.42,49.55,44.42,40.06,36.72,34.04,31.57,29.25,26.96,24.60,22.11,19.52,17.13,14.58,12.11,10.61,9.86,9.45,9.15,8.89,8.65,8.41,8.14,7.87,7.71,7.62,7.56,7.56,7.63,7.67,7.68,7.65,7.58,7.57,7.48,7.32,7.08,6.77,6.43,6.10,5.78,5.44,5.13,4.79,4.44,4.11,3.79,3.45,3.10,2.77,2.46,2.15,1.84,1.54,1.27,1.00,0.70,0.69,1.09,e,e,e,e,e,e,e,e,e,e,e,e,e,e,e,e,e,e,e,e,e,e,e,e,e,e,e,e,e,e,e,e,e,e
8.17,8.43,8.46,8.97,10.82,13.24,15.44,16.57,16.59,15.54,14.11,13.91,14.52,16.17,18.59,21.66,25.64,30.02,34.79,39.98,45.28,48.89,50.22,49.43,46.47,42.21,38.12,34.04,30.02,27.38,25.13,22.73,20.37,18.83,17.66,16.48,15.55,15.36,15.90,16.55,17.25,18.06,19.04,20.20,22.27,25.07,28.31,32.56,32.95,31.17,29.07,27.71,26.46,26.20,26.99,28.06,29.50,32.44,36.33,40.98,48.36,53.32,55.63,55.15,52.11,49.52,47.18,45.00,43.39,43.76,44.49,44.89,44.36,42.09,38.97,35.91,33.18,30.92,30.00,29.66,29.59,29.82,30.40,32.16,34.63,37.83,42.48,48.34,53.05,56.46,59.18,60.06,58.69,55.49,50.81,46.18,41.55,35.64,28.87,23.80,20.78,19.61,19.34,19.08,18.79,18.70,18.79,19.04,19.34,19.59,20.44,22.88,28.33,32.47,35.73,38.09,39.27,39.74,41.46,44.38,48.34,53.00,57.63,60.16,61.25,62.17,63.08,64.47,66.44,69.16,72.72,76.50,79.68,81.82,82.14,80.02,76.38,72.55,69.75,69.24,69.91,70.30,69.78,68.21,66.63,66.47,67.45,68.87,70.06,70.66,71.04,71.31,71.20,70.88,70.30,69.28,67.46,65.47,64.25,63.40,62.44,61.37,59.48,55.61,49.86,44.30,39.72,36.13,33.18,30.48,27.96,25.61,23.26,20.87,18.75,16.86,14.95,12.99,11.19,10.04,9.49,9.18,8.91,8.73,8.52,8.27,8.00,7.84,7.76,7.73,7.76,7.84,7.91,7.94,7.90,7.84,7.83,7.76,7.69,7.56,7.29,7.00,6.71,6.38,6.02,5.71,5.40,5.07,4.71,4.40,4.10,3.76,3.40,3.09,2.79,2.53,2.26,1.98,1.74,1.48,1.38,1.45,e,e,e,e,e,e,e,e,e,e,e,e,e,e,e,e,e,e,e,e,e,e,e,e,e,e,e,e,e,e,e,e,e,e
6.44,6.67,6.82,7.69,9.11,10.55,11.58,11.87,11.77,11.39,11.00,11.23,12.70,15.08,17.95,21.22,25.47,30.28,35.52,41.18,46.88,49.59,50.38,49.53,46.42,41.81,37.74,34.22,31.21,29.13,27.65,25.34,22.20,19.53,18.12,16.96,16.17,16.30,17.00,17.78,18.56,19.43,20.68,21.66,23.26,25.52,28.27,31.95,34.10,33.90,31.40,29.48,28.13,27.74,28.25,29.22,30.48,33.28,36.80,40.58,47.34,52.47,56.08,57.76,56.03,53.73,51.39,49.42,48.54,49.06,49.36,48.91,47.37,44.55,41.35,38.56,36.38,34.74,33.98,33.80,34.02,34.66,35.64,37.10,38.91,41.31,44.88,49.28,53.06,55.81,57.35,57.81,56.72,54.17,50.25,45.98,41.51,35.63,28.84,23.85,20.81,19.64,19.38,19.10,18.84,18.69,18.75,19.03,19.29,19.52,19.95,21.73,26.93,31.43,35.90,39.63,41.77,42.82,44.38,45.96,47.61,50.22,54.03,56.76,58.41,59.65,60.89,62.55,64.90,68.11,71.95,75.73,78.75,80.72,80.94,78.61,74.72,70.70,67.84,66.92,67.15,67.68,67.85,66.77,65.16,64.62,65.21,66.61,67.89,68.75,69.34,69.69,69.60,69.07,68.00,66.40,64.36,62.47,61.54,61.05,60.44,59.54,57.53,54.14,49.40,44.04,39.66,35.97,32.70,29.82,27.14,24.59,22.13,19.84,17.84,15.94,14.06,12.19,10.50,9.80,9.43,9.14,8.90,8.74,8.56,8.36,8.12,7.97,7.92,7.95,8.01,8.09,8.16,8.18,8.16,8.09,8.08,8.03,7.97,7.93,7.78,7.64,7.43,7.15,6.83,6.57,6.27,5.98,5.70,5.39,5.13,4.83,4.51,4.20,3.94,3.66,3.39,3.15,2.97,2.86,2.88,2.95,2.90,e,e,e,e,e,e,e,e,e,e,e,e,e,e,e,e,e,e,e,e,e,e,e,e,e,e,e,e,e,e,e,e,e
4.67,4.98,5.36,6.41,7.53,8.41,8.86,8.82,8.78,8.87,9.16,9.85,11.85,14.63,17.75,21.17,25.61,30.69,36.49,42.79,48.37,50.34,50.70,49.92,47.25,42.51,38.54,35.52,33.33,31.75,30.49,28.11,24.47,20.72,18.81,17.57,16.88,17.05,17.87,18.81,20.09,21.71,23.04,23.77,24.87,26.55,28.92,32.48,35.54,36.24,33.86,31.73,30.31,29.76,30.03,31.00,31.99,34.19,37.02,40.31,46.81,52.31,56.73,59.68,59.60,57.87,55.54,53.53,52.96,53.36,53.31,52.34,50.16,47.02,44.27,42.30,40.91,39.39,38.87,38.16,37.67,38.22,39.08,40.07,41.24,42.98,46.02,49.22,51.86,53.64,54.27,54.38,53.62,51.80,48.71,44.89,40.58,35.02,28.67,23.74,20.78,19.66,19.41,19.14,18.90,18.70,18.72,18.99,19.23,19.48,19.71,20.95,25.18,29.24,33.71,38.05,41.59,44.12,46.69,48.38,49.21,50.41,52.90,55.02,56.52,57.69,59.01,60.87,63.60,67.30,71.29,74.81,77.54,79.32,79.53,77.14,73.23,69.21,66.17,64.48,64.41,65.07,65.74,65.29,63.67,62.72,62.90,64.26,65.58,66.62,67.33,67.66,67.63,66.95,65.57,63.66,61.55,59.55,58.47,57.95,57.56,57.02,55.27,52.53,48.84,44.33,40.21,36.39,32.74,29.31,26.48,23.81,21.25,18.92,16.83,14.89,13.00,11.26,10.04,9.64,9.38,9.12,8.89,8.74,8.60,8.43,8.22,8.13,8.13,8.17,8.23,8.30,8.38,8.43,8.41,8.35,8.34,8.28,8.25,8.23,8.18,8.11,8.00,7.87,7.73,7.57,7.33,7.05,6.79,6.51,6.25,5.96,5.66,5.38,5.12,4.85,4.63,4.51,4.41,4.41,4.49,4.49,4.09,4.10,2.15,0.40,e,e,e,e,e,e,e,e,e,e,e,e,e,e,e,e,e,e,e,e,e,e,e,e,e,e,e,e,e,e
2.97,3.31,3.98,5.05,6.03,6.74,7.11,7.21,7.38,7.74,8.37,9.52,11.75,14.66,17.88,21.41,25.95,31.24,37.62,44.59,49.63,51.04,51.08,50.49,48.73,44.19,40.43,37.79,36.13,34.95,33.40,30.77,26.93,22.32,19.68,18.28,17.61,17.64,18.50,19.68,21.83,24.64,25.88,26.29,26.92,28.11,30.28,34.18,37.38,38.34,36.52,34.54,33.10,32.35,32.40,33.35,33.96,35.20,37.12,40.22,46.78,52.73,57.51,60.92,62.64,61.77,59.58,57.39,56.74,56.85,56.55,55.30,52.80,49.55,47.57,46.74,46.21,44.41,43.94,42.15,40.29,40.40,40.77,41.25,41.86,43.04,45.86,48.21,49.66,50.32,50.37,50.19,49.69,48.53,46.25,42.93,38.85,33.88,28.35,23.48,20.70,19.66,19.42,19.19,18.96,18.73,18.71,18.94,19.18,19.46,19.68,20.50,23.27,26.42,29.98,34.25,39.30,43.78,48.09,51.05,52.40,52.98,54.09,55.10,55.91,56.70,57.87,59.82,62.80,66.78,70.72,73.83,76.27,77.93,78.05,75.69,71.94,67.99,64.64,62.04,61.79,62.57,63.53,63.76,62.22,60.83,60.54,61.85,63.16,64.30,65.06,65.34,65.40,64.67,63.21,61.25,59.11,56.84,55.27,54.40,54.13,54.02,52.89,50.89,48.17,44.95,41.16,37.22,33.14,28.96,25.93,23.19,20.57,18.09,15.78,13.80,11.93,10.39,9.86,9.59,9.36,9.12,8.89,8.74,8.63,8.48,8.30,8.30,8.36,8.40,8.43,8.50,8.59,8.65,8.66,8.60,8.59,8.53,8.50,8.50,8.48,8.42,8.43,8.49,8.57,8.57,8.41,8.18,7.92,7.70,7.42,7.11,6.82,6.58,6.30,6.06,5.95,5.99,5.98,6.04,6.12,6.16,5.93,4.69,2.46,0.73,e,e,e,e,e,e,e,e,e,e,e,e,e,e,e,e,e,e,e,e,e,e,e,e,e,e,e,e,e,e
1.81,1.66,2.54,3.58,4.59,5.25,5.42,5.62,6.23,7.13,8.22,9.57,11.88,14.85,18.17,21.84,26.31,32.09,38.97,45.97,50.32,51.38,51.28,50.80,49.68,46.57,43.28,40.70,39.18,38.18,36.04,32.84,28.75,24.07,20.54,18.81,18.20,18.14,18.85,20.68,23.80,27.46,28.85,28.98,29.35,30.54,33.09,36.86,39.78,40.85,39.73,38.27,37.10,36.24,35.87,36.43,36.46,36.80,37.85,40.49,46.83,52.82,57.79,61.68,64.69,65.17,63.64,61.55,60.91,60.80,60.17,58.50,55.56,52.35,50.73,50.26,49.98,48.21,46.22,43.43,41.21,41.23,41.63,41.99,42.26,42.76,44.34,46.08,46.84,46.83,46.75,46.41,45.83,44.72,42.73,39.81,36.16,32.14,27.77,23.10,20.59,19.66,19.43,19.20,19.01,18.80,18.74,18.93,19.17,19.42,19.62,20.04,21.45,24.30,27.58,31.61,36.92,42.63,47.99,52.01,54.50,56.04,57.18,57.89,58.34,58.83,59.80,61.48,63.93,67.11,70.36,73.43,76.28,78.16,77.29,74.80,71.09,67.03,63.36,60.59,60.02,60.59,61.55,62.04,61.12,59.36,58.27,59.49,60.80,61.98,62.77,63.08,63.36,62.90,61.58,59.59,57.25,54.76,52.59,51.25,51.06,51.04,50.44,49.12,47.11,44.75,41.64,37.77,33.38,28.92,25.45,22.56,19.94,17.46,15.04,12.81,11.06,9.98,9.76,9.57,9.35,9.12,8.89,8.74,8.64,8.52,8.38,8.43,8.54,8.62,8.67,8.75,8.83,8.87,8.88,8.86,8.85,8.79,8.75,8.75,8.75,8.73,8.73,8.75,8.78,8.87,8.90,8.89,8.88,8.82,8.56,8.28,8.02,7.76,7.62,7.53,7.50,7.56,7.58,7.68,7.78,7.82,7.66,6.81,4.79,2.69,1.54,e,e,e,e,0.01,0.20,0.39,0.50,e,e,e,e,e,e,e,e,e,e,e,e,e,e,e,e,e,e,e,e,e
0.40,0.69,1.65,2.25,3.09,3.78,4.05,4.57,5.56,6.84,8.26,9.80,12.21,15.21,18.59,22.40,26.81,33.00,40.08,46.83,50.70,51.58,51.43,51.01,50.34,48.60,46.01,43.54,41.85,40.56,37.90,34.25,29.95,25.35,21.18,19.23,18.70,18.65,19.18,21.62,25.47,29.60,31.17,31.46,32.01,33.41,36.05,39.48,42.30,43.67,43.27,42.59,41.70,40.76,40.02,39.94,39.41,39.09,39.54,41.83,47.52,52.94,57.64,61.76,65.74,67.98,67.65,65.97,65.14,64.78,63.94,62.00,58.77,55.59,53.84,52.92,52.10,50.20,47.39,44.15,41.79,41.62,41.84,42.00,42.02,42.03,42.54,43.53,43.74,43.29,42.95,42.40,41.59,40.34,38.46,35.92,33.13,30.24,26.95,22.70,20.48,19.66,19.43,19.20,19.04,18.83,18.77,18.93,19.16,19.38,19.56,19.75,20.32,22.88,26.04,30.02,35.44,41.88,47.77,52.51,56.03,58.61,60.22,61.03,61.43,61.86,62.83,64.27,66.20,68.60,71.04,73.77,76.73,78.60,76.64,73.92,70.25,66.14,62.25,59.51,58.61,58.85,59.69,60.23,59.64,57.71,56.09,56.95,58.16,59.45,60.39,60.84,61.30,61.04,59.84,57.87,55.44,52.88,50.52,48.97,48.71,48.64,48.26,47.36,45.94,44.12,41.63,37.97,33.51,28.95,25.13,22.02,19.31,16.84,14.33,11.91,10.37,9.75,9.65,9.50,9.31,9.10,8.90,8.76,8.65,8.56,8.50,8.57,8.70,8.81,8.90,8.98,9.05,9.09,9.11,9.11,9.10,9.05,9.00,9.00,9.00,9.00,9.00,8.99,8.95,9.03,9.16,9.29,9.44,9.52,9.39,9.40,9.47,9.40,9.40,9.40,9.44,9.56,9.89,10.29,10.50,10.49,10.30,9.62,7.67,5.04,2.77,e,e,e,e,0.12,0.30,0.49,0.60,e,e,e,e,e,e,e,e,e,e,e,e,e,e,e,e,e,e,e,e,e
e,e,e,1.01,1.56,2.33,3.17,4.32,5.54,6.89,8.43,10.26,12.79,15.76,19.15,23.09,27.51,33.86,40.77,47.01,50.74,51.66,51.55,51.16,50.70,49.91,48.16,45.97,43.74,41.58,38.63,34.81,30.40,25.92,21.57,19.61,19.21,19.27,19.70,22.54,26.68,30.79,32.49,33.53,34.82,36.53,38.75,41.74,44.78,46.73,47.09,47.38,46.76,45.80,44.79,43.91,42.95,42.29,42.54,44.68,49.22,53.32,57.16,61.16,65.76,70.10,71.57,70.72,69.47,68.76,67.83,65.85,62.48,59.23,56.80,54.55,52.26,49.95,47.64,44.72,42.29,41.69,41.30,41.10,40.92,40.71,40.58,40.58,40.26,39.59,38.78,37.94,36.81,35.33,33.48,31.40,29.95,28.30,25.86,22.28,20.38,19.66,19.43,19.20,19.04,18.83,18.77,18.94,19.16,19.34,19.50,19.67,20.15,22.26,25.41,29.64,35.30,41.93,47.79,52.81,57.00,60.34,62.70,63.99,64.69,65.36,66.59,67.95,69.58,71.50,73.17,75.05,77.50,78.92,75.99,72.95,69.34,65.32,61.36,58.73,57.48,57.34,57.95,58.30,57.52,55.70,54.04,54.13,55.13,56.63,57.88,58.59,59.15,58.91,57.75,55.85,53.58,51.14,49.16,47.82,47.26,47.06,46.47,45.68,44.66,43.08,41.00,37.71,33.48,28.96,25.03,21.61,18.69,16.20,13.61,11.18,9.91,9.68,9.53,9.38,9.22,9.06,8.90,8.81,8.69,8.63,8.69,8.76,8.85,8.97,9.09,9.17,9.25,9.32,9.36,9.36,9.36,9.30,9.26,9.26,9.26,9.26,9.26,9.26,9.25,9.20,9.25,9.37,9.52,9.66,9.78,10.42,11.29,11.73,11.86,11.91,11.98,12.28,13.34,14.30,14.71,14.60,14.23,13.08,10.92,8.19,5.39,3.00,2.33,0.13,0.16,0.34,0.56,0.75,0.81,0.66,e,e,e,e,e,e,e,e,e,e,e,e,e,e,e,e,e,e,e,e
e,e,e,0.70,1.10,1.71,2.99,4.45,5.90,7.40,9.13,11.47,14.01,16.62,19.71,23.77,28.17,34.28,40.63,46.21,50.05,51.38,51.52,51.19,50.77,50.19,47.99,45.20,42.61,40.29,37.56,34.26,30.42,26.24,23.04,21.45,20.97,21.28,22.54,25.34,28.59,31.45,33.05,34.42,35.96,37.73,39.82,43.01,46.37,48.79,49.70,50.23,50.23,49.78,49.02,48.25,47.60,47.11,47.38,49.38,53.18,56.17,59.28,63.15,67.63,72.43,75.28,76.04,75.25,73.69,71.83,69.17,65.17,60.63,57.85,55.17,52.14,49.45,47.30,44.88,42.73,41.63,40.61,39.84,39.23,38.66,37.71,36.29,35.04,34.11,33.49,32.92,32.19,31.23,30.02,28.88,27.98,26.63,24.54,21.78,20.23,19.63,19.43,19.20,19.04,18.86,18.82,18.98,19.17,19.33,19.48,19.66,20.12,22.21,25.46,29.83,35.59,42.41,48.39,53.47,57.75,61.47,64.60,66.60,67.78,68.61,69.71,71.06,72.55,74.10,75.61,77.17,78.53,78.70,75.81,72.75,69.09,65.00,60.95,58.43,56.75,56.05,56.12,55.92,54.87,53.31,51.91,51.54,52.02,53.56,55.04,55.91,56.62,56.41,55.35,53.66,51.60,49.65,47.95,46.61,45.77,45.28,44.59,43.83,43.00,41.74,39.75,36.66,32.78,28.55,24.57,21.16,18.27,15.83,13.34,11.02,9.85,9.66,9.52,9.39,9.25,9.10,8.96,8.88,8.80,8.80,8.88,8.95,9.03,9.15,9.29,9.37,9.48,9.57,9.62,9.62,9.62,9.58,9.55,9.51,9.51,9.51,9.54,9.57,9.56,9.49,9.46,9.51,9.63,9.76,10.18,11.58,13.46,14.71,15.18,15.68,16.37,17.29,18.35,18.85,18.91,18.67,18.27,17.40,15.18,11.73,7.52,4.23,2.33,0.48,0.41,0.59,0.81,1.01,1.12,1.10,0.67,0.40,e,e,e,e,e,e,e,e,e,e,e,e,e,e,e,e,e,e
e,e,e,e,0.85,1.50,3.10,4.76,6.40,8.04,10.00,12.89,15.47,17.76,20.52,24.49,28.83,34.45,40.15,45.20,49.06,50.93,51.38,51.11,50.63,49.72,46.90,43.55,40.76,38.50,36.12,33.48,30.50,27.14,25.36,24.32,23.86,24.31,26.00,28.26,30.27,31.80,33.27,34.83,36.47,38.19,40.23,43.61,47.11,49.80,51.17,51.80,52.47,52.70,52.50,52.32,52.10,51.97,52.49,54.43,57.64,59.94,62.63,66.37,70.54,74.99,78.28,80.00,79.75,77.78,74.95,71.41,67.00,61.89,59.16,56.50,53.24,50.18,47.74,45.39,43.17,41.32,39.71,38.33,37.19,36.13,34.52,32.26,30.50,29.47,29.04,28.71,28.39,27.92,27.28,26.95,26.34,25.06,23.16,21.17,20.06,19.61,19.43,19.20,19.04,18.90,18.88,19.02,19.18,19.33,19.48,19.66,20.13,22.34,25.79,30.24,35.79,42.30,48.72,54.04,58.21,62.17,66.01,68.75,70.49,71.54,72.56,74.00,75.42,76.64,77.92,79.11,79.48,78.60,75.90,72.86,69.19,65.02,60.84,58.34,56.31,54.99,54.35,53.64,52.44,51.18,50.12,49.53,49.59,50.92,52.33,53.21,53.99,53.80,52.89,51.45,49.70,48.19,46.68,45.30,44.27,43.52,42.78,42.05,41.33,40.34,38.27,35.33,31.81,27.93,23.92,20.63,17.92,15.60,13.22,11.09,9.96,9.70,9.55,9.45,9.32,9.17,9.04,8.94,8.93,8.97,9.05,9.13,9.21,9.34,9.46,9.56,9.70,9.88,10.01,10.09,10.31,10.34,10.28,10.21,10.21,10.21,10.27,10.33,10.33,10.25,10.05,9.95,10.04,10.28,11.06,13.04,15.63,17.67,18.72,19.90,21.28,22.62,23.28,23.03,22.58,22.16,21.65,20.94,18.62,14.52,9.03,5.27,2.29,0.74,0.75,0.88,1.08,1.26,1.44,1.54,0.88,0.58,e,e,e,e,e,e,e,e,e,e,e,e,e,e,e,e,e,e
e,e,e,e,1.04,1.75,3.50,5.30,7.01,8.73,10.90,14.34,17.14,19.48,21.98,25.32,29.54,34.30,39.39,44.33,47.80,50.26,51.09,50.83,50.10,48.02,45.00,41.85,39.13,37.02,34.97,32.91,31.01,29.73,29.09,28.87,28.86,29.02,29.46,30.13,30.84,31.71,33.15,34.78,36.43,38.10,40.02,43.13,46.27,48.82,50.45,51.42,52.59,53.56,54.39,55.42,55.41,55.84,57.03,59.09,61.80,64.36,67.34,71.03,74.90,78.03,79.61,80.00,79.89,79.03,75.63,71.24,67.29,64.40,62.49,60.45,57.78,54.28,50.67,47.14,43.69,40.48,38.35,36.47,34.66,32.89,31.13,29.85,28.95,28.27,27.63,27.02,26.57,26.05,25.39,25.16,24.71,23.53,21.76,20.36,19.82,19.61,19.43,19.20,19.04,18.93,18.92,19.02,19.18,19.33,19.48,19.66,20.16,22.58,26.41,30.83,35.45,40.38,47.94,54.13,58.05,62.14,66.52,69.93,72.30,73.82,75.15,76.81,78.29,79.21,79.66,80.00,80.02,79.15,76.36,73.26,69.70,65.59,61.20,58.46,56.33,54.43,52.82,51.91,50.92,49.99,49.24,48.87,49.01,49.57,50.19,50.74,51.40,51.23,50.47,49.36,48.09,46.66,45.18,43.82,42.74,41.94,41.22,40.55,39.88,38.96,36.68,33.81,30.62,26.99,22.98,19.95,17.60,15.51,13.17,11.36,10.28,9.83,9.68,9.53,9.38,9.25,9.15,9.02,9.03,9.10,9.18,9.26,9.38,9.50,9.61,9.74,9.84,10.31,10.77,11.13,12.15,12.30,12.17,12.06,12.06,12.06,12.15,12.26,12.29,12.17,11.51,11.07,11.21,11.88,13.19,15.16,17.59,20.12,22.29,24.43,26.24,27.23,26.88,25.85,24.88,24.12,23.23,21.80,19.23,15.03,9.18,5.24,2.59,1.27,1.18,1.21,1.35,1.51,1.69,1.85,1.57,0.84,0.20,e,e,e,e,e,e,e,e,e,e,e,e,e,e,e,e,e
e,e,e,e,1.50,2.23,4.03,5.90,7.70,9.76,12.40,15.94,19.11,21.85,24.39,27.07,30.59,34.74,39.30,43.87,47.37,49.85,50.73,50.44,49.39,46.83,43.82,40.91,38.44,36.55,34.80,33.21,31.94,31.32,30.91,30.92,31.10,31.21,31.29,31.41,31.59,32.02,33.13,34.67,36.29,37.91,39.66,42.11,44.61,46.57,47.80,49.02,50.40,51.71,53.05,54.74,56.00,57.52,59.39,61.57,64.11,66.86,70.02,73.69,77.49,79.39,80.02,80.04,79.95,79.50,76.33,72.25,69.10,67.50,65.88,63.50,60.17,55.96,51.65,47.76,44.24,41.10,39.03,37.35,35.79,34.07,31.62,29.86,28.86,28.27,27.56,26.94,26.45,25.88,25.14,24.36,23.42,22.24,20.96,20.05,19.76,19.61,19.44,19.25,19.09,18.99,18.96,19.03,19.18,19.33,19.48,19.65,20.09,22.23,26.16,30.66,34.88,39.23,47.14,53.57,57.35,61.37,65.72,69.32,72.00,73.80,75.55,77.39,78.98,79.96,80.17,80.27,80.18,79.33,76.62,73.65,70.24,66.16,61.61,58.66,56.34,54.10,52.05,50.86,49.95,49.15,48.48,48.13,48.22,48.57,48.95,49.28,49.63,49.40,48.61,47.49,46.41,45.06,43.62,42.30,41.30,40.60,39.97,39.38,38.73,37.67,35.45,32.61,29.39,25.77,21.92,19.26,17.22,15.34,13.43,11.96,10.89,10.18,9.83,9.64,9.47,9.32,9.23,9.12,9.15,9.23,9.31,9.42,9.54,9.63,9.78,10.09,10.53,11.25,11.95,12.59,13.93,14.71,15.00,15.01,15.10,15.02,15.06,15.12,15.04,14.89,14.26,13.84,14.03,14.77,16.00,17.80,20.12,22.88,25.57,27.66,29.15,29.81,29.15,27.95,26.44,24.79,23.25,21.45,18.22,13.77,8.80,5.52,3.11,1.80,1.63,1.62,1.69,1.79,1.94,2.14,2.13,1.41,0.64,0.09,e,e,e,e,e,e,e,e,e,e,e,e,e,e,e,e
e,e,e,e,2.23,3.05,4.84,6.73,8.65,11.10,14.17,17.76,21.58,24.73,27.20,29.30,31.99,35.60,39.60,43.61,47.04,49.30,50.18,49.95,48.67,46.01,43.10,40.45,38.29,36.65,35.18,33.96,33.06,32.44,31.90,31.93,32.21,32.34,32.45,32.48,32.49,32.62,33.23,34.54,36.10,37.68,39.17,40.84,42.54,43.76,44.37,45.60,46.98,48.49,50.23,52.42,55.09,57.91,60.55,62.83,65.31,68.20,71.41,74.95,78.67,79.81,80.04,80.08,79.98,79.66,77.08,73.87,71.67,70.78,68.91,65.66,61.26,56.38,51.72,48.01,45.05,42.66,41.04,39.90,38.86,37.34,34.26,31.63,30.05,29.17,28.28,27.73,27.24,26.67,25.86,24.44,22.86,21.53,20.59,19.98,19.76,19.61,19.46,19.30,19.15,19.05,19.00,19.03,19.18,19.33,19.48,19.64,19.97,21.55,25.45,30.11,34.30,38.55,46.26,52.58,56.33,60.23,64.29,67.82,70.60,72.53,74.54,76.43,78.08,79.30,79.84,80.16,80.17,79.37,76.78,73.95,70.69,66.66,61.97,58.82,56.31,53.88,51.65,50.20,49.33,48.58,47.91,47.45,47.39,47.70,48.04,48.21,48.23,47.91,47.03,45.80,44.73,43.45,42.08,40.85,40.00,39.41,38.86,38.36,37.71,36.39,34.31,31.55,28.28,24.61,21.00,18.71,17.00,15.38,13.98,12.80,11.70,10.69,9.99,9.76,9.56,9.39,9.30,9.23,9.26,9.34,9.44,9.58,9.68,9.82,10.09,10.67,11.52,12.43,13.27,14.15,15.61,17.11,18.13,18.66,18.96,18.84,18.75,18.63,18.39,18.17,17.73,17.43,17.52,18.15,19.09,20.71,23.00,25.80,28.53,30.21,31.11,31.31,30.53,29.23,27.15,24.58,22.40,20.28,16.38,11.88,8.40,5.96,3.71,2.34,2.08,2.06,2.06,2.12,2.23,2.42,2.57,2.08,1.19,0.25,e,e,e,e,e,e,e,e,e,e,e,e,e,e,e,e
e,e,e,0.60,2.73,4.83,6.59,8.32,10.49,13.05,16.10,20.12,25.52,28.52,30.10,31.91,34.13,37.09,40.35,43.47,45.73,47.80,48.99,49.20,48.28,45.75,43.03,40.63,38.71,37.32,36.06,35.05,34.24,33.34,32.74,32.91,33.34,33.45,33.63,33.67,33.67,33.64,33.59,34.49,35.91,37.37,38.41,39.41,40.22,40.75,40.99,41.55,42.52,44.28,46.82,49.77,52.74,56.74,60.59,62.88,65.16,68.06,71.10,74.09,77.20,79.23,80.04,80.09,80.06,79.91,78.05,75.92,74.75,73.79,70.44,65.86,60.80,55.81,51.40,48.61,46.86,45.53,44.95,44.48,43.49,41.62,38.96,36.37,33.88,31.63,30.03,29.29,28.89,28.48,27.75,26.38,24.63,22.68,20.88,19.98,19.74,19.64,19.52,19.37,19.21,19.12,19.05,19.03,19.18,19.33,19.48,19.64,19.86,20.49,24.27,29.37,34.03,38.53,45.14,50.85,54.91,58.91,62.55,65.72,68.28,70.07,71.65,73.07,74.50,76.13,78.21,79.61,80.12,79.42,76.80,73.97,70.78,66.79,62.02,58.70,56.13,53.69,51.43,49.94,49.17,48.57,47.89,47.09,46.66,46.77,46.97,47.02,47.01,46.56,45.66,44.45,43.22,41.92,40.73,39.75,39.06,38.45,37.90,37.40,36.68,35.05,32.93,30.55,27.75,24.19,20.81,18.81,17.51,16.38,15.17,14.01,12.78,11.45,10.12,9.81,9.66,9.50,9.37,9.29,9.33,9.41,9.50,9.65,9.79,10.21,10.93,11.84,12.77,13.70,14.52,15.37,17.04,18.71,20.93,23.23,24.12,24.16,23.74,23.21,22.80,22.27,21.93,21.49,21.04,21.34,22.12,23.88,26.34,28.82,30.74,32.14,32.60,31.83,30.57,28.50,25.82,22.99,20.77,17.87,13.88,10.36,8.75,6.53,4.32,2.91,2.53,2.51,2.51,2.55,2.63,2.70,2.84,2.65,1.99,1.03,e,e,e,e,e,e,e,e,e,e,e,e,e,e,e,e
e,e,e,1.39,3.69,6.51,8.63,10.45,12.77,15.37,18.34,22.27,27.81,30.75,32.13,33.68,35.31,37.39,39.70,41.95,43.61,45.51,46.80,47.44,47.37,45.61,43.28,41.13,39.48,38.19,37.07,36.10,35.20,34.19,33.57,33.81,34.34,34.57,34.82,34.88,34.88,34.78,34.37,34.61,35.56,36.76,37.56,38.19,38.60,38.88,39.12,39.49,40.18,41.84,44.47,47.47,50.41,54.73,58.97,61.29,63.38,66.24,69.11,71.59,73.92,76.80,78.97,80.08,80.12,80.06,79.04,77.97,77.32,75.66,71.39,66.10,60.90,56.95,54.16,52.23,50.95,50.30,49.79,49.22,48.20,46.44,43.80,41.14,38.52,36.03,33.93,32.68,31.66,30.74,29.84,28.53,26.71,24.44,22.07,20.57,19.95,19.71,19.59,19.43,19.28,19.18,19.09,19.03,19.14,19.30,19.45,19.60,19.77,19.96,23.27,28.29,33.41,37.95,43.46,48.69,53.15,57.15,60.55,62.90,64.67,66.43,67.97,69.29,70.87,73.11,76.03,78.34,79.20,78.47,76.08,73.37,70.15,66.19,61.70,58.60,56.12,53.75,51.55,50.20,49.41,48.73,47.94,47.00,46.28,45.96,45.83,45.79,45.78,45.23,44.29,43.11,41.89,40.73,39.75,38.94,38.30,37.66,37.07,36.51,35.73,34.14,32.31,30.46,28.17,24.84,21.77,19.80,18.52,17.56,16.39,15.05,13.59,11.99,10.34,9.88,9.72,9.59,9.48,9.39,9.41,9.47,9.57,9.71,9.85,10.61,11.87,13.20,14.19,15.11,15.87,16.55,17.97,19.92,23.13,26.91,29.11,29.84,29.47,28.73,28.10,27.17,26.30,25.32,24.37,24.29,24.98,26.87,29.45,31.77,33.08,33.29,32.63,31.21,29.34,26.77,23.86,20.95,18.40,15.14,11.90,9.68,9.01,7.06,4.91,3.46,2.98,2.95,2.95,3.00,3.05,3.06,3.15,3.15,2.72,1.81,1.32,1.10,e,e,e,e,e,e,e,e,e,e,e,e,e,e
e,e,e,2.75,5.06,8.12,10.82,12.92,15.30,17.92,20.78,24.18,28.63,31.45,33.09,34.38,35.34,36.45,37.78,39.31,40.88,42.67,43.99,45.00,45.99,45.43,43.70,41.86,40.48,39.16,38.11,37.07,35.98,35.01,34.39,34.63,35.24,35.67,35.99,36.08,36.09,35.97,35.46,34.97,35.24,36.05,36.79,37.34,37.73,38.11,38.59,39.24,39.95,41.42,43.65,46.09,48.65,52.43,56.24,58.65,60.62,63.31,65.96,68.09,69.84,73.44,77.31,80.05,80.17,80.13,79.94,79.76,79.24,76.69,72.19,66.89,62.08,59.80,59.26,58.05,56.70,56.24,54.98,53.81,52.77,51.40,48.51,45.65,43.38,41.39,38.94,36.98,34.95,33.13,31.83,30.52,28.71,26.40,23.84,21.67,20.40,19.86,19.65,19.50,19.34,19.25,19.14,19.04,19.10,19.23,19.38,19.54,19.70,19.85,22.39,26.90,32.46,36.80,41.29,46.04,50.77,54.80,58.10,59.47,60.20,62.04,63.85,65.41,67.51,70.48,73.62,76.55,77.55,76.66,74.69,72.20,68.92,65.05,61.09,58.56,56.28,54.01,51.97,50.84,49.94,49.02,48.06,47.13,46.21,45.36,44.78,44.63,44.58,43.92,42.95,41.84,40.79,39.89,39.12,38.41,37.72,37.03,36.38,35.73,34.91,33.63,32.33,31.03,29.22,26.25,23.54,21.44,19.90,18.81,17.52,15.88,14.14,12.37,10.66,9.97,9.76,9.68,9.60,9.53,9.51,9.55,9.64,9.78,9.89,10.98,12.80,14.58,15.70,16.63,17.31,17.75,18.67,21.02,24.95,29.72,33.60,35.43,35.48,34.75,33.92,32.53,30.72,28.95,27.58,27.14,27.88,29.85,32.40,34.44,35.14,33.60,31.46,29.62,27.13,24.34,21.48,18.55,15.53,12.42,10.50,9.62,9.14,7.54,5.48,3.98,3.43,3.40,3.40,3.44,3.50,3.50,3.51,3.60,3.35,2.48,1.46,1.18,e,e,e,e,e,e,e,e,e,e,e,e,e,e
e,e,1.43,3.75,6.68,9.91,12.83,15.28,17.81,20.31,22.88,25.80,28.52,30.41,31.70,32.63,33.23,33.81,34.79,36.26,37.84,39.89,41.66,43.12,44.36,44.63,43.86,42.72,41.56,40.14,38.98,37.89,36.80,35.83,35.18,35.40,36.07,36.64,37.02,37.22,37.26,37.07,36.55,35.99,35.84,36.16,36.88,37.59,38.19,38.75,39.42,40.59,42.27,44.59,47.10,48.67,49.86,51.72,54.17,56.80,58.97,61.00,63.09,65.42,68.39,72.79,77.10,80.04,80.18,80.22,80.17,80.11,79.75,77.95,74.28,70.19,66.63,64.64,64.20,63.40,62.13,60.66,58.58,57.42,56.52,55.11,52.37,49.55,46.84,44.08,41.02,38.66,36.51,34.53,32.81,31.26,29.51,27.43,25.12,23.06,21.35,20.27,19.71,19.56,19.41,19.30,19.22,19.13,19.11,19.19,19.32,19.48,19.63,19.79,21.28,25.13,31.29,35.13,38.62,42.19,46.13,50.90,54.06,55.44,56.34,58.18,59.99,62.10,64.98,68.67,72.03,74.84,75.53,74.36,72.55,70.43,67.44,63.88,60.42,58.61,56.55,54.42,52.58,51.51,50.42,49.41,48.45,47.47,46.45,45.45,44.64,44.05,43.48,42.77,41.98,41.16,40.34,39.57,38.89,38.23,37.52,36.78,36.02,35.27,34.47,33.51,32.48,31.35,29.88,27.66,25.14,23.13,21.44,19.87,18.20,16.36,14.54,12.76,11.05,10.13,9.84,9.80,9.73,9.70,9.69,9.70,9.75,9.86,10.10,11.38,13.41,15.43,17.10,18.10,18.66,19.11,20.24,23.09,27.07,31.67,36.19,39.39,40.21,39.77,39.04,37.27,34.84,32.61,31.05,30.59,31.88,33.78,35.44,35.83,34.56,32.27,29.68,27.14,24.42,21.59,18.69,15.70,12.73,10.80,9.88,9.50,9.12,7.98,6.06,4.51,3.88,3.84,3.84,3.89,3.94,3.94,3.94,4.01,3.87,3.21,2.16,1.45,0.90,e,e,e,e,e,e,e,e,e,e,e,e,e
e,e,1.86,4.72,8.03,11.22,14.19,17.00,19.59,21.79,23.73,25.76,27.02,28.16,29.18,29.90,30.38,30.74,31.57,33.03,34.76,37.11,39.37,41.27,42.62,43.31,43.16,42.60,41.82,40.63,39.49,38.42,37.39,36.43,35.89,36.18,36.89,37.55,38.02,38.36,38.45,38.21,37.66,37.12,36.66,36.57,37.30,38.15,39.09,40.08,41.22,42.97,45.48,48.55,51.42,52.43,52.45,52.76,53.77,55.65,57.66,59.27,61.20,64.02,68.04,73.08,77.40,80.04,80.19,80.30,80.27,80.20,79.98,79.08,76.81,74.32,72.02,69.86,68.94,68.25,67.12,65.03,62.49,61.06,59.86,58.13,55.19,52.08,48.80,45.35,41.89,39.33,37.12,35.01,32.93,31.01,29.28,27.44,25.47,23.58,21.75,20.45,19.75,19.60,19.46,19.38,19.32,19.24,19.17,19.16,19.26,19.41,19.57,19.72,20.40,23.27,28.94,32.54,35.55,38.35,41.50,46.00,49.11,51.07,52.82,55.23,57.55,60.14,63.36,67.22,70.80,73.27,73.62,72.27,70.44,68.42,65.72,62.67,59.88,58.54,56.76,54.86,53.22,52.12,50.91,49.83,48.83,47.79,46.72,45.67,44.73,43.86,42.92,42.11,41.41,40.78,40.08,39.39,38.70,38.01,37.28,36.49,35.66,34.84,34.05,33.29,32.42,31.43,30.21,28.55,26.25,24.34,22.57,20.69,18.78,16.84,15.10,13.54,12.01,10.93,10.32,10.02,9.92,9.90,9.90,9.90,9.94,10.13,10.64,12.11,14.24,16.47,18.66,20.14,21.13,21.98,23.43,26.17,29.62,33.62,38.23,42.38,44.17,44.37,43.76,41.84,39.00,36.49,34.95,34.69,36.11,37.43,37.73,36.17,33.30,30.43,27.54,24.49,21.67,18.80,15.85,12.97,10.76,9.85,9.52,9.34,9.04,8.35,6.59,5.05,4.36,4.29,4.29,4.33,4.39,4.39,4.39,4.43,4.29,3.75,2.85,1.79,1.21,e,e,e,e,e,e,e,e,e,e,e,e,e
e,e,2.91,5.80,8.89,11.82,14.69,17.77,20.26,21.93,22.90,23.55,23.86,24.66,25.65,26.38,27.00,27.46,28.29,29.72,31.75,34.32,36.96,39.27,40.73,41.37,41.29,41.06,40.89,40.39,39.51,38.55,37.59,36.69,36.49,36.95,37.70,38.39,39.05,39.58,39.77,39.53,38.90,38.28,37.58,37.23,37.99,38.88,40.30,42.06,44.06,46.33,49.26,52.71,55.84,56.78,56.19,55.73,55.48,55.36,56.69,58.26,60.61,64.12,68.51,73.94,77.97,80.04,80.20,80.35,80.34,80.26,80.17,79.94,79.49,78.78,77.47,74.88,73.23,72.30,71.28,69.33,66.84,64.65,62.63,60.33,56.71,52.83,49.02,45.31,41.77,39.19,36.83,34.49,32.15,29.80,28.01,26.38,24.73,22.98,21.32,20.27,19.75,19.61,19.52,19.49,19.45,19.37,19.29,19.17,19.20,19.35,19.51,19.66,19.91,21.46,25.16,28.96,32.17,34.96,37.56,40.42,43.66,46.72,49.87,53.57,57.07,59.97,62.85,66.14,69.89,71.87,71.96,70.63,68.57,66.29,63.81,61.44,59.53,58.28,56.83,55.29,53.83,52.62,51.39,50.22,49.11,48.03,46.95,45.88,44.90,44.02,43.05,42.07,41.29,40.65,39.95,39.25,38.47,37.66,36.89,36.06,35.21,34.37,33.55,32.84,32.06,31.22,30.18,28.69,26.71,24.91,23.12,21.22,19.38,17.45,15.97,14.87,13.69,12.54,11.31,10.39,10.19,10.16,10.16,10.17,10.26,10.66,11.60,13.24,15.40,17.83,20.39,22.93,25.08,26.75,28.54,30.42,32.73,35.81,40.02,44.45,47.27,48.42,47.94,46.20,43.23,40.68,39.39,39.45,40.27,40.34,38.91,35.34,31.67,28.30,25.04,21.83,18.94,16.03,13.07,10.62,9.91,9.54,9.33,9.15,8.91,8.60,7.08,5.60,4.86,4.75,4.73,4.78,4.83,4.83,4.83,4.83,4.60,4.01,3.40,2.52,1.58,0.76,e,e,e,e,e,e,e,e,e,e,e,e
e,e,3.31,6.14,9.20,12.08,14.78,17.29,19.13,20.26,20.83,21.03,21.02,21.34,21.84,22.33,23.08,24.16,25.53,27.19,29.15,31.40,33.89,36.22,37.69,38.52,38.64,38.70,38.97,38.97,38.58,37.97,37.22,36.50,36.75,37.47,38.30,39.20,40.70,42.11,42.83,42.55,41.33,39.66,38.47,38.02,38.48,39.30,41.59,44.42,47.02,49.18,52.52,56.14,59.02,59.67,59.03,58.13,57.19,56.46,57.25,58.62,60.85,64.16,68.17,73.23,77.50,80.04,80.20,80.39,80.43,80.38,80.30,80.18,80.09,79.89,79.09,76.76,74.59,72.84,71.11,68.84,66.22,64.18,62.34,60.13,56.66,52.61,48.70,45.02,41.52,38.92,36.57,34.27,32.01,29.76,27.99,26.41,24.97,23.79,21.63,20.28,19.78,19.71,19.67,19.63,19.57,19.49,19.37,19.26,19.25,19.34,19.50,19.65,19.80,20.73,23.22,26.85,30.27,33.49,36.58,39.56,43.29,46.98,50.63,54.50,58.23,61.00,63.52,66.28,69.29,70.57,70.40,69.15,67.13,64.93,62.71,60.70,59.13,57.93,56.50,55.07,53.77,52.61,51.43,50.23,49.07,48.03,46.95,45.88,44.87,43.98,43.10,42.12,41.26,40.49,39.68,38.89,38.06,37.23,36.41,35.60,34.77,33.92,33.09,32.35,31.62,30.86,29.96,28.68,27.03,25.36,23.65,21.95,20.50,19.18,17.86,16.49,15.09,13.74,12.30,11.09,10.54,10.47,10.47,10.57,10.91,11.71,12.81,14.21,15.95,18.21,21.25,24.96,28.25,30.59,32.82,34.70,36.54,38.73,42.04,46.42,48.95,49.84,49.68,48.80,47.02,45.23,43.92,43.28,42.69,41.44,38.78,33.90,29.70,26.06,22.61,19.25,16.23,13.28,11.09,9.89,9.61,9.38,9.17,8.97,8.78,8.59,7.42,6.17,5.40,5.21,5.18,5.22,5.28,5.28,5.28,5.14,4.78,4.21,3.66,2.96,2.12,1.32,0.69,e,e,e,e,e,e,e,e,e,e,e
e,e,3.38,6.13,9.22,12.03,14.34,16.04,17.23,17.97,18.30,18.27,18.13,18.10,18.20,18.52,19.48,21.16,23.02,24.88,26.74,28.58,30.71,32.79,34.17,35.17,35.58,36.02,36.77,37.16,37.30,37.16,36.78,36.46,37.08,37.96,38.92,40.21,42.77,45.13,46.53,46.51,44.79,42.04,40.00,39.00,38.93,39.59,42.67,46.51,49.67,51.83,55.44,58.94,61.36,61.95,61.39,60.19,58.84,57.92,58.27,59.51,61.60,64.55,67.93,72.27,76.59,79.71,80.18,80.46,80.50,80.45,80.35,80.21,80.12,79.93,79.19,77.01,74.42,71.90,69.40,66.74,64.01,62.24,60.69,58.74,55.82,52.02,48.27,44.78,41.52,38.94,36.65,34.45,32.28,30.16,28.32,26.80,25.76,25.40,23.02,21.24,20.38,20.07,19.96,19.83,19.70,19.59,19.46,19.36,19.31,19.34,19.50,19.64,19.79,20.32,21.94,25.46,29.27,33.05,36.76,40.32,44.52,48.58,52.41,56.13,59.62,62.06,64.19,66.47,68.74,69.48,69.04,67.77,65.86,63.86,61.87,60.08,58.63,57.37,55.90,54.47,53.22,52.12,51.04,49.93,48.83,47.80,46.74,45.64,44.59,43.64,42.84,41.91,41.03,40.20,39.30,38.45,37.60,36.76,35.93,35.14,34.30,33.46,32.63,31.87,31.16,30.45,29.61,28.50,27.15,25.68,24.16,22.72,21.62,20.79,19.57,17.93,16.29,14.79,13.28,11.89,10.96,10.80,10.79,11.02,11.66,12.78,13.96,15.15,16.50,18.48,21.83,26.50,30.77,33.72,36.39,38.50,40.17,41.79,44.08,47.73,49.70,50.30,50.43,50.36,49.76,48.66,47.14,45.57,43.76,41.43,37.83,32.10,27.63,23.82,20.23,16.74,13.63,11.04,9.77,9.61,9.45,9.23,8.98,8.77,8.65,8.46,7.69,6.75,5.95,5.68,5.63,5.67,5.73,5.72,5.69,5.39,4.92,4.39,3.84,3.25,2.62,1.86,0.89,e,e,e,e,e,e,e,e,e,e,e
e,e,2.99,5.70,8.88,11.41,12.83,13.62,14.58,15.27,15.48,15.08,14.88,14.95,15.19,15.70,17.02,18.87,20.79,22.66,24.55,26.12,27.67,29.12,30.14,31.14,32.02,33.14,34.53,35.16,35.77,36.20,36.55,37.06,37.76,38.57,39.72,41.78,45.47,48.49,50.72,51.70,50.08,46.74,43.16,40.33,39.41,39.78,43.24,47.68,51.42,54.32,57.84,60.64,62.44,63.66,63.15,61.78,60.30,59.34,59.43,60.80,63.06,65.86,68.46,71.66,75.30,78.57,80.09,80.57,80.53,80.36,80.23,80.14,80.05,79.47,77.98,75.19,72.37,69.55,66.67,63.73,61.10,59.30,57.68,55.91,54.05,51.10,47.89,44.83,42.20,39.75,37.54,35.39,33.15,30.88,28.67,27.36,27.28,28.07,26.63,24.48,22.41,21.00,20.54,20.12,19.80,19.67,19.57,19.45,19.35,19.34,19.49,19.59,19.72,20.01,21.11,24.94,29.55,33.91,37.91,42.01,46.39,50.49,54.29,57.80,60.50,62.41,64.11,65.97,68.13,68.84,68.14,66.53,64.78,62.96,61.14,59.42,57.89,56.35,54.81,53.29,51.88,50.75,49.91,49.12,48.24,47.18,46.15,45.00,43.81,42.69,41.83,41.02,40.28,39.59,38.78,37.94,37.09,36.27,35.47,34.64,33.79,32.97,32.19,31.42,30.71,29.94,29.05,27.96,26.87,25.77,24.62,23.46,22.37,21.35,20.15,18.72,17.22,15.75,14.23,12.74,11.53,11.17,11.11,11.52,12.46,13.56,14.81,16.09,17.42,19.07,22.26,27.32,32.19,35.67,38.78,41.02,42.96,44.69,45.97,47.41,48.98,50.13,50.33,50.44,50.11,48.98,46.98,44.64,42.64,39.86,35.67,29.81,25.51,21.64,17.91,14.38,11.27,10.06,9.62,9.42,9.26,9.04,8.73,8.50,8.48,8.18,7.89,7.32,6.51,6.14,6.07,6.12,6.17,6.15,5.99,5.58,5.05,4.51,3.97,3.42,2.86,2.25,1.53,0.68,0.30,e,e,e,e,e,e,e,e,e
e,e,2.61,5.31,8.11,10.14,11.13,11.61,12.15,12.49,12.50,12.22,12.08,12.13,12.39,13.01,14.60,16.56,18.57,20.44,21.98,23.20,24.50,25.79,26.79,28.27,29.62,31.00,32.50,33.74,35.02,36.20,37.20,38.01,38.72,39.95,41.73,44.20,48.24,52.11,55.23,56.88,55.63,52.49,48.49,44.60,42.04,41.24,43.74,47.53,51.08,54.13,57.58,60.28,62.15,64.03,64.82,64.14,62.89,62.11,62.03,62.75,64.31,66.55,68.78,71.63,75.02,78.28,80.19,80.47,80.29,79.96,79.53,79.13,78.74,77.85,76.15,73.39,70.43,67.41,64.34,61.27,58.50,56.28,54.36,52.70,51.47,49.50,47.23,44.91,42.63,40.25,37.88,35.56,33.32,31.06,28.57,27.70,28.55,29.33,28.72,27.47,25.75,23.62,22.12,20.71,19.85,19.73,19.62,19.50,19.38,19.34,19.49,19.57,19.70,19.88,20.82,25.17,30.16,34.78,38.98,43.37,47.78,51.71,55.33,58.75,61.01,62.72,64.32,66.00,67.82,68.15,67.19,65.50,63.84,62.13,60.36,58.61,56.96,55.34,53.72,52.14,50.72,49.78,49.03,48.36,47.59,46.57,45.50,44.34,43.13,41.93,40.90,40.13,39.49,38.89,38.21,37.42,36.58,35.76,34.98,34.13,33.31,32.50,31.70,30.93,30.19,29.37,28.44,27.39,26.35,25.36,24.37,23.35,22.27,21.19,20.08,18.92,17.69,16.38,15.07,13.70,12.33,11.59,11.59,12.17,13.18,14.23,15.38,16.62,17.90,19.49,22.98,28.14,33.29,37.30,40.20,41.62,42.55,43.33,43.90,44.64,46.16,47.82,48.86,49.66,49.54,48.34,46.16,43.74,41.51,38.03,33.24,27.76,23.56,19.59,15.69,12.21,10.22,9.68,9.47,9.23,9.07,8.85,8.56,8.37,8.37,8.19,8.10,7.74,7.05,6.61,6.52,6.56,6.62,6.58,6.25,5.76,5.22,4.68,4.11,3.56,3.02,2.46,1.86,1.07,0.58,0.10,e,e,e,e,e,e,e,e
e,e,2.23,4.92,7.18,8.66,9.45,9.95,10.17,10.16,10.01,9.97,9.90,9.91,10.10,10.72,12.35,14.36,16.43,18.27,19.39,20.30,21.49,22.82,24.03,26.12,27.86,29.32,30.79,32.67,34.61,36.50,38.14,39.22,40.21,42.07,44.48,47.17,51.24,55.73,59.51,61.58,60.78,58.20,54.52,50.20,45.92,43.67,44.52,46.95,49.90,52.83,56.20,59.05,61.33,63.85,66.23,66.64,65.95,65.41,65.14,65.02,65.61,67.16,69.17,71.94,75.19,78.36,80.33,80.16,79.61,78.96,78.13,77.36,76.64,75.60,74.01,71.57,68.63,65.53,62.41,59.29,56.33,53.61,51.29,49.61,48.71,47.59,46.23,44.62,42.63,40.31,37.73,35.20,32.97,30.82,28.22,27.77,29.35,29.88,29.92,29.70,28.64,26.07,23.53,21.19,19.87,19.77,19.63,19.53,19.42,19.35,19.49,19.57,19.70,19.83,20.77,25.63,30.78,35.48,39.81,44.34,48.72,52.45,55.85,59.20,61.23,62.91,64.54,66.17,67.67,67.49,66.28,64.62,62.98,61.35,59.57,57.73,55.96,54.31,52.65,51.08,49.76,49.03,48.32,47.66,46.93,45.96,44.84,43.69,42.51,41.30,40.13,39.38,38.77,38.20,37.59,36.87,36.06,35.25,34.46,33.62,32.83,32.03,31.20,30.42,29.63,28.76,27.81,26.80,25.73,24.77,23.83,22.88,21.82,20.75,19.75,18.81,17.86,16.75,15.69,14.52,13.11,12.02,12.14,12.87,13.88,14.88,15.90,17.03,18.25,19.88,23.91,29.04,34.17,38.39,40.67,40.99,40.65,40.27,40.34,40.95,42.49,44.51,46.51,48.16,48.27,47.10,44.96,42.68,40.09,35.91,30.71,25.80,21.63,17.54,13.60,10.47,9.79,9.56,9.33,9.06,8.91,8.70,8.50,8.36,8.36,8.34,8.34,8.11,7.60,7.07,6.96,7.01,7.05,6.95,6.48,5.94,5.40,4.85,4.25,3.70,3.15,2.60,2.06,1.50,0.77,0.19,e,e,e,e,e,e,e,e
e,e,1.84,4.54,6.28,7.29,8.12,9.03,9.52,9.66,9.60,9.54,9.46,9.41,9.45,9.77,10.71,12.58,14.59,16.28,17.33,18.21,19.29,20.68,22.53,24.91,26.73,28.28,29.91,31.98,34.21,36.49,38.76,40.96,43.22,45.75,48.30,50.90,55.00,58.99,62.41,64.54,63.94,62.25,59.89,56.46,51.35,47.85,46.43,46.75,48.70,51.46,54.58,57.65,60.59,63.59,66.72,68.53,69.07,68.65,68.06,67.47,67.47,68.38,70.17,72.71,75.65,78.53,80.36,79.31,77.69,76.17,74.97,74.11,73.46,72.75,71.68,69.64,67.19,64.39,61.42,58.37,55.37,52.40,49.63,47.45,46.47,45.46,44.30,42.98,41.34,39.16,36.55,33.97,31.73,29.76,27.55,27.24,28.82,29.82,30.00,29.33,27.79,25.27,22.76,20.85,19.87,19.77,19.63,19.54,19.45,19.40,19.50,19.57,19.70,19.83,20.79,25.76,30.94,35.55,39.75,44.29,48.74,52.44,55.69,58.86,60.97,62.72,64.40,66.08,67.66,67.01,65.56,63.95,62.28,60.65,58.80,56.86,55.00,53.25,51.72,50.37,49.27,48.56,47.82,47.08,46.27,45.27,44.19,43.09,41.97,40.86,39.81,39.05,38.35,37.63,36.88,36.20,35.49,34.74,33.95,33.11,32.32,31.54,30.74,29.91,29.03,28.12,27.17,26.17,25.14,24.19,23.26,22.32,21.36,20.35,19.38,18.46,17.58,16.60,15.64,14.62,13.48,12.41,12.71,13.57,14.57,15.58,16.64,17.70,18.82,20.52,25.14,30.28,34.80,37.92,39.03,38.63,37.87,37.24,37.13,37.57,38.77,40.62,42.96,45.14,45.70,45.01,43.30,41.00,37.52,33.07,28.25,23.80,19.58,15.38,11.95,10.04,9.67,9.46,9.22,9.00,8.84,8.72,8.67,8.64,8.60,8.59,8.59,8.50,8.20,7.55,7.41,7.46,7.43,7.12,6.62,6.07,5.54,4.99,4.43,3.88,3.32,2.73,2.19,1.65,1.04,0.61,e,e,e,e,e,e,e,e
e,e,1.41,3.77,5.19,6.07,7.00,8.13,8.91,9.29,9.34,9.26,9.18,9.11,9.07,9.21,9.82,11.38,13.16,14.75,16.00,17.15,18.41,19.94,21.91,24.09,25.87,27.52,29.31,31.48,33.98,36.60,39.33,42.31,45.36,48.67,51.96,55.06,58.97,62.59,65.78,67.89,67.29,65.85,63.95,61.12,56.45,52.08,49.00,47.70,48.59,50.91,54.05,57.41,60.71,63.88,67.23,69.73,71.17,71.38,70.72,69.98,69.74,70.35,71.87,74.06,76.56,78.98,80.37,78.55,75.95,73.57,71.84,70.68,69.89,69.33,68.70,67.23,65.28,62.81,59.87,56.61,54.13,51.36,48.22,45.30,44.22,43.23,42.12,40.75,38.83,36.55,34.13,31.98,30.29,28.63,27.19,27.00,27.94,28.52,28.44,27.47,25.71,23.33,21.51,20.38,19.83,19.75,19.62,19.54,19.46,19.43,19.53,19.61,19.72,19.85,20.79,25.40,30.53,35.11,39.14,43.32,47.47,51.13,54.57,58.07,60.68,62.61,64.34,66.02,67.37,66.42,64.84,63.24,61.56,59.73,57.82,55.88,53.99,52.16,50.73,49.56,48.60,47.86,47.10,46.36,45.59,44.70,43.79,42.84,41.82,40.74,39.66,38.91,38.22,37.48,36.70,35.98,35.25,34.49,33.70,32.89,32.10,31.34,30.54,29.65,28.62,27.57,26.55,25.57,24.57,23.61,22.69,21.76,20.81,19.92,19.04,18.15,17.30,16.38,15.45,14.51,13.55,12.67,13.12,14.04,15.02,15.99,17.03,18.06,19.20,21.17,26.08,30.74,34.42,36.61,36.70,35.90,34.93,34.16,34.00,34.47,35.74,37.71,40.27,42.73,43.45,42.90,41.22,38.38,34.48,30.41,26.36,22.22,17.81,13.62,10.72,9.78,9.55,9.34,9.15,9.03,8.95,8.90,8.91,8.93,8.89,8.85,8.84,8.81,8.61,7.99,7.85,7.87,7.76,7.31,6.78,6.22,5.66,5.12,4.58,4.04,3.48,2.90,2.34,1.71,1.02,0.55,e,e,e,e,e,e,e,e
e,e,0.95,2.72,3.98,4.96,6.05,7.20,8.26,8.89,9.09,9.03,8.96,8.90,8.86,8.98,9.54,10.74,12.22,13.79,15.37,16.93,18.54,20.22,21.98,23.72,25.43,27.16,29.03,31.23,33.93,36.79,39.82,43.24,46.64,50.77,55.17,59.23,62.89,66.41,69.59,71.70,71.10,69.36,67.11,64.43,60.90,56.10,52.01,49.56,49.44,51.31,54.64,58.23,61.61,64.71,67.90,70.52,72.50,73.64,73.22,72.56,72.38,72.97,74.22,75.93,77.87,79.66,80.34,77.86,74.47,71.33,69.00,67.37,66.16,65.52,65.18,64.38,62.87,60.59,57.55,54.02,52.34,50.01,46.68,43.11,41.91,40.86,39.68,38.06,35.49,33.10,31.11,29.72,28.93,27.72,27.17,27.02,26.92,26.43,25.79,24.68,23.01,20.97,20.19,19.91,19.77,19.70,19.61,19.54,19.46,19.45,19.58,19.66,19.75,19.92,20.87,24.86,29.78,34.30,38.13,41.78,45.40,49.06,52.97,57.23,60.48,62.63,64.40,66.01,66.79,65.69,64.08,62.47,60.78,58.64,56.62,54.71,52.85,51.03,49.71,48.65,47.75,46.98,46.22,45.54,44.88,44.17,43.51,42.76,41.87,40.80,39.64,38.90,38.27,37.62,36.90,36.10,35.27,34.46,33.68,32.91,32.14,31.37,30.57,29.65,28.45,27.22,26.05,25.03,23.98,23.02,22.09,21.16,20.20,19.49,18.74,17.90,17.05,16.15,15.23,14.31,13.44,12.85,13.41,14.34,15.27,16.21,17.20,18.20,19.45,21.72,26.55,30.45,33.25,34.73,34.03,33.01,31.93,31.05,30.91,31.62,33.29,35.62,38.32,40.82,41.38,40.63,38.63,35.06,31.30,28.05,24.91,20.95,16.32,12.29,9.91,9.61,9.43,9.23,9.13,9.13,9.19,9.19,9.20,9.21,9.19,9.13,9.11,9.07,8.90,8.41,8.30,8.25,8.03,7.50,6.96,6.38,5.79,5.25,4.67,4.09,3.52,2.94,2.35,1.69,0.80,0.15,e,e,e,e,e,e,e,e
e,e,0.50,1.78,2.94,4.02,5.20,6.36,7.49,8.36,8.86,8.93,8.96,8.98,9.04,9.25,9.79,10.99,12.51,14.15,15.77,17.39,19.03,20.75,22.66,24.62,26.43,28.10,29.75,31.77,34.12,36.81,39.92,43.54,47.22,51.79,56.87,61.77,65.90,69.86,73.43,76.00,76.29,73.75,70.39,66.95,63.45,59.17,55.02,52.01,51.26,53.57,56.98,60.34,63.40,66.30,69.24,71.67,73.71,75.36,75.76,75.56,75.63,76.33,77.48,78.57,79.70,80.54,80.03,77.08,73.30,69.83,67.25,64.94,62.92,61.75,61.38,60.97,59.61,56.81,53.41,50.57,48.87,46.60,43.76,40.88,39.39,38.03,36.52,34.63,32.17,30.72,29.69,29.04,28.74,28.11,27.69,27.12,26.21,24.88,23.49,22.15,20.99,20.19,19.89,19.78,19.72,19.69,19.62,19.58,19.52,19.49,19.59,19.67,19.79,20.17,21.52,25.30,29.48,33.34,36.86,40.45,44.02,48.01,52.61,57.63,60.81,62.91,64.72,66.18,65.95,64.67,63.12,61.53,59.83,57.47,55.07,52.87,51.05,49.83,48.75,47.76,46.87,46.09,45.40,44.77,44.12,43.44,42.81,42.15,41.43,40.61,39.65,38.95,38.31,37.65,36.99,36.25,35.44,34.61,33.85,33.13,32.36,31.61,30.88,30.07,28.98,27.75,26.34,24.72,23.33,22.28,21.35,20.46,19.69,19.05,18.38,17.66,16.85,16.03,15.17,14.29,13.50,13.11,13.72,14.65,15.58,16.51,17.46,18.41,19.60,21.69,25.65,29.21,31.71,32.64,31.74,30.34,28.95,27.92,27.84,29.01,31.27,33.97,36.52,38.67,38.68,37.26,34.80,31.61,28.96,26.37,23.46,19.75,15.12,11.61,9.74,9.52,9.32,9.25,9.26,9.32,9.43,9.46,9.48,9.52,9.51,9.44,9.38,9.34,9.24,8.88,8.77,8.56,8.18,7.64,7.10,6.54,5.98,5.39,4.57,3.73,2.92,2.12,1.36,1.46,0.77,0.10,e,e,e,e,e,e,e,e
e,e,0.24,1.38,2.45,3.49,4.62,5.78,6.93,7.98,8.75,8.98,9.09,9.19,9.40,9.85,10.49,11.77,13.26,14.80,16.38,17.98,19.66,21.52,23.63,25.77,27.73,29.46,30.98,32.70,34.73,37.13,40.09,43.99,48.04,52.75,58.02,63.52,68.29,72.83,76.76,79.53,80.31,77.42,73.41,69.35,65.55,61.61,57.65,54.44,53.23,55.55,59.09,62.47,65.41,68.18,70.86,73.21,75.34,77.19,77.98,78.15,78.40,79.04,79.93,80.35,80.57,80.31,78.66,75.51,71.86,68.48,65.71,62.95,60.31,58.58,57.84,57.38,55.90,53.01,49.78,47.44,45.45,43.24,40.94,38.80,37.23,35.99,34.80,33.41,31.64,30.88,30.51,30.31,30.14,29.57,28.76,27.63,26.13,24.34,22.52,20.98,20.03,19.91,19.84,19.79,19.75,19.74,19.67,19.64,19.59,19.54,19.60,19.67,19.80,20.48,22.51,26.66,30.28,33.52,36.68,40.12,44.08,48.45,53.18,57.99,60.95,63.00,64.87,66.20,65.13,63.62,62.05,60.45,58.65,56.18,53.56,51.26,49.68,48.81,47.90,46.96,46.08,45.29,44.63,44.00,43.36,42.67,42.05,41.42,40.82,40.19,39.42,38.78,38.16,37.52,36.92,36.27,35.56,34.82,34.10,33.39,32.66,31.93,31.21,30.50,29.60,28.31,26.57,24.34,22.62,21.47,20.59,19.85,19.26,18.64,18.00,17.33,16.61,15.85,15.04,14.24,13.60,13.34,13.96,14.86,15.79,16.71,17.62,18.52,19.55,21.24,24.55,27.70,29.79,30.25,29.22,27.61,26.02,24.85,24.90,26.68,29.51,32.43,34.70,36.49,36.10,34.26,31.57,28.96,27.03,24.88,22.25,18.94,14.61,11.41,9.74,9.54,9.36,9.36,9.43,9.54,9.70,10.16,10.72,11.11,11.04,10.63,10.20,9.84,9.57,9.33,9.18,8.82,8.27,7.60,6.93,6.26,5.60,4.87,3.89,2.89,2.18,1.58,0.67,e,e,e,e,e,e,e,e,e,e,e
e,e,0.21,1.65,2.69,3.51,4.44,5.57,6.71,7.84,8.79,9.21,9.35,9.56,10.02,10.83,11.75,13.06,14.37,15.59,17.06,18.59,20.41,22.53,24.85,26.99,29.11,31.06,32.67,34.06,35.86,37.89,40.56,44.88,49.37,53.88,58.82,64.58,70.02,75.19,79.35,81.93,82.48,79.87,75.97,71.69,67.44,63.40,59.75,56.74,55.17,56.73,60.44,64.26,67.50,70.23,72.67,75.15,77.49,79.17,79.69,80.02,80.33,80.66,81.05,80.81,80.03,78.56,75.99,72.95,70.00,67.11,64.21,61.30,58.42,56.18,54.74,53.75,51.89,49.62,47.26,44.98,42.59,40.52,38.72,37.16,35.83,35.31,35.27,35.28,34.79,34.17,33.97,33.87,33.40,32.18,30.51,28.71,26.88,25.05,23.27,21.65,20.48,20.14,20.09,20.05,19.98,19.90,19.80,19.72,19.65,19.59,19.61,19.68,19.80,20.81,23.76,28.92,32.36,35.17,37.98,41.03,45.77,50.40,54.46,57.88,60.64,62.77,64.69,65.93,64.44,62.64,60.92,59.23,57.27,54.85,52.27,50.20,49.08,48.12,47.24,46.39,45.55,44.70,43.96,43.27,42.60,41.91,41.28,40.67,40.08,39.52,38.88,38.31,37.75,37.20,36.64,36.09,35.56,35.01,34.36,33.68,32.98,32.26,31.52,30.83,30.15,28.71,26.49,23.80,21.85,20.62,19.86,19.41,18.92,18.28,17.60,16.92,16.28,15.58,14.79,14.11,13.71,13.53,14.07,14.92,15.85,16.76,17.64,18.45,19.25,20.39,23.47,26.00,27.42,27.48,26.31,24.77,23.16,21.96,22.24,24.69,28.00,30.99,32.88,34.44,33.93,32.06,29.51,27.46,25.55,23.59,21.41,18.69,14.99,11.79,9.96,9.74,9.60,9.57,9.67,9.88,10.25,11.70,13.40,14.53,14.34,13.19,11.98,10.93,10.17,9.95,9.63,9.09,8.32,7.34,6.35,5.39,4.45,3.50,2.56,1.56,1.08,e,e,e,e,e,e,e,e,e,e,e,e,e
e,e,0.24,1.91,3.29,4.26,4.99,5.91,6.82,7.77,8.72,9.47,9.81,10.64,11.83,12.98,13.70,14.62,15.68,16.82,18.05,19.49,21.31,23.45,25.83,28.14,30.44,32.59,34.46,35.99,37.46,39.38,42.28,46.91,51.24,55.45,60.11,65.66,71.11,76.67,81.19,83.89,84.39,81.28,77.26,73.19,69.03,65.14,61.54,58.53,56.77,57.27,60.41,64.97,69.53,71.94,74.29,76.77,78.88,79.99,80.36,80.69,81.02,81.26,81.16,80.57,78.86,76.28,73.38,70.56,67.98,65.31,62.38,59.45,56.51,53.87,51.86,50.84,49.24,47.30,45.21,43.12,41.15,39.77,38.80,38.10,37.58,37.52,37.85,38.34,38.64,38.46,38.42,38.16,37.17,35.39,33.11,30.66,28.33,26.52,24.99,23.81,23.10,22.97,22.81,22.36,21.53,20.47,19.95,19.79,19.71,19.64,19.62,19.71,19.83,20.94,24.28,30.05,33.67,36.57,39.48,42.40,45.92,49.39,52.57,55.53,59.28,61.87,63.92,65.28,64.22,62.39,60.40,58.45,56.63,54.66,52.44,50.50,49.33,48.57,47.86,47.22,46.54,45.45,44.30,43.03,41.88,41.20,40.57,39.98,39.44,38.92,38.31,37.75,37.22,36.67,36.14,35.59,35.10,34.62,34.07,33.47,32.89,32.30,31.70,31.08,30.36,28.44,25.74,23.18,21.08,19.98,19.41,19.01,18.55,17.97,17.31,16.63,15.96,15.27,14.67,14.22,13.98,13.81,14.20,14.93,15.85,16.68,17.50,18.26,18.99,19.93,22.05,23.86,24.72,24.32,23.13,22.02,21.09,20.49,20.81,23.17,26.77,30.16,32.19,33.75,32.96,31.06,28.86,27.09,25.54,23.71,21.63,19.38,16.37,13.75,11.87,10.80,10.04,9.80,10.21,11.46,13.93,16.70,18.94,20.16,19.91,18.82,17.34,15.81,14.42,13.29,11.90,10.24,8.48,6.85,5.28,4.10,3.10,2.25,2.17,1.29,0.80,e,e,e,e,e,e,e,e,e,e,e,e,e
e,e,0.33,2.11,3.87,5.12,5.82,6.52,7.22,7.99,8.91,10.09,10.91,12.40,14.14,15.43,15.92,16.45,17.28,18.37,19.41,20.77,22.52,24.55,26.76,29.09,31.52,33.89,36.07,37.96,39.48,41.50,44.60,49.25,53.25,57.16,61.50,66.65,71.97,77.73,82.73,85.99,86.61,83.13,78.98,75.08,71.14,67.27,63.59,60.45,58.36,57.91,60.32,65.35,71.03,73.17,75.54,77.97,79.80,80.39,80.66,80.97,81.33,81.53,81.03,80.14,77.77,74.40,71.33,68.74,66.34,63.79,60.93,58.02,55.05,52.10,49.62,48.54,47.28,45.83,44.25,42.66,41.32,40.63,40.32,40.29,40.55,41.05,41.63,42.26,42.84,42.96,42.96,42.41,40.84,38.57,35.86,32.95,30.23,28.43,27.31,26.73,26.57,26.66,26.20,25.11,23.36,21.23,20.12,19.84,19.76,19.68,19.64,19.76,19.85,20.90,24.22,30.36,34.11,36.98,39.83,42.56,44.82,47.30,49.90,52.58,57.11,60.48,62.95,64.52,64.28,62.62,60.51,58.47,56.89,55.45,53.61,51.75,50.41,49.75,49.07,48.52,47.94,46.73,45.23,43.37,41.59,40.58,39.89,39.34,38.84,38.35,37.75,37.19,36.64,36.10,35.56,35.03,34.54,34.06,33.59,33.07,32.59,32.12,31.63,31.04,29.79,27.29,24.33,22.18,20.32,19.47,19.04,18.63,18.18,17.66,17.05,16.36,15.68,15.07,14.68,14.44,14.29,14.15,14.34,14.91,15.75,16.52,17.29,18.02,18.73,19.54,20.67,21.75,22.16,21.57,20.61,19.98,19.69,19.67,19.98,21.96,25.68,29.47,31.78,33.46,32.64,30.93,29.15,27.59,26.39,24.72,22.70,20.73,18.33,16.30,14.45,12.64,11.26,10.81,11.65,14.05,18.32,22.23,24.67,25.72,25.50,24.71,23.35,21.54,19.42,17.45,15.23,12.63,9.83,7.22,5.10,3.64,2.42,1.39,e,e,e,e,e,e,e,e,e,e,e,e,e,e,e,e
e,e,0.56,2.22,4.13,5.78,6.88,7.40,8.09,8.83,9.79,11.53,13.46,15.33,16.89,17.88,18.34,18.80,19.48,20.43,21.50,22.79,24.41,26.14,27.69,29.60,32.04,34.65,37.18,39.65,42.22,44.74,47.58,51.62,55.27,58.91,62.84,67.37,72.66,78.32,84.02,88.71,89.70,86.68,82.54,78.46,74.68,70.37,66.46,62.97,60.17,59.16,60.95,65.65,71.29,73.49,75.99,78.39,80.06,80.47,80.72,81.11,81.52,81.69,80.98,79.70,77.19,73.84,70.61,68.17,65.73,63.21,60.60,57.75,54.68,51.56,48.79,47.19,46.08,45.72,45.62,45.21,44.49,44.12,43.91,43.87,44.54,45.98,47.05,47.49,47.44,47.34,47.05,46.07,43.95,41.32,38.41,35.48,32.79,30.89,30.47,30.54,30.75,30.81,29.66,27.64,25.03,22.20,20.29,19.84,19.76,19.70,19.69,19.77,19.85,20.59,23.23,29.43,32.91,35.20,37.31,39.53,41.65,44.44,47.30,49.58,53.67,58.34,61.94,63.76,64.72,63.53,61.77,60.15,58.92,57.91,56.28,54.46,52.97,51.94,50.94,50.09,49.36,48.45,46.97,44.79,42.29,40.16,39.27,38.73,38.26,37.78,37.23,36.64,36.07,35.53,34.99,34.51,34.00,33.49,33.03,32.55,32.09,31.59,31.06,30.34,27.56,24.38,21.73,20.33,19.59,19.12,18.70,18.26,17.85,17.34,16.76,16.11,15.46,15.13,14.93,14.76,14.61,14.52,14.50,14.82,15.50,16.21,16.96,17.70,18.39,19.08,19.60,19.99,20.16,20.03,19.81,19.58,19.46,19.50,19.83,21.21,24.72,28.72,31.39,33.29,33.10,32.11,30.88,29.49,28.43,26.99,25.14,23.10,21.10,19.30,17.57,15.84,14.24,13.66,15.04,18.27,22.48,26.90,29.11,29.72,29.69,29.31,28.73,26.91,23.92,21.93,19.98,17.42,13.99,9.80,7.35,5.43,3.50,1.77,e,e,e,e,e,e,e,e,e,e,e,0.00,0.00,0.00,0.00,0.00
e,e,1.09,2.71,4.67,6.44,7.74,8.49,9.20,10.21,11.70,13.80,16.22,18.37,20.12,21.39,22.23,22.63,22.98,23.50,24.40,25.44,26.69,28.01,29.21,30.64,32.72,35.13,37.67,40.32,43.72,46.90,49.92,53.65,57.23,60.76,64.38,68.40,73.42,79.05,85.04,90.39,92.15,89.83,86.13,82.17,78.16,73.53,69.16,65.29,62.30,61.03,62.13,65.64,70.18,72.64,75.15,77.51,79.30,80.05,80.40,80.88,81.39,81.69,81.25,80.20,78.37,75.63,71.89,68.93,66.11,63.27,60.39,57.46,54.40,51.34,48.77,47.71,47.11,47.27,47.81,48.21,48.28,48.09,47.75,47.58,48.50,50.07,51.45,52.23,52.04,51.67,50.85,49.14,46.30,43.29,40.27,37.47,35.27,34.44,35.08,35.66,35.64,34.57,32.19,29.06,25.63,22.36,20.31,19.84,19.76,19.70,19.71,19.77,19.85,20.23,21.92,27.33,30.57,32.70,34.86,38.08,40.68,43.58,46.38,48.61,52.34,57.46,61.47,63.18,64.03,63.70,62.89,61.86,60.74,59.94,58.78,57.56,56.60,55.72,54.63,53.44,52.20,50.93,49.23,46.53,43.16,40.02,38.86,38.22,37.68,37.17,36.67,36.10,35.54,35.00,34.46,33.96,33.43,32.91,32.42,31.98,31.53,31.05,30.15,27.80,24.34,21.77,20.28,19.53,19.16,18.80,18.38,17.92,17.49,16.98,16.47,16.00,15.58,15.38,15.23,15.09,14.97,14.86,14.75,14.87,15.32,15.91,16.65,17.38,18.03,18.55,18.86,19.07,19.20,19.24,19.27,19.24,19.27,19.41,19.76,20.77,24.06,28.20,31.37,33.59,34.45,34.42,33.72,32.68,31.45,29.87,27.91,25.63,23.71,21.77,19.87,18.11,16.45,15.95,17.59,21.34,26.20,29.91,31.74,32.28,32.16,31.95,31.41,29.76,27.04,24.89,22.79,20.45,17.56,13.71,9.79,7.05,4.74,2.67,e,e,e,e,0.00,0.00,0.00,0.00,0.00,0.00,0.06,0.07,0.04,0.04,0.04,0.09
e,e,1.80,3.43,5.38,7.18,8.63,9.81,10.64,11.97,13.95,16.34,18.96,21.31,23.38,25.13,26.52,26.97,27.03,27.11,27.70,28.34,29.13,30.04,31.02,32.04,33.60,35.58,37.89,40.52,44.57,48.47,51.92,55.53,59.22,62.73,66.14,69.78,74.46,80.01,86.04,91.65,94.41,92.78,89.55,85.70,81.24,76.38,71.63,67.51,64.57,63.13,63.43,65.47,68.60,71.27,73.66,75.96,77.89,79.06,79.68,80.38,81.07,81.58,81.61,80.96,79.90,77.83,73.60,69.97,66.60,63.30,60.06,57.09,54.15,51.41,49.41,49.17,49.24,49.77,50.61,51.54,52.23,52.07,51.48,51.09,52.12,53.63,55.28,56.52,56.41,55.80,54.30,51.78,48.29,45.02,42.05,39.51,37.87,38.22,39.69,40.45,39.89,37.52,33.95,29.86,25.77,22.21,20.28,19.84,19.76,19.71,19.72,19.78,19.85,19.92,20.71,24.90,27.98,30.35,33.09,37.76,40.95,43.83,46.48,48.76,52.25,57.29,61.17,62.52,62.83,63.28,63.41,63.04,62.16,61.59,60.92,60.34,59.99,59.41,58.41,57.06,55.38,53.53,51.52,48.39,44.32,40.22,38.71,37.88,37.22,36.65,36.12,35.57,35.02,34.47,33.94,33.40,32.86,32.32,31.80,31.39,30.91,30.27,28.74,24.65,21.23,19.73,19.41,19.13,18.83,18.47,18.07,17.63,17.20,16.73,16.36,16.09,15.91,15.76,15.59,15.46,15.36,15.20,15.05,15.03,15.23,15.69,16.36,17.04,17.63,17.99,18.23,18.48,18.67,18.77,18.88,18.98,19.13,19.38,19.73,20.49,23.55,27.68,31.25,33.94,36.01,37.00,36.82,36.23,34.93,33.16,30.95,28.23,26.13,23.92,21.79,19.97,18.42,18.18,20.14,24.25,29.48,32.23,33.70,34.31,34.02,33.73,32.81,31.20,29.00,26.72,24.45,22.41,20.34,17.39,12.10,8.55,5.92,3.58,e,e,e,e,0.01,0.01,0.01,0.01,0.01,0.01,0.07,0.12,0.12,0.13,0.14,0.22
1.30,1.64,2.71,4.48,6.38,8.21,9.96,11.65,13.04,14.38,16.07,18.71,21.31,23.74,26.04,28.23,30.23,31.07,31.26,31.19,31.35,31.32,31.62,32.27,33.06,33.99,35.03,36.27,37.94,40.45,44.84,49.42,53.57,57.38,61.37,65.00,68.42,72.03,76.44,81.68,87.33,92.85,96.81,95.59,92.31,88.09,82.91,77.93,73.41,69.60,66.87,65.19,64.38,65.13,67.25,69.59,71.66,73.71,75.51,76.73,78.06,79.42,80.49,81.23,81.91,81.30,80.18,78.15,74.10,70.10,66.13,62.39,59.15,56.47,53.85,52.08,51.39,51.55,52.32,53.38,54.50,55.46,55.86,55.32,54.37,53.67,54.51,56.45,58.44,59.83,59.91,59.20,56.93,53.67,50.02,46.99,44.55,42.44,41.01,41.38,42.20,42.09,40.77,38.01,34.16,29.94,25.69,22.01,20.24,19.84,19.79,19.77,19.77,19.79,19.85,19.90,20.35,22.85,26.00,29.50,33.75,39.38,42.72,45.47,47.97,50.23,53.82,57.93,60.70,61.35,61.36,61.67,62.00,62.24,62.38,62.46,61.98,61.35,60.95,60.50,59.97,59.16,57.79,55.48,53.19,50.27,46.27,41.24,39.19,38.13,37.27,36.46,35.72,35.04,34.45,33.91,33.37,32.83,32.28,31.75,31.22,30.77,30.13,28.69,25.96,21.84,20.02,19.34,19.05,18.76,18.45,18.13,17.79,17.46,17.22,17.01,16.84,16.69,16.48,16.32,16.13,15.94,15.79,15.59,15.43,15.33,15.39,15.74,16.15,16.67,17.16,17.43,17.62,17.91,18.21,18.46,18.71,18.95,19.16,19.38,19.72,20.39,23.14,26.86,30.28,33.74,37.08,39.05,39.35,39.23,38.71,37.21,34.56,30.83,28.03,25.60,23.43,21.63,20.59,21.03,23.82,28.20,31.74,34.27,35.77,36.34,35.95,35.12,33.27,31.01,28.67,26.49,24.63,22.88,20.98,18.35,13.76,9.86,6.61,3.75,0.99,0.20,e,e,0.07,0.07,0.07,0.07,0.07,0.07,0.13,0.20,0.26,0.32,0.37,0.45
3.34,3.15,4.43,5.85,7.52,9.40,11.43,13.48,15.16,16.60,18.23,20.87,23.46,26.00,28.71,31.68,33.89,34.97,35.32,35.19,34.88,34.23,34.11,34.53,35.22,36.06,36.82,37.65,38.86,41.09,45.43,50.19,54.72,58.99,63.30,67.36,71.17,74.91,79.29,84.10,89.51,95.05,98.64,97.67,94.20,89.39,83.87,78.87,74.72,71.41,69.00,67.33,66.07,65.79,66.61,68.23,69.93,71.74,73.47,75.00,76.84,78.46,79.91,81.19,82.13,81.25,79.23,76.33,72.51,68.90,65.18,61.61,58.59,56.52,54.87,54.03,54.02,54.53,55.69,57.10,58.42,59.26,59.22,58.34,57.11,56.08,56.26,58.17,60.40,62.05,62.24,61.23,58.80,55.57,52.15,49.56,47.61,45.93,44.53,43.81,43.14,42.05,40.34,37.69,34.08,29.95,25.72,22.01,20.24,19.86,19.82,19.80,19.80,19.80,19.85,19.90,20.33,22.74,26.16,30.49,35.65,41.01,44.33,47.10,49.65,52.00,55.11,57.61,59.00,59.17,58.98,59.06,59.60,60.55,61.70,62.26,62.16,61.80,61.48,61.05,60.68,60.17,59.10,56.76,54.26,51.41,47.67,42.74,39.85,38.48,37.57,36.65,35.77,34.97,34.17,33.41,32.84,32.29,31.75,31.20,30.58,29.71,28.54,26.63,23.86,20.74,19.77,19.42,19.12,18.79,18.48,18.19,17.92,17.69,17.56,17.50,17.43,17.32,17.09,16.93,16.72,16.52,16.35,16.13,15.93,15.75,15.65,15.92,16.25,16.68,17.14,17.45,17.70,18.02,18.35,18.63,18.88,19.15,19.35,19.51,19.82,20.72,23.08,26.18,29.33,33.18,36.98,39.58,40.66,41.07,40.84,39.43,36.70,32.72,29.46,26.97,25.05,23.82,23.75,24.82,27.57,31.31,33.95,36.38,37.86,38.36,37.72,35.84,33.10,30.34,27.85,25.57,23.74,22.10,20.27,17.62,13.82,10.20,6.90,3.85,0.91,0.23,0.00,0.04,0.13,0.14,0.14,0.14,0.15,0.20,0.27,0.36,0.46,0.54,0.59,0.64
5.00,5.76,6.84,7.55,8.86,10.73,13.00,15.26,17.09,18.79,20.63,23.10,25.75,28.53,31.80,35.59,37.78,38.98,39.42,39.16,38.33,37.11,36.59,36.87,37.69,38.58,39.34,40.02,40.86,42.56,46.33,50.77,55.40,60.23,64.80,69.42,73.90,78.04,82.56,87.02,92.30,97.78,99.95,99.15,95.40,89.93,84.42,79.53,75.86,73.13,71.14,69.59,68.34,67.29,66.75,67.43,68.72,70.24,71.94,73.86,75.93,77.55,79.31,81.26,82.24,80.75,77.35,73.17,69.67,66.89,64.01,61.09,58.56,57.30,56.92,56.86,57.11,58.05,59.38,60.96,62.34,62.92,62.42,61.23,59.81,58.48,57.81,59.36,61.73,63.74,63.91,62.48,60.27,57.55,54.57,52.49,50.82,49.30,47.64,45.21,42.78,40.84,39.06,36.83,33.80,29.96,25.90,22.26,20.30,19.89,19.86,19.81,19.80,19.81,19.86,19.90,20.53,24.04,27.96,32.77,38.21,42.52,45.72,48.59,51.25,53.55,55.65,56.27,56.27,56.12,55.79,55.68,56.50,58.20,60.29,61.31,61.71,61.83,61.73,61.29,60.88,60.44,59.60,57.48,54.84,51.91,48.52,44.34,40.60,38.91,38.01,37.08,36.16,35.25,34.14,33.02,32.36,31.79,31.25,30.67,29.89,28.46,26.60,24.57,22.54,20.91,20.20,19.85,19.55,19.14,18.82,18.57,18.36,18.21,18.13,18.11,18.06,17.96,17.73,17.56,17.36,17.15,16.99,16.75,16.51,16.21,15.99,16.21,16.57,17.00,17.47,17.90,18.29,18.63,18.91,19.14,19.34,19.60,19.82,20.01,20.36,21.62,23.57,25.93,28.69,32.46,36.09,39.03,41.02,42.03,41.67,40.15,37.57,33.94,30.57,28.20,26.76,26.43,27.48,29.06,31.26,33.85,36.24,38.56,39.97,40.30,39.22,36.08,32.54,29.38,26.76,24.25,22.09,20.31,18.42,15.60,12.57,9.69,6.84,3.91,0.98,0.31,0.00,0.04,0.17,0.20,0.21,0.21,0.23,0.36,0.45,0.55,0.69,0.77,0.79,0.80
7.29,8.87,9.72,9.90,10.82,12.48,14.70,16.92,19.25,21.79,24.35,26.57,29.54,33.16,36.99,40.50,42.88,44.23,44.47,43.53,41.88,40.06,39.18,39.61,41.55,43.30,44.63,45.35,45.44,45.79,47.53,50.84,55.39,60.33,64.87,69.51,74.59,80.19,85.01,89.86,94.92,99.40,100.81,100.05,96.14,90.39,85.15,80.81,77.75,75.56,73.95,72.25,70.82,69.50,68.50,68.47,69.10,70.12,71.46,73.15,75.04,76.78,78.62,80.58,81.99,79.16,74.81,70.65,67.93,65.52,63.30,61.32,59.84,59.35,59.49,59.86,60.61,62.32,63.98,65.42,66.37,66.37,65.55,64.20,62.65,61.20,60.51,61.73,64.22,66.53,66.42,64.78,62.39,59.68,56.98,55.05,52.72,50.00,46.92,43.52,40.89,38.99,37.41,35.64,33.18,29.99,26.47,23.02,20.44,19.90,19.89,19.85,19.81,19.85,19.88,19.90,20.77,25.63,30.41,35.28,40.10,43.73,46.91,49.73,51.93,52.99,53.59,53.23,52.60,52.11,51.77,51.68,52.81,55.16,58.16,60.15,61.08,61.44,61.52,61.32,60.92,60.50,59.73,57.63,54.89,51.91,48.63,44.88,41.24,39.43,38.40,37.47,36.54,35.57,34.36,33.05,32.07,31.37,30.79,30.14,29.19,27.81,26.03,24.15,22.45,21.47,21.01,20.73,20.35,19.67,19.35,19.12,18.92,18.79,18.75,18.71,18.67,18.59,18.37,18.20,18.00,17.79,17.61,17.30,16.96,16.63,16.41,16.63,17.04,17.49,17.95,18.41,18.85,19.23,19.54,19.79,20.14,20.64,21.30,22.06,22.86,24.03,25.73,27.60,29.46,32.19,35.34,38.30,40.80,42.66,41.91,39.93,37.33,34.25,31.63,29.84,28.93,29.13,30.45,32.32,34.56,36.96,39.07,40.88,42.06,42.03,39.92,36.20,31.98,28.33,25.50,22.83,20.10,17.53,15.01,12.39,10.30,8.36,6.33,3.98,1.10,0.43,0.00,0.04,0.18,0.24,0.33,0.39,0.41,0.50,0.55,0.64,0.77,0.85,0.91,0.93
10.52,12.64,13.10,12.67,13.13,14.47,16.54,19.02,22.16,25.37,28.19,30.28,33.78,37.99,42.08,45.32,47.77,49.17,49.20,47.70,45.24,43.05,42.18,43.03,45.84,48.13,49.73,50.39,50.02,49.71,50.35,52.78,56.69,60.86,64.90,69.34,74.78,81.43,86.75,91.91,96.72,100.40,101.38,100.55,96.52,90.79,86.11,82.30,79.84,78.22,76.91,75.06,73.47,71.99,70.73,70.27,70.62,71.41,72.46,73.71,74.96,76.50,78.23,80.10,81.65,78.03,73.36,69.54,67.40,65.49,63.91,62.70,62.02,62.11,62.62,63.39,64.61,66.70,68.31,69.36,69.80,69.47,68.69,67.23,65.64,64.32,63.83,64.88,66.98,68.88,68.59,66.96,64.41,61.55,58.81,56.57,53.67,50.14,46.13,41.98,39.21,37.24,35.66,34.16,32.19,29.65,26.72,23.57,20.70,19.97,19.90,19.89,19.84,19.88,19.90,19.90,21.00,27.14,32.45,37.12,41.29,44.43,47.45,49.85,51.31,51.39,50.84,49.86,48.92,48.34,48.27,48.57,50.20,53.06,56.48,59.08,60.38,60.94,61.14,61.11,60.84,60.48,59.70,57.61,54.89,51.94,48.81,45.42,42.09,40.05,38.78,37.87,36.99,35.89,34.57,33.14,31.87,31.03,30.34,29.54,28.42,27.14,25.55,24.10,23.06,22.62,22.51,22.36,21.97,21.20,20.63,20.11,19.69,19.45,19.39,19.30,19.25,19.20,19.00,18.84,18.63,18.41,18.16,17.79,17.41,17.04,16.83,17.06,17.50,17.97,18.44,18.94,19.49,20.24,20.98,21.62,22.30,23.17,24.24,25.38,26.23,27.12,28.32,29.54,30.64,32.31,34.94,37.73,40.43,43.04,42.28,40.02,37.38,35.13,33.40,32.20,31.74,32.28,33.63,35.63,37.91,40.14,41.89,43.33,43.92,43.17,40.37,36.24,31.52,27.46,24.40,21.53,18.04,14.74,11.94,9.81,8.27,6.80,5.25,3.47,1.09,0.53,0.00,0.04,0.18,0.27,0.38,0.47,0.48,0.56,0.60,0.69,0.83,0.87,0.95,1.03
14.70,17.06,16.98,15.83,15.81,16.79,18.68,21.82,25.97,29.45,31.92,34.11,38.31,42.67,46.59,49.81,52.17,53.43,53.32,51.58,48.43,46.13,45.71,47.20,50.33,52.60,54.00,54.46,54.11,54.20,55.18,57.18,59.82,62.30,65.31,69.37,74.79,81.67,87.69,92.91,97.46,100.82,101.70,100.62,96.53,91.12,87.30,83.94,82.10,81.00,79.88,77.91,76.24,74.64,73.23,72.70,73.27,74.19,75.11,75.79,75.98,76.85,78.31,80.13,81.34,77.72,73.47,70.16,68.24,67.02,66.09,65.38,65.05,65.47,66.33,67.52,69.09,71.00,72.06,72.46,72.44,72.14,71.83,70.35,68.82,67.91,67.69,68.70,69.78,70.39,70.06,68.63,66.01,62.88,59.73,56.75,53.66,50.14,46.01,41.33,38.22,35.87,33.94,32.41,30.79,28.80,26.44,23.73,21.05,20.11,19.90,19.90,19.89,19.90,19.90,19.90,21.20,28.41,33.76,38.02,41.72,44.55,47.15,48.70,49.24,48.86,47.77,46.45,45.43,45.09,45.60,46.73,49.06,52.29,55.49,58.10,59.61,60.36,60.62,60.61,60.55,60.30,59.51,57.48,54.88,52.12,49.25,46.20,43.20,40.81,39.17,38.28,37.50,36.17,34.70,33.22,31.77,30.77,29.86,28.85,27.63,26.37,25.02,24.29,24.30,24.43,24.76,24.81,24.53,23.96,22.88,21.78,20.91,20.43,20.26,20.11,20.04,19.97,19.77,19.56,19.30,18.98,18.62,18.23,17.84,17.46,17.21,17.44,17.91,18.40,18.88,19.45,20.26,21.76,23.42,24.84,26.04,27.37,28.75,29.88,30.27,30.77,31.13,31.50,32.12,32.96,35.02,37.43,40.01,43.15,42.98,40.74,38.14,36.97,36.08,35.36,35.23,36.01,37.26,39.25,41.43,43.38,44.64,45.88,45.49,43.68,40.67,36.19,31.19,26.86,23.57,20.38,16.02,12.26,9.68,8.32,6.82,5.17,3.62,2.29,0.91,0.59,0.00,0.04,0.18,0.27,0.35,0.41,0.42,0.49,0.61,0.76,0.87,0.82,0.93,1.08
18.23,20.63,20.39,18.91,18.80,20.02,22.48,26.00,29.71,32.81,35.41,38.37,42.95,47.31,51.05,54.07,56.28,57.38,57.35,55.93,52.73,50.05,49.50,50.93,53.67,56.08,57.64,58.52,58.90,59.41,60.37,61.80,63.54,65.32,67.48,70.80,75.40,81.34,87.78,93.20,97.74,101.05,102.00,100.37,96.24,91.28,87.93,85.81,84.71,83.75,82.32,80.23,78.38,76.71,75.47,75.41,76.20,77.17,77.96,78.28,77.99,78.19,79.42,81.36,81.72,78.16,74.44,71.68,69.86,68.77,68.22,68.02,68.15,68.86,69.97,71.34,72.90,74.52,75.06,75.10,74.91,74.66,74.69,73.76,72.68,71.91,71.39,71.50,71.47,71.10,70.36,68.55,65.43,61.84,58.51,55.94,53.22,50.06,46.27,41.83,38.48,35.70,33.17,30.89,29.37,27.58,25.52,23.23,20.86,20.06,19.90,19.90,19.90,19.90,19.90,19.90,21.25,28.76,34.22,38.36,41.76,44.24,45.97,46.85,46.90,46.02,44.84,43.22,42.12,42.16,43.22,45.20,48.09,51.41,54.28,56.59,58.32,59.45,59.82,59.48,59.31,59.08,58.50,57.13,54.78,52.31,49.85,47.18,44.28,41.60,39.73,38.81,37.77,36.36,34.86,33.35,31.88,30.60,29.43,28.24,27.06,26.33,25.73,25.54,25.75,25.88,26.31,26.79,27.09,26.90,26.04,25.28,24.59,23.99,23.79,23.61,23.38,23.00,22.23,21.33,20.27,19.40,19.01,18.63,18.24,17.83,17.53,17.72,18.16,18.64,19.11,19.73,21.10,23.29,25.53,27.36,29.00,30.64,32.22,33.49,33.99,34.42,34.32,34.09,34.27,34.80,35.80,37.36,39.78,43.30,44.15,42.59,40.30,39.38,38.77,38.46,38.76,39.85,41.19,43.50,45.67,47.23,48.05,48.39,47.27,44.85,41.19,36.11,30.94,26.58,23.11,19.46,14.61,10.88,8.63,7.33,5.93,4.47,3.03,1.78,0.90,0.60,0.00,0.03,0.13,0.21,0.29,0.36,0.41,0.52,0.67,0.80,0.86,0.73,0.86,1.06
20.58,23.22,23.66,22.52,22.63,24.12,26.87,30.30,33.26,36.05,39.08,42.97,47.66,51.91,55.44,58.16,60.18,61.15,61.26,60.24,57.43,54.69,53.86,54.83,56.92,59.31,61.06,62.41,63.53,64.43,65.40,66.46,67.63,69.02,70.55,73.10,76.68,81.45,87.80,93.56,98.24,101.42,102.35,100.27,96.32,91.98,89.11,88.07,87.41,86.34,84.50,82.33,80.36,78.74,77.77,78.17,79.28,80.38,81.14,81.24,80.63,80.29,81.32,83.24,82.65,79.13,75.97,73.83,72.22,71.20,70.91,71.04,71.52,72.40,73.69,75.10,76.49,77.69,77.81,77.52,76.99,76.25,75.86,75.10,74.29,73.61,72.95,72.49,71.83,70.94,69.76,67.37,63.78,59.84,56.42,54.36,52.04,49.25,45.91,42.00,38.57,35.40,32.33,29.54,27.94,26.24,24.38,22.43,20.54,19.98,19.90,19.90,19.91,20.01,20.27,20.51,21.83,28.81,34.20,38.34,41.55,43.53,44.42,44.79,44.52,43.30,42.14,40.43,39.36,39.73,41.13,43.49,46.66,50.12,52.84,54.89,56.61,57.74,57.79,56.90,56.60,56.57,56.49,56.02,54.32,52.38,50.35,48.03,45.31,42.55,40.59,39.59,38.16,36.64,35.07,33.46,31.91,30.43,29.11,27.95,27.05,26.87,26.91,27.07,27.25,27.28,27.67,28.49,29.46,30.09,30.08,29.92,29.47,28.74,28.37,28.06,27.56,26.67,25.14,23.45,21.50,19.95,19.36,18.93,18.55,18.16,17.88,18.04,18.41,18.82,19.25,19.90,21.79,24.63,27.43,29.66,31.68,33.50,35.22,36.72,37.76,38.45,38.07,37.24,36.77,36.97,37.07,37.84,39.98,43.86,45.68,44.85,42.86,42.00,41.63,41.74,42.45,43.81,45.31,47.84,49.98,51.25,51.65,51.06,49.21,46.17,41.76,36.09,30.79,26.41,22.84,18.82,13.67,10.08,8.12,6.72,5.38,4.09,2.73,1.48,e,e,0.00,0.02,0.08,0.16,0.26,0.35,0.45,0.60,0.75,0.85,0.83,0.65,0.78,1.01
20.54,24.03,26.89,27.37,28.23,29.70,31.68,34.03,36.40,39.39,43.28,48.10,52.50,56.46,59.73,62.00,63.75,64.72,64.94,64.22,62.38,60.47,59.38,59.35,60.62,62.55,64.35,65.97,67.39,68.63,69.87,71.10,72.28,73.38,74.65,76.55,79.18,82.88,88.18,94.46,99.50,102.25,102.81,100.73,97.42,94.05,91.89,91.13,90.16,88.59,86.39,84.23,82.39,81.01,80.36,80.94,82.51,84.00,84.98,85.08,84.16,83.62,84.44,85.92,84.45,80.94,78.33,76.89,75.75,75.10,74.89,74.99,75.46,76.30,77.62,78.95,80.02,80.54,80.36,79.70,78.30,75.81,73.37,71.50,70.29,69.77,69.68,69.89,69.81,69.21,67.74,64.68,60.91,57.02,53.58,51.60,49.38,46.78,43.87,40.77,37.54,34.04,30.78,28.41,26.57,24.89,23.10,21.33,20.18,19.92,19.90,19.90,19.95,20.39,21.50,22.51,23.68,28.74,33.59,37.82,41.02,42.13,42.54,42.63,42.23,41.01,39.90,38.55,37.81,38.24,39.52,41.16,44.14,47.98,51.00,53.06,54.29,54.40,53.08,51.36,51.06,51.65,52.61,53.26,53.09,52.13,50.54,48.45,46.19,43.86,42.05,40.84,38.95,37.18,35.38,33.52,31.71,30.18,29.02,28.33,28.21,28.29,28.41,28.60,28.77,28.74,28.96,29.82,31.42,33.76,35.64,36.13,35.72,34.75,33.78,33.18,32.20,30.53,28.09,25.76,23.16,20.88,19.62,19.07,18.67,18.40,18.32,18.47,18.72,18.99,19.30,19.94,22.08,25.52,29.02,31.82,34.10,35.98,37.75,39.63,41.84,43.39,42.92,41.28,39.67,39.21,39.10,39.45,41.06,45.34,47.81,47.41,45.59,44.75,44.89,45.48,46.50,47.99,49.70,52.02,54.05,55.29,55.29,54.14,51.46,47.50,42.35,36.26,30.78,26.34,22.76,18.69,13.45,9.94,8.10,6.66,5.27,3.90,2.52,1.34,e,e,e,e,0.03,0.15,0.29,0.43,0.57,0.73,0.88,0.92,0.79,0.64,0.74,0.95
20.34,24.82,28.93,30.75,32.26,33.87,35.70,37.98,40.57,44.02,48.32,53.05,57.11,60.55,63.41,65.66,67.76,69.08,69.32,68.38,66.67,65.05,63.87,63.40,64.11,65.67,67.66,69.79,71.88,73.51,74.83,76.05,77.21,78.27,79.44,80.91,82.87,85.78,89.96,95.95,100.83,103.16,103.36,101.59,99.22,97.01,95.56,94.80,93.35,91.08,88.34,86.60,85.47,84.68,84.33,84.88,86.23,87.63,88.61,88.74,87.89,87.38,87.71,88.33,86.87,83.97,81.87,80.75,79.89,79.33,79.22,79.42,79.92,80.77,81.60,82.34,82.90,83.03,82.00,80.39,77.98,74.35,71.08,68.86,67.44,66.66,66.28,66.52,66.60,66.12,64.50,61.52,57.89,54.12,50.69,48.42,46.04,43.52,40.98,38.46,35.41,32.20,29.32,27.29,25.41,23.96,22.71,21.53,20.33,19.97,19.90,19.90,19.94,20.25,21.72,23.49,25.16,28.41,32.04,35.58,38.37,39.22,39.70,39.66,38.97,37.61,36.99,36.38,36.18,36.80,38.06,39.41,41.58,44.48,47.58,50.73,52.02,51.46,49.31,47.13,46.67,47.52,49.13,50.43,50.97,50.77,49.91,48.41,46.68,45.06,43.90,42.83,39.93,37.85,35.98,34.06,32.24,30.68,29.72,29.44,29.91,30.52,31.39,31.98,32.05,31.67,31.28,32.03,33.95,36.74,39.09,40.14,40.22,39.60,38.79,38.07,36.65,34.21,30.75,27.48,24.40,21.70,19.83,19.20,18.88,18.77,18.85,19.01,19.22,19.44,19.70,20.41,22.66,26.28,30.29,33.93,36.54,38.79,41.06,43.49,46.05,47.41,47.26,45.75,43.27,42.09,41.79,42.23,43.97,48.05,50.69,50.10,47.95,47.42,49.02,50.14,51.25,52.94,54.80,56.55,57.86,58.59,58.50,57.21,53.82,48.77,42.56,36.44,31.10,26.65,22.87,18.74,13.79,10.28,8.24,6.82,5.46,4.08,2.70,1.47,0.36,0.00,e,e,0.06,0.19,0.34,0.49,0.65,0.81,0.96,0.96,0.77,0.60,0.68,0.89
19.76,25.11,29.99,32.88,35.10,37.19,39.39,42.02,45.12,49.05,53.55,57.82,61.55,64.62,67.34,69.95,72.36,73.86,74.04,72.87,71.10,69.52,68.25,67.51,67.81,69.16,71.41,74.13,76.88,78.85,80.22,81.40,82.55,83.65,84.71,85.86,87.32,89.46,92.56,97.70,102.04,104.11,104.06,102.68,101.17,99.95,99.13,98.32,96.58,93.87,90.76,89.59,89.26,89.08,88.98,89.33,90.16,91.18,92.02,92.20,91.63,91.21,91.00,90.73,89.58,87.44,85.83,84.89,84.23,83.72,83.71,83.99,84.45,85.22,85.48,85.47,85.33,84.91,82.95,80.34,76.97,72.56,69.08,66.77,65.12,63.89,62.92,62.92,62.98,62.48,60.78,58.17,54.83,51.20,47.76,45.10,42.55,40.14,37.91,35.80,32.98,30.26,28.02,26.48,24.92,23.93,23.36,22.81,21.35,20.54,20.11,19.90,19.91,19.98,21.54,23.85,26.06,27.89,30.23,32.74,34.84,35.57,36.18,36.11,35.30,34.03,34.02,34.14,34.49,35.29,36.53,37.63,38.83,40.52,43.49,47.64,49.15,48.24,45.75,43.54,42.96,43.82,45.62,47.24,48.29,48.81,48.78,48.05,47.03,46.30,45.94,45.15,41.40,38.83,36.80,34.93,33.22,31.66,30.88,30.97,32.02,33.26,34.96,35.99,35.91,35.05,34.04,34.53,36.45,39.18,41.56,43.14,43.87,43.77,43.30,42.48,40.63,37.55,33.19,28.93,25.41,22.42,20.02,19.36,19.13,19.16,19.41,19.75,20.03,20.17,20.38,21.18,23.49,27.08,31.41,35.84,38.81,41.48,44.29,47.18,49.63,50.59,50.85,49.79,46.88,45.17,44.74,45.38,47.33,50.92,53.48,53.02,51.12,51.16,53.93,55.31,56.35,58.13,59.90,60.91,61.36,61.42,61.10,59.72,55.76,49.80,42.79,36.69,31.51,27.05,23.09,18.96,14.38,10.83,8.49,7.11,5.79,4.42,3.06,1.73,0.38,0.07,e,e,0.10,0.24,0.41,0.56,0.71,0.87,1.02,0.99,0.76,0.55,0.63,0.82
18.09,23.52,29.09,32.37,35.72,39.32,42.89,46.06,49.63,53.83,58.31,62.17,65.70,69.23,73.03,76.81,78.51,79.22,79.11,78.20,76.89,75.18,73.56,72.50,72.64,74.11,76.82,79.95,82.87,84.97,86.51,87.77,88.94,90.08,90.77,91.79,92.92,94.00,96.30,99.55,102.75,105.05,105.26,104.06,102.69,101.64,101.11,100.45,99.38,97.41,94.79,94.16,94.25,94.31,94.21,94.14,94.17,94.43,94.82,95.17,95.08,94.69,94.14,93.45,92.50,90.92,89.75,89.07,88.57,88.23,88.29,88.43,88.50,88.81,88.86,88.28,86.99,85.08,82.65,79.55,75.61,70.95,67.87,65.42,63.26,61.37,59.82,59.52,59.39,58.75,56.98,54.77,51.88,48.41,44.69,41.79,39.46,37.33,35.27,33.28,30.91,28.66,27.11,26.78,26.57,26.55,26.56,26.26,24.86,22.91,21.09,19.90,19.90,19.92,21.26,23.32,25.39,27.02,28.70,30.10,30.98,31.26,31.45,31.50,31.39,31.26,31.67,32.11,32.65,33.44,34.56,34.93,35.46,36.67,39.05,42.46,43.97,43.52,41.66,40.54,40.23,40.59,41.52,42.88,44.77,46.15,46.88,47.13,47.41,47.80,48.18,47.76,44.39,40.71,38.03,36.30,34.81,33.37,32.62,33.02,34.86,36.76,38.75,39.83,39.55,38.17,37.02,36.92,38.07,40.60,43.23,45.38,46.69,46.93,46.54,45.42,43.21,39.81,35.19,30.10,26.16,22.93,20.20,19.58,19.42,19.51,19.98,21.09,21.68,21.63,21.52,22.42,24.83,28.25,32.49,37.14,40.49,43.34,46.19,48.91,50.81,51.91,52.34,51.67,49.60,48.13,47.76,48.36,50.00,52.74,55.02,56.62,57.78,58.92,60.44,61.08,61.82,63.21,64.09,64.21,64.06,63.57,62.08,60.21,55.95,50.06,43.62,37.23,31.86,27.34,23.46,19.54,15.22,11.52,8.88,7.55,6.23,4.87,3.48,2.10,0.69,0.37,e,e,0.05,0.28,0.47,0.63,0.78,0.94,1.05,0.99,0.76,0.55,0.58,0.76
16.13,21.50,27.47,31.71,35.73,40.22,45.24,49.83,53.98,57.99,61.98,65.93,69.44,73.36,77.28,80.27,81.30,81.96,82.35,82.27,81.46,80.21,79.09,78.49,79.02,81.11,83.91,86.72,89.18,91.18,92.86,94.20,95.28,96.30,96.80,97.54,98.22,98.59,99.95,101.88,104.13,106.08,106.13,105.08,104.00,103.18,102.57,101.86,101.00,99.67,98.00,97.67,97.81,97.91,97.83,97.66,97.41,97.15,96.75,96.13,95.61,95.13,94.65,94.16,93.58,92.69,92.00,91.59,91.33,91.06,90.96,90.82,90.54,90.52,90.30,89.19,87.11,84.45,81.74,78.40,74.35,69.94,67.06,64.48,62.01,59.74,57.81,56.60,55.79,54.87,53.13,51.19,48.58,45.39,41.97,39.39,37.22,35.27,33.42,31.51,29.75,28.42,27.77,28.07,28.57,28.98,29.20,29.01,27.77,25.00,22.01,19.90,19.90,19.90,20.98,22.72,24.61,26.23,27.54,28.43,28.87,28.93,28.96,29.09,29.31,29.64,30.15,30.63,31.08,31.60,32.26,32.27,32.44,33.29,35.40,38.29,40.06,40.34,39.28,38.72,38.51,38.66,39.20,40.22,41.90,43.55,44.91,45.95,47.40,48.65,49.48,49.40,47.28,43.56,40.20,37.81,36.42,35.03,34.38,34.96,37.02,39.12,41.25,42.71,42.95,41.58,40.35,39.90,40.48,42.51,45.28,47.96,49.82,50.39,49.97,48.34,45.62,41.91,37.03,31.27,27.00,23.70,20.87,20.05,20.18,20.84,21.92,23.22,23.80,23.60,23.15,23.46,25.89,29.07,32.85,37.04,40.20,42.98,45.80,48.52,50.51,51.87,53.00,53.49,52.77,51.84,52.02,52.90,54.33,56.36,58.34,60.66,62.87,64.09,65.07,65.74,66.52,67.43,67.42,66.41,65.18,63.81,61.77,58.84,54.29,49.04,43.83,37.69,32.23,27.80,24.25,20.53,16.39,12.50,9.46,8.01,6.65,5.25,3.85,2.45,1.05,0.72,e,e,0.03,0.32,0.51,0.69,0.84,0.99,1.07,0.99,0.76,0.55,0.54,0.69
13.99,19.18,25.21,30.84,35.25,40.11,46.39,52.87,57.73,61.33,64.56,68.77,72.32,76.39,79.72,80.79,81.29,82.39,83.70,84.67,84.52,84.27,84.31,84.82,86.23,89.19,91.76,93.75,95.35,97.11,98.88,100.20,101.10,101.93,102.44,102.89,103.15,103.11,103.50,104.49,105.76,106.78,106.37,105.48,104.82,104.31,103.52,102.72,101.79,100.91,100.30,100.10,100.07,100.05,100.00,99.88,99.60,98.89,97.50,95.36,93.87,93.21,93.02,93.05,92.93,92.72,92.49,92.36,92.42,92.26,91.96,91.55,91.09,90.86,90.33,88.76,86.15,83.30,80.44,77.06,73.26,69.44,66.59,63.90,61.29,58.87,56.81,54.39,52.59,51.27,49.64,47.91,45.56,42.80,40.02,38.07,36.10,34.28,32.59,30.77,29.63,29.32,29.55,30.07,30.74,31.09,31.18,30.88,29.76,26.49,22.70,19.90,19.90,19.90,20.70,22.11,23.82,25.48,26.59,27.41,27.95,27.99,28.06,28.23,28.49,28.83,29.23,29.58,29.82,29.95,30.03,29.98,30.01,30.59,32.55,35.16,37.30,38.38,38.10,37.67,37.47,37.61,38.14,38.88,39.75,41.21,42.96,44.62,47.03,48.95,50.05,50.23,49.73,46.85,43.08,39.66,38.02,36.58,36.09,36.75,38.63,40.68,42.90,44.93,46.13,45.30,44.11,43.48,43.65,44.95,47.88,51.03,53.34,54.14,53.60,51.26,47.93,43.84,38.70,32.51,28.00,24.68,21.94,20.88,21.50,23.02,24.84,25.90,26.20,25.84,25.02,24.35,26.63,29.46,32.58,35.93,38.53,41.05,43.77,46.59,49.09,50.80,52.92,54.91,55.86,55.83,56.94,58.42,59.84,61.40,63.11,65.06,66.75,67.39,68.33,69.44,70.37,70.67,69.78,67.62,65.12,62.72,60.35,56.08,51.41,47.15,43.40,37.99,32.60,28.34,25.23,21.71,17.77,13.66,10.17,8.46,7.03,5.59,4.16,2.76,1.41,1.10,e,e,e,0.37,0.53,0.74,0.91,1.06,1.10,0.99,0.76,0.54,0.50,0.63
11.77,16.37,21.71,28.81,33.89,38.84,45.32,53.00,58.65,62.40,65.22,68.73,71.84,75.25,77.88,78.55,78.92,80.13,81.56,82.92,84.25,85.62,87.27,89.42,92.36,95.75,97.75,98.91,99.89,101.45,102.86,103.87,104.57,105.37,106.16,106.99,107.49,107.30,107.17,106.78,106.19,105.44,104.51,103.84,103.53,103.42,103.25,103.07,102.36,101.57,101.10,100.91,100.72,100.52,100.33,100.06,98.93,97.12,94.87,92.46,90.61,89.83,89.61,89.66,89.68,89.64,89.69,89.91,90.38,90.83,91.03,91.05,90.91,90.67,89.95,88.03,85.05,82.00,79.03,75.94,72.69,69.42,66.59,63.88,61.29,59.00,57.24,54.29,51.68,49.76,48.26,46.91,45.38,43.41,41.01,39.18,37.96,36.49,34.64,33.00,31.80,31.41,31.70,32.46,32.88,32.80,32.25,31.19,29.58,26.20,22.53,19.90,19.90,19.90,20.35,21.42,23.09,24.59,25.57,26.36,26.96,27.08,27.20,27.43,27.75,28.17,28.64,28.96,29.19,29.35,29.40,29.35,29.43,29.85,31.02,33.39,35.58,36.85,36.84,36.56,36.45,36.65,37.18,37.96,38.74,39.78,41.20,43.27,46.03,48.59,50.11,50.33,50.35,49.12,46.46,42.90,39.66,37.95,37.57,38.23,39.97,42.30,44.77,47.16,49.06,49.63,48.92,48.15,47.71,48.20,51.74,55.34,57.67,58.15,57.26,54.09,49.84,45.07,39.87,33.99,29.40,25.91,23.39,22.93,24.23,26.13,27.91,28.80,28.69,27.83,26.50,25.35,26.82,29.02,31.59,34.40,36.51,38.64,41.04,43.74,46.61,48.94,51.39,54.00,56.52,58.34,60.90,63.30,65.25,67.30,68.77,69.89,70.68,71.01,71.55,72.32,72.57,71.70,69.88,67.22,64.34,61.22,57.23,52.48,48.47,45.14,41.96,37.81,32.82,28.63,25.65,22.49,18.98,14.89,11.01,8.81,7.30,5.85,4.42,3.03,1.73,1.43,e,e,e,0.27,0.48,0.77,0.96,1.13,1.09,0.93,0.71,0.53,0.46,0.57
9.25,13.89,18.82,26.39,32.23,37.41,43.45,51.42,57.61,61.73,64.53,67.41,70.00,72.63,74.59,75.20,75.62,76.82,78.30,80.02,82.47,84.97,88.12,91.91,96.09,99.71,101.66,102.68,103.53,105.06,106.37,107.19,107.69,108.35,108.97,109.75,110.21,109.80,109.16,107.42,105.35,103.46,102.22,101.87,101.95,102.19,102.52,102.77,102.37,101.76,101.32,101.07,100.76,100.40,99.88,98.90,96.82,94.21,91.48,89.01,86.91,86.08,85.84,85.86,85.93,85.96,86.19,86.63,87.27,87.97,88.74,89.47,90.02,90.18,89.37,87.26,84.14,81.06,78.24,75.52,72.81,70.07,67.56,65.06,62.54,60.14,58.24,55.41,52.73,50.58,49.06,47.99,47.05,45.76,43.91,42.29,41.42,40.12,38.19,36.45,34.98,34.19,34.08,34.45,34.15,33.37,32.20,30.53,28.24,24.96,21.89,19.90,19.90,19.90,20.19,21.02,22.48,23.66,24.52,25.29,25.94,26.18,26.38,26.69,27.09,27.59,28.12,28.45,28.71,28.93,29.01,29.02,29.21,29.59,30.23,32.02,34.05,35.39,35.50,35.39,35.41,35.70,36.29,37.13,37.92,38.72,39.84,41.67,44.22,47.11,49.29,50.19,50.45,50.29,48.77,45.74,41.69,39.74,39.27,39.88,41.56,43.92,46.52,49.31,52.08,54.04,53.90,53.18,52.54,52.73,56.11,59.39,61.40,61.52,59.77,55.82,50.93,45.71,40.48,35.04,30.65,27.19,24.77,24.59,26.45,28.84,30.91,31.96,31.65,30.21,28.25,26.74,27.12,28.55,30.55,32.86,34.78,36.85,39.18,41.84,44.86,47.56,50.33,53.42,56.96,60.27,63.92,67.11,69.58,71.92,73.43,74.30,74.71,74.72,74.68,74.42,73.49,71.56,69.03,66.09,62.98,59.36,54.41,49.81,46.40,43.62,40.66,37.14,32.72,28.83,25.90,22.96,19.74,15.56,11.38,9.04,7.54,6.14,4.74,3.38,2.09,1.59,e,e,e,0.18,0.41,0.76,1.02,1.19,1.10,0.90,0.67,0.50,0.41,0.50
6.48,11.91,16.90,23.75,30.33,35.95,41.05,48.25,54.59,59.25,62.46,64.97,67.06,68.89,70.28,70.92,71.53,72.66,74.29,76.49,79.45,82.43,86.75,91.98,96.89,100.66,103.18,104.91,106.25,107.98,109.53,110.38,110.69,111.04,110.98,111.08,111.02,110.27,109.01,106.13,103.23,101.13,99.79,99.86,100.34,100.89,101.47,101.75,101.70,101.45,101.05,100.66,100.23,99.70,98.71,96.44,93.55,90.67,87.94,85.40,83.08,82.22,82.00,81.99,82.03,82.10,82.41,82.92,83.41,83.88,85.11,86.73,88.29,89.26,88.59,86.51,83.52,80.63,78.27,76.01,73.73,71.50,69.63,67.63,65.23,62.45,59.82,57.70,55.74,53.84,52.15,51.20,50.42,49.56,48.48,47.21,46.14,44.77,42.90,40.70,38.79,37.38,36.42,35.68,34.23,32.54,30.84,28.88,25.84,22.89,20.87,19.90,19.90,19.91,20.29,21.07,22.14,22.81,23.53,24.27,24.93,25.28,25.59,26.02,26.54,27.07,27.61,27.98,28.28,28.54,28.64,28.77,29.07,29.54,30.11,30.97,32.61,33.97,34.14,34.23,34.42,34.86,35.56,36.38,37.14,38.02,38.93,39.87,41.62,44.47,47.49,49.77,50.23,50.28,49.61,47.74,44.13,41.99,41.28,41.81,43.54,45.58,48.16,51.47,55.25,58.33,58.81,58.46,58.15,58.59,60.80,62.90,64.24,64.02,60.79,56.15,51.01,45.73,40.54,35.54,31.67,28.52,26.02,25.56,27.78,30.87,33.75,35.36,35.14,33.13,30.44,28.61,27.69,28.26,29.64,31.45,33.59,36.01,38.61,41.38,44.37,47.08,50.24,53.82,57.69,61.84,66.05,69.70,72.55,74.81,76.71,78.11,78.80,78.41,77.62,75.69,73.21,70.52,67.59,64.52,61.17,57.27,52.43,48.56,45.48,42.72,39.75,36.00,32.29,28.95,26.02,23.11,19.88,15.48,11.10,9.10,7.74,6.45,5.13,3.82,2.51,1.29,0.63,e,e,0.11,0.35,0.73,1.06,1.24,1.12,0.89,0.66,0.45,0.34,0.44
5.00,9.94,15.07,21.42,28.34,34.32,38.94,44.65,50.27,55.13,58.95,61.47,63.10,64.30,65.13,65.59,66.34,67.86,70.11,73.03,76.25,79.80,84.53,89.99,95.13,99.85,102.68,104.91,107.38,109.54,111.13,111.95,112.19,112.28,112.04,111.78,111.36,110.36,108.25,104.80,101.52,99.08,97.46,97.37,98.09,99.22,100.41,100.78,100.84,100.71,100.37,99.61,98.54,97.36,95.81,93.10,90.74,88.58,86.16,83.14,80.62,79.31,78.65,78.29,77.93,77.94,78.28,78.76,79.26,79.95,81.16,82.91,85.03,86.62,87.23,86.10,83.50,80.89,78.86,77.04,75.29,73.58,71.91,70.25,68.38,66.01,62.92,60.90,59.07,57.23,55.65,54.71,53.74,52.67,51.55,50.37,49.37,47.98,45.96,43.33,40.79,38.24,36.07,34.72,32.81,30.61,28.23,25.64,22.73,21.09,20.25,19.90,19.91,20.02,20.80,21.92,22.91,23.30,23.67,24.06,24.40,24.63,24.99,25.48,26.02,26.56,27.14,27.53,27.84,28.12,28.30,28.59,29.02,29.54,30.09,30.72,31.89,33.02,33.61,34.20,34.72,35.33,36.03,36.61,37.03,37.61,38.30,39.03,40.22,42.70,45.54,47.98,49.50,50.08,49.96,48.81,45.84,43.37,42.96,43.99,45.74,47.59,50.61,54.42,58.45,61.56,63.05,63.80,63.99,63.71,64.80,66.51,67.27,65.71,61.07,55.78,50.50,45.40,40.58,36.45,32.99,29.94,27.41,26.52,28.88,32.44,35.93,38.16,38.31,36.29,33.21,30.61,28.92,28.74,29.50,31.07,33.71,36.53,39.40,42.33,45.42,48.41,51.84,55.62,59.72,64.37,68.56,72.17,75.12,77.41,79.80,81.79,82.63,81.24,79.32,76.68,73.75,70.78,67.72,64.33,60.67,56.68,52.35,48.61,45.36,42.29,39.14,35.64,32.18,28.97,25.99,22.79,18.97,14.34,10.23,8.80,7.68,6.56,5.42,4.25,2.95,1.64,0.99,e,e,0.10,0.41,0.67,1.02,1.16,1.05,0.86,0.66,0.44,0.30,0.38
3.94,7.70,13.27,19.48,26.39,32.38,36.68,40.98,45.68,50.42,54.62,57.22,58.59,59.43,59.94,60.26,61.16,63.10,65.95,69.49,73.11,77.17,82.00,87.22,92.25,97.57,101.03,104.05,107.50,110.22,111.90,112.75,112.98,112.92,112.65,112.19,111.52,110.28,107.35,103.40,99.84,97.23,95.30,94.77,95.48,96.98,98.58,99.13,99.27,99.22,98.89,97.85,96.23,94.50,92.55,89.87,88.05,86.68,84.78,81.68,79.08,77.22,75.88,74.92,74.08,73.90,74.14,74.65,75.35,76.47,77.70,79.49,82.05,84.17,85.88,85.56,83.28,80.87,78.79,77.04,75.56,74.27,72.86,71.61,70.31,68.52,65.41,63.37,61.52,59.61,57.89,56.70,55.49,54.25,53.06,51.99,51.01,49.48,47.21,44.33,41.26,37.52,34.19,32.50,30.56,27.97,25.17,22.50,20.35,19.90,19.90,19.94,20.11,20.51,21.72,23.10,23.97,24.18,24.27,24.33,24.37,24.44,24.80,25.25,25.73,26.23,26.77,27.14,27.46,27.77,28.06,28.46,28.96,29.51,30.05,30.63,31.62,32.72,33.71,34.69,35.47,36.19,36.85,37.25,37.38,37.66,38.14,38.76,39.49,41.45,43.83,46.09,48.36,49.44,49.78,49.25,47.04,44.68,44.73,46.26,48.13,50.09,53.57,57.60,61.46,64.39,66.78,68.65,69.52,68.83,69.01,70.09,69.97,66.96,61.03,55.28,50.00,45.11,40.66,37.31,34.22,31.27,28.75,27.55,30.04,33.95,37.82,40.33,40.81,39.06,35.95,32.77,30.43,29.73,30.20,31.74,34.59,37.58,40.56,43.56,46.65,49.57,53.06,57.01,61.36,66.67,70.96,74.53,77.56,80.11,82.95,85.31,86.19,84.19,81.19,77.96,74.71,71.44,68.04,64.29,60.33,56.30,52.38,48.67,45.22,41.90,38.63,35.40,32.08,28.83,25.64,22.13,17.68,13.06,9.46,8.46,7.50,6.51,5.51,4.48,3.25,2.00,1.34,e,e,e,0.61,0.72,1.00,1.13,0.99,0.80,0.64,0.43,0.26,0.30
2.78,4.86,11.52,18.27,24.55,29.88,33.97,37.39,41.20,45.31,49.23,51.93,53.40,54.40,55.09,55.55,56.61,58.80,61.90,65.78,70.17,74.58,79.21,83.85,88.25,92.98,97.97,102.54,106.27,109.63,111.69,112.71,113.01,113.03,112.78,112.28,111.53,110.07,106.45,101.84,98.07,95.64,93.45,92.19,92.41,93.64,95.04,95.94,96.28,96.27,95.89,94.80,93.21,91.38,89.40,87.31,85.41,84.40,83.38,81.24,78.81,76.41,74.14,72.16,70.93,70.25,70.23,70.86,72.16,73.86,75.48,77.59,80.52,83.10,84.89,84.57,82.34,79.89,77.00,74.48,72.61,71.54,70.72,70.10,69.34,68.03,65.68,63.73,61.81,59.66,57.16,55.18,53.81,52.78,51.94,51.15,49.97,48.00,45.35,42.62,39.29,34.61,30.35,28.71,27.28,24.38,21.77,20.49,19.99,19.90,19.90,20.05,20.69,21.74,23.28,24.59,25.09,25.21,25.30,25.28,25.18,25.15,25.36,25.64,25.94,26.28,26.59,26.89,27.22,27.61,28.03,28.38,28.86,29.43,29.92,30.46,31.94,33.62,34.77,35.72,36.52,37.20,37.77,38.25,38.41,38.60,38.88,39.20,39.59,40.89,42.70,44.69,46.62,47.92,48.71,48.76,47.48,46.34,46.90,48.57,50.78,53.53,57.24,60.85,63.98,66.91,69.79,72.42,74.22,74.35,74.06,73.54,71.80,67.66,60.64,54.93,49.86,45.08,40.80,37.80,35.09,32.34,29.84,28.74,31.44,35.54,39.42,41.47,42.05,40.83,38.32,35.25,32.21,31.46,32.31,34.14,36.44,39.06,41.83,44.66,47.47,49.41,52.59,56.70,61.41,67.99,72.92,76.70,79.90,83.22,86.38,88.56,89.35,87.92,84.12,80.02,76.10,72.25,67.93,63.81,59.68,55.53,51.63,48.05,44.61,41.31,38.18,35.00,31.80,28.37,24.67,20.93,16.13,12.02,9.27,8.26,7.21,6.19,5.21,4.25,3.21,2.21,1.22,0.33,e,e,1.01,1.02,1.11,1.30,1.00,0.69,0.59,0.42,0.21,0.21
1.81,3.58,9.71,16.45,22.56,27.56,31.28,34.45,37.64,40.73,43.56,45.77,47.38,48.61,49.68,50.91,52.89,55.62,58.99,62.97,67.33,71.82,76.25,80.43,84.17,88.36,93.00,98.24,103.72,107.34,110.12,111.90,112.74,112.86,112.63,112.14,111.40,109.74,104.95,100.34,96.79,94.27,91.85,90.14,89.82,90.55,91.68,92.51,92.96,93.04,92.63,91.62,89.93,87.90,85.85,84.18,82.96,82.41,81.84,80.42,78.33,75.80,73.14,70.66,68.87,67.73,67.56,68.22,69.58,71.98,74.46,77.15,80.17,82.63,83.84,83.18,80.77,77.55,74.28,71.31,68.95,67.60,66.80,66.53,66.28,65.62,64.15,62.51,60.45,57.97,55.26,53.05,51.63,50.53,49.43,48.30,46.88,44.96,42.45,39.33,35.44,31.22,27.69,25.78,23.95,21.90,20.43,19.94,19.93,20.42,20.96,21.53,22.39,23.35,24.74,25.86,26.14,26.20,26.15,26.01,25.82,25.80,25.98,26.21,26.46,26.72,26.96,27.19,27.46,27.80,28.21,28.55,28.93,29.36,29.84,30.67,32.45,34.47,35.96,36.79,37.58,38.27,38.84,39.52,39.84,40.26,40.87,41.58,42.36,43.27,44.49,45.98,47.01,47.48,47.78,47.81,47.16,47.52,48.83,50.79,53.33,56.30,59.68,62.90,65.85,68.97,72.17,75.31,77.59,77.88,77.58,75.93,72.76,67.68,60.65,55.00,49.95,45.21,41.13,38.16,35.52,32.91,30.57,29.67,32.68,36.94,40.75,42.69,43.25,41.94,39.42,36.63,33.92,33.59,34.77,36.73,38.84,40.87,43.05,45.38,47.59,49.28,52.46,56.47,60.78,67.36,73.02,77.84,82.06,85.82,88.51,90.01,90.43,89.48,86.06,81.50,76.84,72.44,67.77,63.37,58.67,53.93,50.19,46.83,43.49,40.25,37.27,34.25,31.09,27.49,23.52,19.90,15.31,11.54,9.14,8.20,7.49,6.58,5.59,4.63,3.63,2.68,1.84,1.26,e,e,0.63,0.72,1.01,1.28,1.03,0.70,0.49,0.37,0.18,0.17
1.52,3.00,7.86,14.11,20.32,25.30,28.62,31.72,34.44,36.59,38.27,39.83,41.38,42.70,44.17,46.38,49.58,53.07,56.88,60.95,64.92,69.18,73.33,77.12,80.40,84.20,88.09,93.65,100.90,104.80,108.36,110.95,112.31,112.53,112.33,111.89,111.20,109.39,103.59,99.22,95.97,93.27,90.64,88.59,87.61,87.63,88.39,88.99,89.45,89.59,89.16,88.26,86.45,84.32,82.31,81.00,80.57,80.45,80.20,79.40,77.72,75.21,72.42,69.68,67.36,65.72,65.36,65.97,67.26,70.31,73.73,77.12,80.23,82.37,82.83,81.67,78.95,74.84,71.15,67.77,65.00,63.38,62.46,62.40,62.54,62.45,61.73,60.44,58.24,55.46,52.72,50.44,48.91,47.59,46.13,44.69,43.23,41.66,39.62,36.36,32.09,28.47,25.61,23.28,21.13,20.21,19.95,20.01,20.28,21.39,22.54,23.53,24.45,25.09,26.16,27.02,27.12,27.10,26.91,26.65,26.43,26.44,26.62,26.85,27.08,27.32,27.55,27.73,27.91,28.15,28.50,28.81,29.08,29.36,29.84,31.23,33.37,35.59,37.23,37.94,38.73,39.52,40.27,41.21,41.82,42.69,43.80,44.96,46.15,46.87,47.64,48.55,48.67,48.19,47.70,47.30,46.95,48.41,50.34,52.58,55.32,58.20,61.12,64.03,67.00,70.32,73.93,77.44,79.91,80.13,79.95,77.39,73.02,67.28,60.80,55.25,50.19,45.49,41.53,38.48,35.81,33.27,31.12,30.68,33.97,38.27,41.99,43.99,44.53,42.96,40.19,37.68,35.70,35.90,37.38,39.42,41.50,43.07,44.62,46.24,47.80,49.65,53.00,56.84,60.53,66.44,72.78,78.73,83.87,87.80,89.86,90.64,90.69,90.06,87.18,82.35,77.14,72.34,67.59,63.03,57.70,52.20,48.59,45.40,42.17,38.99,36.09,33.21,30.04,26.31,22.22,18.91,14.74,11.34,9.19,8.39,8.04,7.28,6.28,5.32,4.41,3.54,2.90,2.53,e,e,0.13,0.33,0.89,1.21,1.03,0.68,0.38,0.30,0.15,0.13
e,e,5.79,10.58,17.38,23.03,26.09,28.92,31.41,33.34,34.76,35.77,36.41,37.29,38.99,42.15,46.67,51.34,56.11,60.66,63.91,67.18,70.67,74.28,77.87,81.75,85.77,91.43,98.79,103.42,107.59,110.41,111.70,111.97,111.90,111.55,110.86,109.06,103.50,99.37,96.19,93.36,90.54,88.12,86.17,85.00,85.14,85.39,85.67,85.70,85.25,84.39,82.67,80.81,79.25,78.37,78.16,78.20,78.31,78.23,76.89,74.53,71.80,69.04,66.44,64.14,63.27,63.69,65.01,68.46,72.53,76.66,80.30,82.13,81.99,80.25,77.03,72.43,67.69,63.76,60.98,59.64,58.88,58.82,58.98,58.98,58.39,57.25,55.06,52.16,49.32,46.91,44.91,43.18,41.73,40.91,40.20,39.41,38.34,36.48,32.92,28.48,24.18,21.22,20.24,19.97,20.02,20.50,21.73,23.27,24.60,25.65,26.43,26.83,27.52,28.04,27.95,27.78,27.52,27.28,27.13,27.13,27.28,27.48,27.72,27.95,28.18,28.36,28.50,28.63,28.84,29.08,29.36,29.62,30.11,32.58,35.51,37.70,38.56,39.34,40.22,41.37,42.74,44.02,45.27,46.91,48.53,49.46,50.27,51.23,52.00,52.32,52.18,51.65,50.45,48.91,48.07,48.81,50.66,53.00,55.43,57.87,60.51,63.34,66.39,69.78,74.18,77.92,80.17,80.25,80.07,76.86,71.87,66.19,60.94,55.65,50.65,46.07,41.99,38.83,36.13,33.56,31.55,32.33,35.57,39.59,43.29,45.44,46.15,44.46,41.39,38.85,37.78,38.41,40.04,42.23,44.41,46.23,47.39,48.09,49.15,51.73,55.45,59.24,62.52,66.88,73.68,79.99,84.59,88.24,89.98,90.58,90.55,89.82,86.62,81.77,76.69,72.05,67.44,63.00,57.31,51.09,47.22,44.00,40.80,37.60,34.53,31.59,28.35,24.55,20.58,17.85,14.21,11.40,9.81,9.27,8.94,8.16,7.22,6.45,5.93,5.42,4.71,3.69,2.06,e,e,e,e,1.13,0.84,0.46,0.20,e,0.03,0.04
e,e,3.34,7.64,13.80,19.48,23.42,26.13,28.37,30.08,31.23,31.83,32.02,32.75,34.70,38.54,43.73,49.15,54.54,59.48,62.82,65.93,69.27,72.97,77.08,81.08,85.13,90.36,97.00,102.03,105.98,108.58,109.98,110.68,111.08,111.06,110.49,108.69,103.94,100.26,97.19,94.25,91.25,88.56,85.95,83.72,82.52,82.10,82.11,82.06,81.60,80.72,79.29,77.79,76.49,75.70,75.58,75.77,76.19,76.72,76.18,74.10,71.56,68.87,65.53,62.67,61.31,61.35,62.67,66.33,70.79,75.40,79.45,81.34,81.25,79.38,75.85,70.88,65.19,60.99,58.36,56.95,55.94,55.68,55.72,55.72,55.22,53.97,51.68,48.71,45.80,43.50,41.80,40.40,39.23,38.65,38.23,37.75,37.08,35.94,33.58,29.94,25.29,20.58,19.91,20.22,20.68,21.44,23.31,25.07,26.57,27.83,28.72,28.59,28.71,28.85,28.66,28.40,28.13,27.91,27.79,27.83,27.93,28.12,28.35,28.58,28.79,28.91,28.99,29.05,29.17,29.41,30.23,31.47,32.85,35.98,38.59,40.14,40.67,41.51,42.34,43.43,44.89,46.56,48.57,50.75,52.50,53.13,53.67,54.68,55.67,56.29,56.62,56.51,55.33,53.26,51.13,49.85,50.51,52.35,54.64,56.91,59.36,62.12,65.25,68.80,73.72,77.83,80.13,79.89,78.80,75.30,70.56,65.51,60.91,55.95,51.13,46.61,42.43,39.10,36.31,33.95,32.57,34.17,37.16,40.81,44.60,47.34,48.13,46.46,43.47,40.95,39.95,40.65,42.23,44.33,46.77,49.27,50.91,51.76,52.78,55.46,58.74,62.02,65.15,69.20,75.81,81.46,84.93,87.83,89.12,89.29,88.81,87.65,84.23,79.85,75.37,71.07,66.75,62.35,56.49,50.04,46.15,42.81,39.49,36.13,32.82,29.69,26.34,22.77,19.34,16.98,14.26,12.32,11.28,10.90,10.45,9.79,9.02,8.30,7.85,7.45,6.68,5.29,3.22,2.37,1.70,e,e,1.10,0.76,0.36,0.12,e,0.00,0.00
e,e,1.12,5.33,10.03,15.22,20.42,23.27,25.26,26.70,27.63,27.99,28.15,29.02,31.23,35.39,40.71,46.39,52.00,57.17,61.21,64.83,68.50,72.54,77.18,81.36,85.25,89.71,95.05,100.04,103.33,105.59,107.27,108.70,109.92,110.49,110.17,108.44,104.76,101.64,98.76,95.80,92.66,89.68,86.62,83.50,80.71,79.40,78.94,78.69,78.23,77.26,76.20,75.03,73.86,73.00,72.92,73.28,74.00,75.04,75.54,73.87,71.59,69.00,64.76,61.43,59.55,59.12,60.41,64.03,68.61,73.40,77.70,79.98,80.40,78.74,75.12,70.03,63.66,59.33,56.80,55.03,53.52,52.85,52.67,52.63,52.18,50.60,48.11,45.17,42.44,40.51,39.55,38.87,38.06,37.41,36.96,36.45,35.75,34.82,33.73,31.80,27.66,20.99,20.15,20.97,21.82,22.66,24.81,26.68,28.48,30.26,31.63,31.01,30.44,30.05,29.57,29.05,28.74,28.55,28.45,28.51,28.59,28.76,28.98,29.19,29.34,29.39,29.40,29.43,29.55,29.88,31.54,34.21,36.82,40.19,41.97,42.72,43.28,44.17,44.87,45.65,46.83,48.90,51.63,54.18,55.92,56.30,56.67,57.60,58.92,60.41,61.60,62.09,61.28,59.05,55.41,51.76,50.62,51.42,53.34,55.61,57.96,60.69,63.92,67.70,72.90,77.31,79.75,79.08,76.68,73.15,69.17,64.99,60.62,56.03,51.43,46.95,42.74,39.25,36.38,34.38,34.01,36.02,38.76,42.14,46.05,49.50,50.29,48.76,46.06,43.61,42.14,42.66,44.12,45.98,48.71,52.05,54.75,56.53,57.85,60.10,62.47,65.02,68.25,72.83,78.57,82.83,84.91,86.77,87.48,87.07,85.92,84.18,80.74,77.11,73.41,69.54,65.58,61.17,55.33,49.06,45.29,41.76,38.18,34.58,31.05,27.72,24.33,21.18,18.52,16.47,14.92,13.93,13.40,13.18,12.64,12.19,11.67,10.95,10.32,9.78,8.84,7.27,5.02,2.83,1.98,e,e,e,e,e,e,e,e,e
e,e,0.96,4.00,7.33,11.69,16.26,19.98,21.81,22.99,23.94,24.48,25.20,26.63,28.95,32.55,37.48,42.34,47.27,52.36,57.34,62.07,66.79,71.53,76.20,80.47,84.08,87.58,91.32,95.16,98.38,100.96,103.18,105.61,108.33,109.96,110.31,109.08,105.98,103.23,100.79,98.29,95.04,91.49,87.87,84.26,80.88,78.75,77.10,75.97,75.34,74.19,73.10,72.00,70.97,70.35,70.47,71.14,72.23,73.61,74.81,73.73,71.78,69.24,64.86,61.05,58.55,57.62,58.87,61.90,65.92,70.23,74.28,77.40,78.72,77.52,74.15,69.99,63.84,59.09,55.90,53.66,51.65,50.38,49.76,49.57,49.03,46.75,44.00,41.60,40.27,39.19,38.54,37.93,37.11,36.30,35.73,35.13,34.38,33.50,32.63,31.21,27.89,22.16,21.71,22.87,23.61,23.82,25.61,27.71,30.55,33.88,36.66,36.83,35.69,33.98,31.97,30.02,29.38,29.20,29.13,29.16,29.27,29.43,29.58,29.66,29.71,29.73,29.75,29.84,30.14,30.92,33.09,36.15,38.78,41.61,43.75,45.13,45.88,46.83,47.45,48.05,49.04,51.21,54.25,57.29,59.48,59.98,60.17,61.00,62.59,64.76,66.52,67.08,65.91,63.23,59.61,55.87,53.60,52.41,52.18,54.22,56.69,59.60,63.11,67.25,72.27,76.17,78.10,77.26,74.60,71.25,67.58,63.63,59.53,55.22,50.82,46.47,42.39,39.09,36.30,34.79,35.50,37.53,40.64,44.35,48.23,51.37,52.22,50.84,48.33,46.00,44.19,44.59,46.01,47.77,50.40,54.11,57.84,60.91,62.61,64.05,65.78,68.26,72.01,76.94,80.51,82.85,84.20,84.91,84.90,84.10,82.63,80.45,77.57,74.34,70.97,67.47,63.77,59.37,53.95,48.35,44.56,40.73,36.66,32.73,29.42,26.48,23.38,20.64,18.60,17.31,16.71,16.29,16.08,16.35,16.23,16.15,15.93,15.36,14.54,13.32,11.53,9.25,6.74,4.50,3.27,1.81,0.29,e,0.10,0.34,0.83,1.13,0.94,0.80
e,e,e,2.65,5.02,8.51,12.25,16.38,18.33,19.50,20.48,21.41,22.72,24.63,27.06,30.18,34.45,38.68,43.26,48.44,53.99,59.29,64.52,69.53,74.02,78.38,81.98,84.99,87.65,90.44,93.30,96.11,98.97,102.32,106.32,109.11,110.33,109.60,107.16,104.78,102.63,100.47,97.56,93.83,89.86,85.91,82.17,79.23,76.73,74.81,73.50,71.80,70.23,69.00,68.15,67.77,68.08,69.06,70.47,72.11,73.67,73.24,71.78,69.37,64.97,60.84,57.86,56.53,57.67,60.20,63.77,67.63,71.28,74.58,76.48,76.00,73.42,70.14,64.70,59.76,55.80,52.73,50.28,48.62,47.56,46.90,45.96,43.58,41.12,39.37,38.85,38.25,37.70,37.06,36.18,35.28,34.61,33.92,33.14,32.34,31.53,30.28,27.72,23.70,23.74,25.05,25.59,25.15,26.09,28.10,31.48,35.76,39.65,40.90,39.82,37.60,34.98,32.34,31.22,30.91,31.02,31.45,32.37,33.02,33.25,33.02,32.54,31.94,31.44,31.23,31.43,32.19,34.28,37.22,39.69,42.39,45.01,47.05,48.17,49.18,49.79,50.30,51.21,53.46,56.60,60.02,62.82,63.96,64.23,64.86,66.33,68.59,70.52,70.70,69.21,66.45,63.03,59.66,56.85,54.38,52.55,53.26,55.61,58.70,62.35,66.77,71.35,74.65,76.14,75.22,72.80,69.44,65.71,61.86,58.06,54.02,49.89,45.79,41.92,39.01,36.54,35.41,36.72,38.77,42.22,46.19,50.08,53.13,54.13,52.90,50.46,48.16,46.25,46.47,47.80,49.63,52.30,55.91,60.43,64.85,66.94,67.90,69.63,72.35,75.98,79.99,82.01,83.01,83.45,83.18,82.52,81.17,79.21,76.80,74.29,71.52,68.47,65.10,61.47,57.11,52.21,47.35,43.68,39.80,35.50,31.46,28.47,26.08,23.58,21.36,19.77,19.05,19.05,19.33,19.87,20.76,21.08,20.92,20.46,19.63,18.29,16.25,13.67,10.79,8.09,5.89,3.95,2.20,0.95,e,0.88,1.01,1.48,1.74,1.53,1.38
e,e,e,1.33,3.13,5.80,8.82,12.56,14.92,16.33,17.39,18.89,20.69,22.92,25.47,28.37,31.77,35.81,40.63,46.17,51.74,56.86,61.80,66.47,70.61,75.04,78.93,82.04,84.33,86.45,88.60,91.39,94.90,98.93,103.80,107.79,110.00,109.72,108.10,106.12,104.07,102.03,99.92,96.53,92.50,88.31,84.39,80.73,77.89,75.42,72.94,70.35,67.88,66.24,65.50,65.26,65.72,66.94,68.63,70.48,72.10,72.35,71.53,69.35,65.01,60.75,57.49,55.81,56.68,58.94,62.32,65.91,69.06,71.79,73.83,74.27,72.97,70.35,65.97,61.15,56.39,52.15,49.40,47.65,46.22,44.78,43.17,41.41,39.88,38.77,38.16,37.53,36.94,36.23,35.34,34.49,33.73,32.97,32.21,31.49,30.77,29.50,27.59,25.58,26.09,27.36,27.65,26.63,26.28,27.81,30.99,35.31,39.84,42.21,41.98,40.42,38.39,36.16,34.53,33.92,34.38,35.62,38.09,39.73,40.20,39.52,38.06,36.24,34.67,33.74,33.50,33.58,35.00,37.40,39.70,42.82,45.86,48.36,50.04,51.13,51.78,52.33,53.27,55.59,58.61,62.25,65.77,68.03,68.76,69.17,70.08,71.78,73.41,72.80,71.13,68.78,65.54,62.64,59.81,57.07,54.63,52.91,54.80,57.98,61.60,66.14,70.10,72.89,74.13,73.20,71.34,67.68,63.55,59.76,56.25,52.53,48.77,45.05,41.54,39.17,37.16,36.31,37.62,39.77,43.39,47.44,51.39,54.83,56.09,54.96,52.49,50.13,48.37,48.40,49.60,51.69,54.61,57.70,62.63,68.27,70.73,71.73,74.08,77.20,79.86,81.67,83.05,83.44,82.73,81.67,80.45,78.33,75.70,73.36,70.93,68.68,66.02,62.55,58.80,54.54,50.15,46.04,42.70,39.05,34.93,31.09,28.43,26.64,25.01,23.43,22.14,21.73,21.99,23.16,24.88,26.44,27.06,26.30,24.94,23.37,21.07,18.21,15.02,11.76,8.96,6.75,4.71,3.06,2.27,2.28,2.27,2.45,2.88,3.09,2.82,2.16
e,e,e,0.88,2.58,5.01,7.42,9.89,11.89,13.54,15.12,17.08,19.23,21.63,24.21,26.93,29.80,34.28,39.67,45.44,50.92,55.44,59.49,63.38,67.28,71.30,75.04,78.31,80.93,83.16,85.38,88.01,91.19,95.17,100.53,105.39,108.47,108.76,107.92,106.20,104.28,102.46,100.72,97.72,93.83,89.68,85.98,82.36,79.26,76.50,73.87,71.21,68.16,65.36,63.33,62.75,63.31,64.73,66.60,68.63,70.73,71.58,71.17,69.28,65.60,61.52,57.87,55.26,54.81,57.32,60.72,64.12,67.22,70.19,72.15,72.83,72.15,70.02,66.02,61.13,55.89,50.95,48.56,46.92,45.39,43.84,42.25,40.73,39.57,38.74,38.07,37.33,36.79,36.25,35.54,34.87,34.18,33.43,32.63,31.89,31.16,30.15,28.87,27.70,28.43,29.68,29.52,27.55,26.29,27.37,29.99,34.02,39.51,42.28,43.62,43.44,41.50,39.77,38.43,37.90,38.33,39.52,41.54,43.13,43.77,43.08,41.45,39.30,37.41,36.17,35.28,34.63,35.45,37.43,39.46,42.49,45.90,49.06,51.41,52.78,53.53,54.24,55.25,56.94,59.72,63.47,67.42,70.50,72.20,73.16,73.97,74.90,75.93,74.80,72.88,70.64,67.83,64.85,61.80,58.85,56.16,53.68,54.74,57.52,61.12,65.34,69.34,72.26,73.50,72.24,70.17,65.97,61.42,57.61,54.17,50.89,47.69,44.70,42.22,40.09,38.11,37.18,38.37,40.77,44.55,48.73,52.94,56.96,58.38,57.26,54.77,52.37,50.67,51.06,52.88,55.55,58.19,61.44,65.87,70.69,73.63,75.33,77.54,79.91,81.67,82.93,83.25,82.75,81.53,79.86,77.48,74.65,72.07,70.53,68.57,66.43,63.92,60.81,57.19,53.09,49.14,45.63,42.60,39.31,35.79,32.48,29.95,28.25,27.01,26.05,25.47,25.60,26.63,28.24,30.07,31.58,31.97,30.66,28.55,26.09,22.93,19.27,15.66,12.33,9.40,7.17,5.41,4.20,3.77,3.68,3.72,3.95,4.32,4.48,3.99,3.13
e,e,e,0.70,2.36,4.35,6.29,7.78,9.46,11.42,13.60,15.90,18.29,20.81,23.45,26.20,28.94,33.78,39.43,45.06,50.15,53.95,57.11,60.24,63.89,67.53,71.13,74.52,77.52,80.05,82.51,84.99,87.76,91.48,96.82,102.30,106.20,107.03,106.75,105.55,104.04,102.49,100.94,98.16,94.35,90.28,86.92,83.57,80.40,77.52,74.95,72.36,68.99,65.07,61.55,60.46,61.00,62.49,64.45,66.71,69.28,70.53,70.42,68.84,65.96,62.30,58.34,54.70,52.82,55.15,58.67,62.17,65.38,68.60,70.55,71.28,70.79,68.79,65.01,60.21,54.89,49.85,47.82,46.25,44.69,43.17,41.70,40.47,39.58,38.92,38.22,37.49,37.06,36.68,36.14,35.60,34.99,34.24,33.41,32.62,31.83,31.16,30.58,30.34,31.75,32.69,31.55,28.36,26.46,26.98,28.94,32.53,38.57,41.83,44.49,45.75,44.69,43.56,42.56,41.99,42.08,42.97,44.32,45.71,46.51,45.93,44.30,42.09,40.07,38.52,37.05,35.87,36.07,37.45,39.27,42.12,45.74,49.34,52.18,54.01,55.19,56.26,57.33,58.31,60.62,64.19,68.27,71.93,74.81,76.56,77.47,77.83,78.20,76.80,74.67,72.33,69.86,67.00,63.86,60.64,57.52,54.73,54.93,57.19,60.76,64.66,68.75,71.85,73.19,71.81,69.31,64.50,59.64,56.00,52.53,49.80,47.46,45.49,43.97,41.84,39.45,38.03,38.93,41.57,45.55,49.89,54.27,58.61,60.39,59.47,57.06,54.78,53.33,54.15,56.52,59.70,62.29,65.67,69.41,73.13,76.30,78.40,80.20,81.74,82.78,83.52,82.90,81.66,80.02,77.70,74.40,71.34,69.16,68.22,66.68,64.61,62.31,59.73,56.31,52.45,48.90,45.87,43.16,40.27,37.47,34.83,32.49,30.84,29.66,28.98,28.91,29.44,31.14,33.08,34.90,36.36,36.45,34.74,31.95,28.42,24.26,19.93,16.07,12.77,9.75,7.62,6.25,5.51,5.35,5.33,5.33,5.48,5.77,5.83,5.18,4.23
e,e,e,e,2.21,3.00,4.69,6.29,8.12,10.51,13.25,15.69,18.15,20.75,23.59,26.76,30.01,34.77,39.87,44.64,48.77,51.83,54.38,57.01,60.32,63.90,67.56,71.04,74.13,76.93,79.56,82.10,84.77,88.12,92.55,98.31,103.02,104.20,104.05,103.98,103.45,102.23,100.72,97.76,93.82,89.81,86.79,83.83,80.95,78.20,75.58,72.94,69.64,65.06,60.34,58.64,58.95,60.23,62.15,64.72,67.51,68.85,68.87,67.65,65.53,62.66,58.57,54.02,51.03,51.97,55.70,59.93,63.35,66.48,68.62,69.35,68.47,65.89,62.41,58.07,53.40,49.27,47.22,45.57,43.99,42.47,41.04,40.31,39.79,39.23,38.58,38.14,37.89,37.57,37.03,36.49,35.84,35.07,34.22,33.39,32.55,32.19,32.53,34.02,37.20,37.14,34.01,29.21,27.07,26.79,28.03,31.08,36.64,40.89,43.98,46.45,48.19,47.83,46.87,45.81,45.07,45.59,46.83,48.25,49.18,48.77,47.11,44.97,42.77,40.72,38.96,37.68,37.16,37.56,39.27,42.02,45.54,49.04,51.93,54.48,56.78,58.55,59.63,60.11,61.57,64.38,68.03,71.94,76.20,78.82,80.11,80.37,80.14,78.86,76.63,73.91,71.49,69.41,66.60,62.94,58.78,55.82,55.26,56.99,60.55,64.35,68.30,71.34,72.86,71.97,68.93,63.47,58.58,55.57,51.93,49.95,49.01,48.48,47.46,44.96,41.46,38.86,39.17,41.95,46.22,50.71,55.00,59.02,61.68,61.36,59.22,57.43,56.68,57.74,60.17,63.53,66.81,69.98,73.08,76.12,78.96,80.43,81.67,82.82,83.48,82.92,81.83,80.28,78.08,75.00,71.58,69.22,67.83,66.74,65.30,63.41,61.54,59.65,56.47,52.96,49.76,47.03,44.68,42.26,40.20,38.30,36.42,34.99,33.38,32.27,32.05,32.63,34.50,36.71,38.90,40.68,40.61,38.75,35.35,30.45,24.95,20.23,16.38,13.13,10.12,8.34,7.42,7.02,6.99,6.98,6.98,7.07,7.21,7.08,6.48,5.46
e,e,e,e,1.14,1.86,3.62,5.37,7.25,9.48,12.19,15.48,18.34,21.59,25.07,28.54,32.21,36.27,40.30,43.99,47.02,49.31,51.31,53.51,56.54,60.08,63.84,67.50,70.83,73.76,76.41,79.04,81.82,85.08,88.86,94.02,98.98,101.69,102.20,102.43,102.16,101.10,99.17,95.79,92.10,88.71,86.02,83.28,80.56,77.89,75.26,72.62,69.42,65.11,60.51,58.05,57.24,58.02,59.80,62.19,64.89,66.26,66.47,65.66,64.17,62.06,58.30,53.68,50.37,50.50,53.88,57.88,60.85,63.51,65.49,66.01,64.83,62.07,58.72,54.89,51.17,48.33,46.52,44.94,43.35,41.86,40.88,40.43,40.07,39.63,39.09,38.84,38.70,38.43,37.92,37.38,36.69,35.90,35.05,34.21,33.42,33.68,34.94,37.01,39.70,39.67,36.67,31.56,28.08,26.58,27.19,29.77,34.31,39.48,43.31,46.56,49.60,50.56,50.00,48.97,48.17,48.44,49.48,50.89,51.96,51.77,50.30,48.22,45.97,43.76,41.66,39.83,38.68,38.44,39.59,42.17,45.42,48.71,51.70,54.56,57.32,59.74,61.60,62.64,63.73,65.71,68.82,73.18,77.81,80.29,81.46,81.79,81.09,79.89,77.90,75.34,72.88,71.08,68.60,64.92,60.13,56.82,55.67,56.96,60.32,63.95,67.59,70.65,72.53,72.13,69.24,64.06,59.62,57.41,55.42,54.39,53.72,52.94,51.39,48.60,44.30,40.58,39.89,42.59,46.60,50.75,54.70,58.54,61.67,62.96,62.54,61.06,60.70,61.51,63.34,66.16,69.31,72.56,75.77,78.63,80.47,81.71,82.71,83.29,83.02,81.97,80.45,78.40,75.74,72.63,70.02,68.19,66.88,65.64,64.33,62.92,61.58,60.25,58.22,55.17,52.10,49.41,47.15,45.12,43.50,42.06,40.51,38.81,36.91,35.47,34.94,35.48,37.29,40.45,43.73,44.94,44.01,41.43,37.42,32.03,26.20,20.99,16.99,14.02,11.30,9.67,8.95,8.73,8.73,8.73,8.73,8.77,8.79,8.51,7.81,6.67
e,e,e,e,0.24,1.03,2.78,4.62,6.54,8.48,10.96,15.01,18.49,22.54,26.72,30.41,34.21,37.42,40.34,43.00,45.01,46.65,48.12,49.88,52.58,56.09,59.97,63.85,67.45,70.44,73.13,75.88,78.84,82.09,85.43,89.76,94.56,98.66,100.05,100.39,100.14,99.09,96.68,93.12,89.88,87.19,84.79,82.18,79.59,77.04,74.48,71.85,68.75,64.96,60.92,57.79,55.71,55.89,57.49,59.57,62.01,63.36,63.73,63.27,62.27,60.76,57.51,53.26,50.07,49.72,52.45,55.83,58.26,60.39,61.94,62.08,60.60,57.81,54.74,51.61,48.93,47.24,45.66,44.20,42.81,41.65,41.20,40.94,40.69,40.41,40.19,40.15,39.99,39.58,38.89,38.28,37.54,36.73,35.88,35.05,34.38,35.23,37.15,39.23,40.98,41.34,39.22,34.39,29.23,26.57,26.59,28.63,32.10,37.90,42.39,46.17,49.94,52.25,52.47,51.95,51.47,51.59,52.39,53.71,54.86,54.91,53.64,51.58,49.33,47.07,44.67,42.30,40.61,39.80,40.23,42.56,45.46,48.47,51.50,54.49,57.42,60.32,63.05,65.12,66.32,67.77,70.45,75.19,79.50,81.50,82.40,82.67,81.59,80.37,78.61,76.31,73.89,72.22,70.02,66.46,61.39,57.73,56.05,56.92,60.05,63.45,66.78,69.87,72.16,72.42,69.90,65.39,61.67,60.31,60.20,60.01,59.19,57.63,55.26,52.20,47.53,43.02,41.10,43.23,46.76,50.46,54.07,57.79,61.20,64.13,65.74,64.94,64.97,65.41,66.52,68.61,71.39,74.72,78.20,81.01,81.76,82.74,83.41,83.33,82.18,80.93,79.01,76.52,73.58,70.73,69.02,67.63,66.29,65.00,63.82,62.86,61.96,61.06,60.22,57.92,55.14,52.41,50.06,48.33,47.03,45.87,44.51,42.42,40.30,38.60,37.73,38.31,40.30,44.28,48.28,48.67,46.76,43.39,38.86,33.26,27.48,22.00,17.89,15.15,12.84,11.39,10.88,10.91,11.09,11.23,11.32,11.36,11.21,10.60,9.46,8.01
e,e,e,e,e,1.42,2.04,3.85,5.78,7.71,10.02,13.63,18.10,22.85,27.36,31.13,34.20,36.73,39.01,40.98,42.46,43.89,44.95,46.07,48.23,51.75,55.79,59.87,63.64,66.70,69.62,72.59,75.67,78.92,82.28,85.90,89.75,93.48,95.89,96.67,96.37,95.03,92.52,89.80,87.28,84.98,82.70,80.02,77.64,75.44,73.21,70.66,67.56,64.11,60.56,57.34,54.41,54.01,55.37,57.30,59.13,60.41,60.85,60.40,59.54,58.12,55.50,52.23,49.70,49.40,51.09,53.55,55.90,57.68,58.34,57.72,55.85,53.11,51.01,49.17,47.49,46.01,44.42,43.09,42.49,42.66,42.61,42.51,42.34,42.40,43.12,43.56,43.05,41.77,40.14,39.23,38.40,37.56,36.72,35.96,35.48,36.43,38.13,39.67,41.38,42.19,41.08,37.13,30.37,27.26,26.74,27.92,30.74,36.31,40.77,44.71,48.95,52.01,54.05,55.08,55.29,55.42,56.03,57.05,58.05,58.30,57.07,54.92,52.60,50.36,47.87,45.45,43.40,41.93,41.61,43.55,46.01,48.62,51.44,54.33,57.21,60.09,63.12,66.59,69.05,71.02,73.81,78.50,81.29,82.78,83.36,83.02,81.70,80.17,78.20,75.92,73.88,72.40,70.26,66.89,62.22,58.37,56.22,56.71,59.62,62.74,65.94,69.02,71.72,73.15,70.97,67.44,64.87,64.35,64.77,64.75,63.64,61.44,58.39,55.09,51.15,46.91,43.48,43.63,46.43,49.96,53.52,57.12,60.59,64.16,67.18,68.57,69.34,69.60,70.24,71.87,74.38,77.45,80.83,83.53,83.66,83.78,83.42,82.58,81.33,79.94,77.76,75.22,72.57,70.04,68.46,67.39,66.49,65.54,64.41,63.46,62.60,61.80,61.28,60.61,58.85,56.10,53.43,51.77,50.65,49.57,48.02,45.68,43.45,41.55,40.46,41.48,44.70,48.28,50.81,50.56,48.08,44.41,39.63,33.76,28.28,23.33,19.40,16.57,14.65,13.75,13.79,14.43,15.39,16.16,16.71,16.89,16.42,14.77,12.20,9.77
e,e,e,e,e,0.93,1.28,3.08,5.01,6.93,9.04,12.04,17.01,22.17,26.92,30.86,33.38,35.40,37.08,38.41,39.45,40.43,41.13,41.94,43.75,47.19,51.47,55.81,59.70,62.78,65.80,68.84,71.94,75.20,78.63,82.11,85.59,88.86,91.29,92.29,92.27,91.21,89.02,86.73,84.47,82.17,79.76,77.03,74.73,72.79,70.90,68.24,65.25,62.19,59.11,56.02,52.95,52.07,52.85,54.33,55.69,56.73,57.11,56.70,55.95,54.75,52.96,50.89,49.29,49.03,50.00,51.61,53.32,54.33,54.30,53.47,51.98,49.98,48.56,47.30,46.02,44.72,43.71,43.21,43.34,43.97,44.11,44.09,44.24,44.97,46.77,47.41,46.77,45.18,42.97,41.33,39.75,38.54,37.70,36.98,36.69,37.38,38.59,39.90,41.95,43.01,42.23,38.68,31.70,28.12,26.88,27.34,29.84,34.74,38.77,42.58,47.00,50.86,53.95,56.37,58.06,58.92,59.48,60.23,60.99,61.21,59.99,57.98,55.81,53.64,51.20,48.69,46.42,44.58,43.67,44.75,46.71,49.05,51.61,54.36,57.08,59.95,63.24,67.35,70.99,74.01,77.08,80.72,82.74,83.90,83.98,82.80,81.30,79.29,76.88,74.43,72.62,71.30,69.52,66.62,62.39,58.98,56.60,56.64,59.18,62.13,65.22,68.29,71.18,73.23,71.89,69.80,68.34,68.16,68.84,68.71,67.15,64.31,60.66,56.97,53.24,49.34,45.61,43.86,45.96,49.33,52.81,56.37,59.98,64.18,68.28,70.93,72.42,73.10,73.97,75.67,77.94,80.81,83.78,85.92,85.55,84.82,83.55,82.08,80.70,79.19,77.05,74.60,72.11,69.98,68.72,67.88,67.13,66.20,65.02,64.06,63.49,63.37,63.48,63.66,62.52,59.90,56.73,55.05,54.18,53.51,52.31,49.24,46.54,44.27,42.95,44.26,47.54,50.59,52.35,51.77,49.24,45.23,40.08,34.15,28.85,24.62,21.13,18.38,16.79,16.25,16.56,17.47,18.78,19.94,20.66,20.87,20.29,18.46,15.63,12.59
e,e,e,e,e,0.28,0.64,2.35,4.24,6.13,8.05,10.43,15.36,20.68,25.65,29.75,31.95,33.60,34.77,35.49,36.14,36.55,36.96,37.67,39.31,42.61,47.07,51.64,55.66,58.81,61.81,64.75,67.70,70.90,74.39,78.10,81.69,84.68,86.67,87.77,88.21,87.81,86.09,83.97,81.61,79.07,76.35,73.59,71.26,69.45,67.84,65.04,62.31,59.72,57.13,54.26,51.52,50.33,50.42,51.27,52.21,52.89,53.11,52.79,52.15,51.30,50.37,49.48,48.82,48.61,49.13,49.99,50.78,50.88,50.39,49.72,48.95,47.98,46.95,45.84,44.71,43.75,43.64,44.22,44.93,45.45,45.63,45.66,46.23,47.77,50.48,51.17,50.59,49.08,46.71,44.20,41.65,39.85,38.88,38.13,37.96,38.26,38.99,40.39,42.92,43.86,42.86,39.41,33.15,29.09,27.02,26.85,29.21,33.19,36.60,40.07,44.42,49.05,52.77,56.40,59.83,61.80,62.62,63.23,63.74,63.78,62.62,60.98,59.09,56.98,54.61,52.00,49.61,47.59,46.23,46.18,47.56,49.63,51.94,54.50,57.03,59.90,63.38,67.52,71.97,76.29,79.92,82.16,83.98,84.90,84.33,82.27,80.53,77.96,75.04,72.36,70.68,69.49,68.16,65.84,62.20,59.60,57.17,56.75,58.76,61.56,64.61,67.66,70.58,72.92,72.88,72.38,71.95,71.85,72.49,71.93,69.82,66.39,62.19,58.04,54.22,50.69,47.41,44.21,45.58,48.63,51.99,55.55,59.32,64.08,68.95,72.21,74.47,75.98,77.56,79.61,81.77,84.49,86.84,88.10,87.35,85.86,83.86,81.84,80.20,78.57,76.64,74.39,72.08,70.45,69.60,68.88,68.02,66.92,65.63,64.71,64.60,65.45,66.31,66.93,66.24,63.95,60.50,58.79,58.03,57.70,56.94,53.01,49.51,46.73,45.24,46.57,49.20,51.78,53.37,52.71,50.35,45.97,40.46,34.56,29.34,25.84,22.89,20.36,19.09,18.80,19.26,20.21,21.55,22.84,23.58,23.74,23.19,21.64,19.28,16.01
e,e,e,e,e,e,e,1.78,3.42,5.31,7.16,9.24,13.10,18.23,23.41,27.39,29.75,31.26,32.15,32.54,32.73,32.85,33.10,33.79,35.53,38.61,42.67,47.16,51.56,55.01,57.94,60.40,62.66,65.38,68.86,72.80,76.84,80.53,83.01,84.38,85.27,85.46,83.80,81.87,79.27,76.20,73.19,70.45,67.97,65.94,64.24,61.70,59.74,57.92,55.81,53.04,50.84,49.89,49.80,50.09,50.37,50.56,50.57,50.36,50.03,49.62,49.16,48.67,48.20,48.09,48.42,48.88,49.17,49.11,48.64,48.01,47.31,46.49,45.48,44.76,44.43,44.55,44.99,45.77,46.48,46.94,47.15,47.23,48.19,50.08,52.40,53.31,52.88,51.66,49.84,47.30,44.69,42.38,40.57,39.59,39.28,39.62,40.63,42.55,45.17,44.93,43.02,39.81,34.54,30.19,27.34,26.45,28.51,31.56,34.60,37.72,41.45,46.52,51.47,56.08,60.02,62.63,64.77,65.86,66.25,66.31,65.38,64.48,63.04,60.70,58.11,55.54,53.12,50.92,49.17,48.17,48.66,50.16,52.28,54.58,57.02,59.90,63.26,66.76,70.56,75.89,81.00,83.30,85.30,85.66,84.45,81.97,79.52,76.56,73.38,70.61,69.22,68.14,66.62,64.57,62.15,60.22,58.01,57.23,58.51,60.99,63.97,67.02,70.03,72.87,74.72,75.27,75.59,76.03,75.52,73.75,71.02,67.32,62.47,58.13,54.51,51.37,48.53,45.72,45.93,48.00,51.17,54.71,58.40,63.13,68.19,72.13,75.38,78.10,80.46,82.67,85.39,87.89,89.41,89.73,88.76,86.97,84.60,82.07,79.76,77.96,76.10,74.26,72.68,71.73,71.05,70.09,68.88,67.63,66.28,65.77,66.16,67.34,68.54,70.10,70.39,69.11,67.06,65.49,63.88,62.35,60.69,56.80,52.15,48.59,47.10,47.86,50.11,52.77,54.68,54.19,51.52,46.96,41.36,35.38,30.05,26.74,24.14,22.03,21.21,21.21,22.04,23.20,24.32,25.61,26.31,26.42,25.79,24.11,21.96,19.07
e,e,e,e,e,e,e,1.10,2.60,4.47,6.29,8.17,10.94,15.59,20.76,24.78,27.18,28.63,29.42,29.62,29.55,29.60,29.85,30.53,32.21,34.96,38.56,42.74,47.22,51.02,54.05,56.42,58.39,60.56,63.57,67.25,71.31,75.39,78.58,81.00,82.71,83.30,81.94,80.13,77.35,73.98,70.81,68.08,65.47,63.20,61.39,59.37,57.86,56.40,54.61,52.20,50.48,49.77,49.60,49.51,49.45,49.36,49.25,49.12,48.96,48.81,48.58,48.27,47.90,47.73,47.75,47.83,47.83,47.69,47.24,46.69,46.16,45.69,45.08,44.86,45.13,45.92,46.67,47.44,48.13,48.70,49.19,49.27,50.34,52.36,54.42,55.53,55.27,54.25,52.72,50.18,47.58,45.08,43.00,42.08,41.99,42.61,43.81,45.51,47.10,45.74,43.18,40.10,35.54,31.06,27.82,26.45,27.83,30.21,33.02,35.92,39.13,43.88,49.78,55.25,59.66,63.04,66.35,67.97,68.41,68.50,67.95,67.59,66.71,64.78,62.15,59.51,56.93,54.49,52.38,50.59,50.10,50.90,52.83,54.95,57.24,59.91,62.95,65.97,69.16,75.15,81.35,83.83,86.44,86.58,84.97,82.31,79.58,76.61,73.61,71.04,69.75,68.64,67.11,65.29,63.36,61.23,58.91,57.68,58.19,60.35,63.28,66.36,69.53,72.89,75.98,77.45,78.28,78.70,77.19,74.48,71.27,67.45,62.43,58.23,54.88,51.99,49.34,46.94,46.47,47.77,50.58,54.02,57.62,62.15,67.15,71.61,75.43,78.88,81.82,84.36,87.58,89.92,91.16,91.26,90.04,88.18,85.58,82.54,79.53,77.63,76.13,74.94,74.10,73.67,73.17,72.03,70.34,68.43,66.98,66.80,67.50,68.86,70.73,73.34,74.41,73.64,72.22,70.60,68.33,65.70,62.90,59.02,54.00,50.33,49.16,49.73,52.00,54.70,56.56,55.88,53.00,48.27,42.57,36.52,31.08,27.80,25.42,23.69,23.31,23.52,24.56,25.89,26.96,28.05,28.62,28.65,27.92,25.92,23.63,20.84
e,e,e,e,e,e,e,0.40,1.85,3.63,5.41,7.20,9.08,12.94,17.81,22.07,24.34,25.79,26.59,26.75,26.65,26.87,27.26,27.97,29.40,31.69,34.80,38.49,42.64,46.75,50.04,52.81,55.10,56.78,58.91,61.83,65.38,69.35,73.25,77.38,80.27,81.19,80.47,78.69,75.87,72.50,69.33,66.56,63.89,61.48,59.59,58.28,56.81,55.25,53.61,51.82,50.42,49.82,49.60,49.38,49.35,49.27,49.16,49.07,48.92,48.75,48.55,48.30,48.02,47.63,47.21,46.91,46.80,46.53,46.08,45.69,45.53,45.72,45.94,46.27,46.82,47.72,48.64,49.49,50.30,51.12,51.97,51.92,52.79,54.70,56.86,58.09,58.00,57.07,55.42,52.84,50.16,47.86,46.23,45.67,46.16,47.23,48.36,48.95,48.42,46.22,43.43,40.30,36.08,31.65,28.44,26.85,27.21,29.19,31.88,34.71,37.61,41.33,47.68,53.89,58.88,63.17,67.25,69.38,70.04,70.18,70.13,70.04,69.79,68.94,66.62,63.80,60.94,58.20,55.76,53.35,51.95,51.97,53.61,55.64,57.70,59.97,62.55,65.37,68.26,74.49,81.16,83.87,87.41,87.75,86.07,83.48,81.02,78.45,76.01,73.93,72.50,71.23,69.91,68.28,65.97,62.70,59.83,58.03,57.82,59.67,62.53,65.71,69.14,72.94,76.42,78.70,79.81,79.50,77.35,74.16,70.67,66.87,62.30,58.62,55.55,52.71,49.95,47.69,47.09,47.99,50.27,53.52,57.07,61.31,66.06,70.78,74.63,78.20,81.49,84.58,88.14,90.43,92.05,92.73,91.27,89.51,86.78,83.28,79.68,77.74,76.91,76.53,76.34,76.23,75.94,74.78,72.53,69.37,67.75,67.73,68.53,70.00,72.94,76.51,78.01,77.13,75.23,73.25,70.65,67.36,63.42,59.43,55.04,52.17,51.67,52.63,55.25,57.78,59.05,57.73,54.79,49.89,44.04,37.98,32.48,29.11,26.81,25.39,25.40,25.73,26.79,28.20,29.42,30.10,30.40,30.29,29.42,27.01,24.23,21.17
e,e,e,e,e,e,e,0.29,1.65,2.90,4.69,6.49,8.17,10.85,14.67,19.16,21.70,23.06,23.73,23.90,23.88,24.30,24.94,25.88,27.39,29.24,31.51,34.48,38.26,42.01,45.38,48.55,51.40,53.52,55.84,58.54,61.74,65.53,69.24,73.21,76.64,78.84,79.02,77.09,74.38,71.42,68.37,65.69,63.16,60.89,59.08,57.89,56.75,55.58,54.20,52.37,50.84,50.01,49.67,49.60,49.63,49.79,49.92,49.92,49.70,49.45,49.21,48.97,48.68,48.28,47.77,47.35,47.09,46.83,46.66,46.58,46.67,47.06,47.48,47.91,48.65,50.16,52.14,54.66,56.47,56.92,56.51,55.42,55.61,57.19,59.33,60.58,60.70,59.94,58.31,55.80,53.22,51.13,49.73,49.02,49.47,50.36,51.00,50.71,49.34,46.71,43.67,40.44,36.46,32.21,29.01,27.13,26.76,28.43,30.77,33.34,36.14,39.45,45.84,52.33,57.67,62.08,66.29,69.02,70.35,70.67,70.99,71.08,71.01,70.57,69.10,66.75,63.93,60.95,58.16,55.73,54.27,53.76,54.35,56.12,58.03,60.25,62.85,65.70,68.49,74.32,81.15,85.33,88.62,89.22,88.23,86.34,83.99,81.64,79.43,77.45,75.89,74.34,72.74,70.90,68.37,64.31,60.76,58.49,57.93,59.35,61.95,65.31,69.06,72.97,76.66,79.12,80.15,79.37,76.67,73.40,69.98,66.50,63.05,60.13,57.28,54.26,51.12,48.73,47.78,48.28,50.26,53.38,56.73,60.73,65.22,69.78,73.57,77.09,80.59,84.24,88.23,90.71,92.70,93.89,92.59,90.82,88.08,84.62,81.02,79.06,78.44,78.31,78.39,78.67,78.66,77.68,75.16,70.75,68.79,68.65,69.50,71.30,74.81,78.20,79.72,79.14,77.14,74.17,70.99,67.44,63.26,59.49,56.54,55.28,55.97,57.48,59.79,61.39,61.65,59.87,56.35,51.29,45.51,39.64,34.33,30.54,28.18,27.18,27.39,27.90,28.94,30.25,31.35,31.66,31.32,30.72,29.62,26.94,23.93,20.79
e,e,e,e,e,e,e,e,1.35,2.29,4.07,5.87,7.50,9.23,11.97,16.13,18.75,19.97,20.53,20.76,20.96,21.73,22.75,23.99,25.60,27.16,28.78,31.03,34.17,37.39,40.69,44.05,47.36,50.41,53.34,56.14,59.19,62.86,66.55,70.30,74.00,77.13,78.11,76.07,73.46,70.88,68.13,65.69,63.44,61.31,59.45,58.29,57.45,56.57,55.35,53.38,51.60,50.54,50.25,50.69,50.97,51.39,51.70,51.69,51.36,51.02,50.66,50.27,49.79,49.25,48.69,48.20,47.87,47.67,47.76,47.95,48.24,48.84,49.46,49.93,50.87,53.13,56.05,59.65,62.08,62.35,61.01,59.20,58.84,60.00,61.90,63.14,63.41,62.80,61.23,58.88,56.45,54.47,53.05,52.13,52.42,52.74,52.55,51.49,49.66,46.80,43.63,40.37,36.61,32.65,29.54,27.44,26.46,27.74,29.70,32.02,34.82,37.95,44.00,50.53,56.18,60.35,64.34,67.55,69.72,70.59,71.17,71.47,71.63,71.53,70.73,69.03,66.53,63.50,60.45,58.01,56.52,55.62,55.30,56.70,58.43,60.64,63.38,66.28,69.15,74.47,81.16,86.70,89.60,90.38,90.09,89.03,87.16,85.31,83.28,81.15,79.26,77.31,75.33,73.23,70.56,66.20,61.79,58.95,58.25,59.23,61.53,65.02,69.06,72.98,76.76,79.23,80.18,79.23,76.31,73.23,70.10,67.11,64.68,62.26,59.37,56.05,52.54,49.80,48.49,48.71,50.50,53.50,56.66,60.35,64.51,68.83,72.57,76.11,79.81,83.88,88.22,90.97,93.32,94.90,93.82,91.99,89.36,86.11,82.72,80.83,80.32,80.29,80.48,81.04,81.16,80.30,77.72,72.78,70.36,69.98,70.83,72.85,76.41,79.32,80.77,80.54,78.53,74.79,71.05,67.28,63.22,59.95,58.46,58.75,60.57,62.59,64.38,64.85,63.95,61.67,57.77,52.64,47.03,41.51,36.62,32.53,30.09,29.33,29.62,30.25,31.19,32.11,32.59,32.35,31.44,30.31,28.82,26.06,22.98,19.85
e,e,e,e,e,e,e,e,0.91,1.84,3.60,5.30,6.83,8.31,10.25,12.93,15.03,16.11,16.67,17.03,17.67,19.09,20.68,22.27,23.89,25.45,26.96,28.61,30.61,33.25,36.23,39.34,42.83,47.31,51.24,54.55,57.75,61.47,65.95,70.20,73.96,76.88,78.28,76.33,73.70,71.27,69.13,67.20,65.37,63.27,60.99,59.97,59.16,58.21,56.89,54.89,52.82,51.69,51.86,53.38,54.27,54.87,55.11,54.92,54.44,53.99,53.37,52.56,51.60,50.56,49.78,49.27,49.03,48.92,49.08,49.37,49.88,50.92,52.02,52.65,53.81,56.82,60.05,62.74,64.63,65.37,64.60,63.19,62.73,63.38,64.63,65.85,66.18,65.60,64.09,62.05,59.82,57.69,55.90,54.87,55.01,54.28,52.77,51.08,48.91,46.08,43.03,39.90,36.39,32.87,30.01,27.84,26.45,27.08,28.64,30.85,33.73,36.90,42.06,48.29,54.31,57.93,61.28,64.68,67.79,69.90,70.60,71.21,71.92,72.36,71.56,70.58,68.79,66.14,62.92,60.25,58.47,57.27,56.69,57.59,59.00,61.19,64.06,66.91,70.16,75.04,81.16,87.23,89.98,90.77,90.82,90.57,90.02,89.28,87.51,84.90,82.25,79.73,77.43,75.13,72.40,68.57,63.02,59.39,58.79,59.35,61.33,64.84,69.06,72.97,76.66,79.14,80.20,79.50,77.06,74.47,71.94,69.61,67.68,65.10,61.70,57.92,54.21,50.75,49.22,49.39,51.12,54.02,56.99,60.26,63.94,68.09,71.86,75.62,79.55,83.76,88.20,91.30,93.96,95.76,94.81,92.88,90.50,87.68,84.58,82.94,82.56,82.58,82.77,83.32,83.23,82.24,79.95,75.91,72.91,72.14,72.91,74.87,77.66,79.97,81.32,81.37,79.41,75.64,71.47,67.41,63.78,61.38,61.00,62.33,64.93,67.30,68.44,67.72,65.57,62.65,59.03,54.00,48.61,43.74,39.56,35.64,33.10,32.17,32.37,33.03,33.67,33.71,32.64,31.53,30.34,28.74,26.57,24.08,21.16,18.12
e,e,e,e,e,e,e,e,0.42,1.34,3.07,4.61,6.02,7.44,8.95,10.56,11.79,12.50,12.87,13.21,14.27,16.18,18.29,20.35,22.24,23.93,25.61,27.21,28.80,30.88,33.66,36.73,40.25,44.91,49.84,53.70,56.96,60.63,65.57,70.18,74.22,77.35,78.60,77.10,75.16,73.36,71.47,69.65,67.70,65.43,63.05,62.05,61.12,59.99,58.50,56.41,54.20,53.61,54.63,56.76,57.94,58.49,58.54,58.12,57.56,57.08,56.45,55.64,54.63,53.55,52.51,51.64,51.14,51.11,51.99,52.95,53.76,54.63,55.55,55.82,56.61,59.39,62.55,65.32,67.41,68.48,68.21,67.24,66.77,67.04,67.92,68.76,68.98,68.44,67.03,65.01,62.78,60.59,58.64,57.15,55.85,53.93,51.76,49.87,47.58,44.80,41.88,38.96,35.92,32.66,29.94,27.86,26.37,26.65,27.85,29.53,31.74,34.78,39.45,45.77,52.34,55.62,58.54,61.62,64.71,67.37,69.13,70.44,71.58,72.44,72.44,71.70,70.30,68.21,65.28,62.73,60.62,59.01,58.20,58.66,60.14,62.40,65.18,68.00,71.65,76.41,82.03,87.64,90.10,90.87,91.05,91.02,90.90,90.44,89.06,86.80,84.08,81.49,79.13,76.63,73.66,70.27,64.43,60.28,59.19,59.50,61.28,64.64,68.74,72.54,76.13,78.82,80.16,79.81,78.55,76.53,74.42,72.43,70.42,67.43,63.54,59.46,55.77,52.18,50.97,51.09,52.17,54.44,57.07,60.10,63.50,67.28,70.94,74.96,79.35,83.96,88.35,91.83,94.94,97.09,96.38,94.27,91.86,89.22,86.44,85.12,84.92,85.02,85.18,85.56,85.06,83.91,81.88,78.48,75.69,74.82,75.38,77.03,79.25,81.06,82.16,82.15,80.18,76.58,72.44,68.55,65.63,64.10,64.45,66.09,68.49,70.30,70.28,68.66,66.02,62.94,59.39,54.54,49.33,44.61,40.49,37.39,35.51,34.59,33.91,33.57,33.06,32.21,30.93,29.45,27.90,26.00,23.66,21.25,18.51,15.66
e,e,e,e,e,e,e,e,0.01,0.96,2.50,3.90,5.24,6.63,7.88,8.71,9.18,9.52,9.73,10.08,11.35,13.51,16.00,18.50,20.78,22.63,24.50,26.24,27.74,29.45,32.11,35.17,38.62,43.03,48.83,53.20,56.58,60.30,65.75,70.67,75.00,78.33,79.35,78.37,77.20,76.04,74.28,72.42,70.19,67.68,65.27,64.25,63.19,61.91,60.25,57.91,55.62,55.65,57.51,60.09,61.58,62.18,62.14,61.60,61.04,60.52,59.91,59.15,58.19,57.11,55.79,54.52,53.69,53.69,55.24,56.86,58.00,58.69,59.26,59.13,59.48,61.81,64.81,67.87,70.29,71.62,71.72,71.15,70.72,70.74,71.34,71.79,71.82,71.26,69.88,67.78,65.45,63.11,60.87,58.71,55.87,52.95,50.39,48.39,46.03,43.35,40.58,37.87,35.26,32.22,29.71,27.83,26.40,26.32,27.17,28.35,29.80,32.46,36.80,43.13,49.99,53.25,55.87,58.49,61.25,64.14,66.97,69.22,70.94,72.19,73.10,72.61,71.54,70.00,67.55,65.24,62.91,60.94,59.96,60.42,62.12,64.33,66.77,69.57,73.54,78.17,83.17,87.96,89.97,90.72,90.98,90.97,90.88,90.38,89.30,87.60,85.21,82.84,80.56,78.01,74.87,71.73,66.11,61.58,59.69,59.80,61.30,64.36,68.19,71.80,75.29,78.31,80.01,80.07,79.94,78.59,77.01,75.30,72.83,69.28,65.00,60.76,57.16,54.00,53.44,53.63,53.98,55.27,57.28,59.99,63.15,66.53,69.99,74.39,79.30,84.23,88.51,92.39,95.98,98.55,98.22,96.16,93.68,91.03,88.43,87.32,87.29,87.53,87.75,87.92,87.03,85.66,83.75,80.91,78.59,77.72,78.01,79.28,80.99,82.39,83.14,82.88,80.93,77.78,74.16,70.83,68.56,67.60,68.25,69.80,71.59,72.31,71.05,68.69,65.82,62.70,59.14,54.47,49.39,44.55,40.31,37.92,36.59,35.57,33.93,32.47,30.87,29.38,28.22,26.59,24.77,22.74,20.46,18.07,15.50,12.96
e,e,e,e,e,e,e,e,e,1.33,1.89,3.31,4.70,6.02,7.09,7.69,8.15,8.41,8.78,9.39,10.15,11.91,14.37,17.16,19.87,21.83,23.69,25.54,27.35,29.23,31.88,34.83,38.05,42.20,48.37,53.09,56.82,61.17,67.60,72.88,77.14,80.23,81.29,80.77,79.88,78.81,77.17,75.25,72.75,69.99,67.49,66.33,65.38,64.21,62.38,59.28,56.97,57.22,59.42,62.49,64.76,65.92,66.31,66.11,65.72,65.08,64.23,63.24,62.15,60.73,59.12,57.65,56.70,56.57,57.89,59.52,60.98,62.15,62.53,62.41,62.82,64.93,67.90,70.90,73.33,74.73,74.87,74.50,74.26,74.28,74.54,75.00,74.80,73.91,72.33,70.16,67.59,64.66,61.48,58.33,55.05,51.94,49.18,46.84,44.40,41.95,39.43,36.84,34.27,31.54,29.50,28.10,26.87,26.06,26.59,27.77,29.05,30.68,34.77,40.43,46.44,50.57,53.12,55.36,57.77,60.55,63.45,67.07,70.04,71.67,72.97,73.27,72.68,71.42,69.69,67.67,65.41,63.37,62.44,64.32,66.31,67.91,69.49,72.21,76.22,80.30,84.30,88.02,89.34,90.06,90.44,90.43,90.07,89.20,88.01,86.66,85.27,83.46,81.60,79.42,76.55,73.17,68.44,63.80,60.62,60.61,61.41,63.82,67.20,70.47,73.92,77.34,79.59,80.08,80.19,79.79,79.24,77.94,74.38,70.03,65.71,61.59,58.08,56.61,57.22,57.89,57.87,57.59,58.20,60.13,62.95,66.06,69.20,74.27,79.74,84.42,88.56,92.75,96.82,99.93,100.34,99.11,96.81,93.88,90.85,89.48,89.55,90.13,90.72,90.74,89.67,87.93,85.79,83.44,81.62,80.72,80.71,81.58,82.86,84.04,84.34,83.54,81.75,79.77,77.88,75.88,73.71,72.29,72.28,73.18,74.09,72.92,70.57,67.75,64.72,61.42,57.79,53.25,48.10,42.86,38.57,35.84,33.87,32.10,30.05,28.20,26.73,25.45,24.10,22.45,20.79,19.00,16.96,14.63,12.16,10.20
e,e,e,e,e,e,e,e,e,0.99,1.33,2.75,4.14,5.30,6.14,6.65,7.15,7.46,8.04,8.94,9.58,11.04,13.45,16.43,19.39,21.56,23.53,25.47,27.40,29.33,32.08,35.02,38.18,42.39,48.50,53.40,57.73,63.08,69.76,75.04,78.98,81.67,83.16,83.12,82.47,81.44,79.82,77.95,75.35,72.46,69.94,68.70,67.77,66.55,64.53,61.06,58.52,58.70,61.04,64.56,67.45,68.88,69.40,69.34,69.09,68.57,67.84,67.02,66.16,64.73,63.01,61.34,60.05,59.55,60.39,61.74,63.22,64.68,65.49,65.76,66.30,68.08,70.95,73.94,76.30,77.59,77.76,77.60,77.50,77.50,77.59,77.96,77.55,76.31,74.25,71.69,68.74,65.28,61.49,57.93,54.62,51.58,48.88,46.65,44.27,41.59,38.90,36.31,33.70,31.09,29.24,28.04,26.91,25.98,26.41,27.51,28.62,29.78,33.34,38.00,42.78,46.71,49.36,51.82,54.42,57.23,60.12,64.12,68.02,70.87,72.36,73.29,73.52,73.00,71.62,69.64,67.48,65.68,65.20,67.67,69.99,71.61,73.00,75.71,79.21,82.31,84.69,86.21,87.07,87.78,88.26,88.30,87.80,87.00,86.03,85.01,84.08,83.34,82.31,80.71,78.24,74.91,70.95,67.00,63.96,63.46,63.39,64.52,66.54,68.92,71.83,75.50,78.55,79.98,80.26,80.29,80.14,78.79,74.08,69.50,65.60,62.20,59.57,59.38,60.62,61.61,61.59,60.54,59.98,61.00,63.31,66.17,68.81,73.89,79.50,84.22,88.33,92.51,96.63,100.05,101.39,101.48,100.07,97.68,94.91,93.04,92.67,93.15,94.02,94.46,93.75,91.76,89.03,86.39,84.50,83.57,83.49,84.11,84.64,85.03,84.89,84.11,82.69,81.33,80.32,79.24,77.71,76.48,75.57,74.99,74.31,72.08,68.47,65.03,61.96,58.84,55.30,50.75,45.58,40.37,36.25,33.05,30.31,27.80,25.43,23.79,22.70,21.64,20.20,18.61,16.98,15.22,13.33,11.52,9.67,8.20
e,e,e,e,e,e,e,e,e,0.55,0.89,2.21,3.53,4.47,5.11,5.62,6.20,6.68,7.50,8.66,9.41,10.76,13.18,16.28,19.32,21.72,23.85,25.87,27.80,29.80,32.69,35.68,38.88,43.26,49.06,54.03,59.05,65.45,71.86,76.88,80.45,82.80,84.90,85.40,84.98,83.96,82.32,80.55,77.93,75.05,72.63,71.44,70.45,69.05,66.80,63.25,60.39,60.30,62.58,66.41,69.63,71.14,71.66,71.63,71.47,71.16,70.72,70.24,69.75,68.56,66.96,65.19,63.52,62.54,62.75,63.66,65.01,66.62,68.09,68.94,69.67,71.13,73.80,76.70,78.90,79.98,80.22,80.25,80.25,80.29,80.35,80.52,79.87,78.25,75.63,72.57,69.27,65.48,61.39,57.85,54.76,51.97,49.52,47.50,45.24,42.10,38.97,36.22,33.45,30.79,28.98,27.84,26.76,26.01,26.43,27.41,28.37,29.41,32.28,35.80,39.29,42.35,45.09,48.03,51.16,54.25,57.15,60.83,65.23,69.53,71.32,72.76,73.88,74.35,73.36,71.36,69.29,67.92,68.13,70.58,73.18,75.16,76.77,79.34,81.84,83.57,84.07,83.17,83.74,84.49,85.03,85.17,84.66,84.13,83.55,82.87,82.19,82.70,82.73,81.87,79.87,76.86,73.57,70.70,68.64,67.60,66.71,66.33,66.59,67.75,69.71,73.32,77.06,79.60,80.17,80.30,80.03,78.23,72.78,68.50,65.34,62.95,61.50,62.14,63.68,64.91,65.14,63.85,62.43,62.49,64.05,66.59,68.73,73.34,78.78,83.65,87.76,91.63,95.54,99.14,101.49,103.03,103.01,101.77,99.69,97.36,96.33,96.44,97.40,98.46,98.31,96.22,92.89,89.56,87.22,86.20,86.03,86.22,85.78,85.17,84.68,84.23,83.35,82.32,81.66,81.12,80.37,79.60,77.76,75.47,72.98,70.06,65.33,61.33,58.33,55.54,52.07,47.42,42.31,37.45,33.57,29.87,26.43,23.34,20.85,19.69,19.00,18.12,16.58,15.05,13.41,11.63,9.90,8.77,7.73,6.64
e,e,e,e,e,e,e,e,e,e,e,1.80,2.73,3.48,4.08,4.75,5.67,6.54,7.63,8.84,9.60,11.31,13.98,17.14,20.12,22.53,24.65,26.64,28.70,31.29,34.25,37.24,40.40,44.51,49.97,54.98,60.33,67.00,72.78,77.54,81.17,83.83,86.38,87.60,87.47,86.39,84.75,82.99,80.40,77.73,75.81,75.13,74.01,72.23,69.71,66.32,63.28,62.69,64.49,68.06,70.64,72.32,73.13,73.14,72.98,72.70,72.25,71.70,71.15,70.42,69.47,68.25,66.75,65.32,64.80,65.29,66.65,68.39,69.89,71.05,72.13,73.58,75.79,78.13,79.88,80.78,81.25,81.38,81.52,81.75,82.01,81.89,80.78,78.72,75.82,72.78,69.75,66.25,62.40,59.16,56.40,54.21,52.02,49.30,47.06,43.72,40.09,36.70,33.36,30.63,28.91,27.91,26.92,26.02,26.27,27.13,28.11,29.09,31.30,34.01,36.73,39.05,41.33,44.27,47.95,52.13,55.17,58.28,62.06,66.35,69.62,71.46,72.79,73.97,74.76,73.15,71.22,70.26,71.15,73.27,75.77,77.91,79.60,81.25,81.83,81.53,80.67,79.72,80.14,80.97,81.62,81.80,81.48,81.00,80.54,80.26,80.50,81.64,82.71,82.76,81.11,78.87,76.14,73.95,72.69,71.98,70.89,69.86,69.13,68.98,69.51,71.95,75.18,78.12,79.65,79.99,78.85,76.18,72.05,68.91,66.66,64.92,63.83,64.60,66.41,68.01,68.58,67.32,65.73,64.75,64.96,66.89,68.85,72.88,77.80,82.54,86.37,89.47,93.02,96.96,100.14,102.41,104.12,104.61,103.09,101.22,100.08,99.78,100.28,101.07,100.84,99.14,96.23,92.62,89.65,88.23,87.10,85.47,84.02,83.10,82.62,82.44,82.31,81.97,81.59,81.07,80.22,78.99,76.70,74.00,70.85,66.32,61.75,58.20,55.40,52.46,48.49,43.75,39.01,34.76,30.72,26.71,23.10,20.17,18.27,17.18,16.49,15.47,13.52,11.72,10.36,9.12,7.89,6.88,5.94,4.94
e,e,e,e,e,e,e,e,e,e,e,1.22,2.02,2.82,3.58,4.45,5.57,6.69,7.91,9.14,10.07,12.25,15.25,18.45,21.16,23.50,25.62,27.73,30.15,33.52,36.60,39.49,42.46,46.08,50.87,55.53,60.81,67.47,73.00,77.72,81.69,84.95,87.78,89.62,89.87,88.88,87.25,85.46,83.20,80.98,79.44,78.96,77.71,75.60,72.77,69.51,66.44,65.30,66.28,69.18,71.30,73.14,74.27,74.38,73.87,73.37,72.81,72.23,71.72,71.25,70.70,69.79,68.38,66.86,65.82,66.02,67.50,69.56,71.03,72.23,73.32,74.41,75.86,77.67,79.38,80.65,81.27,81.64,81.96,82.40,82.96,82.41,80.83,78.56,75.85,73.36,70.94,68.18,65.06,62.05,59.32,57.26,55.15,52.14,49.32,45.78,41.97,38.11,34.11,30.86,28.98,28.05,27.12,26.15,26.17,26.87,27.85,28.79,30.36,32.40,34.65,36.64,38.61,41.15,44.84,49.89,53.23,56.07,59.26,63.08,66.97,69.34,71.12,72.87,74.68,74.25,73.43,73.16,73.91,75.23,76.95,78.78,80.25,80.50,79.99,78.63,77.02,76.08,76.19,77.00,77.77,78.09,77.95,77.63,77.27,77.26,78.29,79.94,81.73,82.74,82.18,80.73,78.78,77.37,76.75,76.28,75.35,74.18,73.00,72.02,71.42,72.19,74.06,76.58,78.34,78.54,77.14,74.73,72.38,70.13,68.37,66.94,66.00,66.55,68.38,70.43,71.61,70.28,68.66,67.21,66.57,67.56,69.22,72.84,77.44,82.02,85.62,88.31,91.50,95.31,98.94,101.94,104.80,106.56,106.08,104.86,103.67,102.99,102.94,103.09,102.26,100.54,97.96,94.40,91.09,88.98,86.79,83.88,81.75,80.71,80.33,80.41,80.77,80.95,80.77,80.20,79.12,77.42,74.90,72.09,68.69,63.46,59.12,55.78,52.87,49.50,45.09,40.50,36.24,32.45,28.46,24.42,20.85,18.07,16.37,15.02,14.05,12.92,11.12,9.54,8.52,7.67,6.81,5.90,5.01,4.04
e,e,e,e,e,e,e,e,e,e,e,0.54,1.48,2.57,3.65,4.71,5.86,7.02,8.22,9.47,10.82,13.48,16.79,20.00,22.33,24.53,26.69,29.12,32.24,36.45,39.63,42.35,45.00,47.98,51.79,55.73,60.54,66.98,72.66,77.55,82.06,86.11,89.12,91.44,92.15,91.45,89.89,88.06,86.42,84.87,83.48,82.81,81.40,78.97,75.77,72.56,69.66,68.02,68.00,69.87,71.85,73.81,75.14,75.31,74.09,73.13,72.44,71.96,71.61,71.17,70.60,69.62,68.11,66.81,65.56,65.61,67.21,69.72,71.30,72.38,73.08,73.36,73.84,75.27,77.38,79.55,80.28,81.06,81.68,82.33,83.26,82.23,80.32,78.13,76.06,74.56,72.95,71.26,69.27,66.41,63.45,61.01,58.74,55.96,52.00,48.27,44.58,40.58,35.85,31.62,29.23,28.26,27.33,26.39,26.20,26.66,27.59,28.51,29.49,30.98,33.02,35.06,36.98,38.88,41.98,47.41,51.16,54.11,56.97,60.07,63.47,66.48,69.03,71.22,73.13,74.57,75.65,76.13,75.86,75.94,76.33,77.36,78.31,77.00,76.45,75.20,73.50,72.30,71.93,72.61,73.49,74.03,74.05,74.00,73.78,73.91,75.49,77.64,79.81,81.75,83.00,82.45,81.54,81.06,81.02,80.61,80.11,79.22,78.02,76.65,75.31,74.12,74.01,75.28,76.36,76.13,75.27,74.38,73.89,72.16,70.41,68.95,67.99,68.03,69.68,72.20,74.19,72.79,71.14,69.81,68.92,68.73,69.96,73.41,77.87,82.35,85.84,88.61,91.44,94.64,98.33,102.13,105.42,107.81,108.76,108.25,107.01,105.97,105.34,104.52,102.67,100.47,97.94,94.69,91.39,88.35,85.18,81.83,79.38,78.27,78.04,78.36,78.86,79.30,79.26,78.65,77.34,75.33,72.77,69.96,66.61,61.82,57.61,54.09,50.74,46.76,42.08,37.91,34.16,30.62,26.95,23.17,19.78,17.02,14.94,13.07,11.63,10.48,9.45,8.60,7.89,7.21,6.48,5.75,4.98,4.00
e,e,e,e,e,e,e,e,e,e,e,0.44,1.32,2.31,3.53,4.71,5.91,7.11,8.35,9.78,11.81,14.62,17.75,20.77,23.20,25.48,27.67,30.82,35.37,39.59,42.58,45.12,47.64,50.42,53.54,56.75,61.02,67.14,72.60,77.41,82.05,86.52,90.23,92.94,94.23,94.18,92.89,91.55,90.30,89.06,87.79,86.55,84.53,81.31,77.39,74.30,71.96,70.69,70.55,71.65,73.39,75.19,75.76,74.70,73.20,72.05,71.33,70.95,70.75,70.36,69.31,67.70,65.83,64.65,63.49,63.17,64.12,66.38,68.88,70.53,71.15,70.76,70.58,72.02,74.28,76.60,78.06,79.52,80.81,82.01,83.15,82.83,81.38,79.57,77.99,76.79,75.48,74.06,72.44,70.25,67.84,65.37,62.64,59.22,55.15,51.52,48.08,44.19,38.66,33.30,30.01,28.55,27.62,26.66,26.20,26.40,27.28,28.16,29.02,30.24,31.92,33.87,35.88,37.91,40.67,45.00,48.77,52.00,55.06,58.07,60.99,63.90,66.80,69.66,72.36,74.67,75.16,74.28,72.79,72.17,72.12,72.51,72.92,72.28,72.04,71.29,70.04,68.73,68.13,68.53,69.33,70.00,70.06,70.06,70.09,70.70,73.03,75.65,78.13,80.54,82.80,84.27,84.67,85.28,86.23,86.28,86.13,85.28,83.60,81.07,78.79,76.85,75.60,75.29,75.59,75.83,75.92,76.05,76.47,75.36,73.67,71.88,70.45,70.13,71.96,74.68,76.88,76.18,74.40,72.70,71.38,70.68,71.96,75.06,79.15,83.65,87.79,90.58,93.09,95.91,99.44,103.75,107.38,109.91,111.02,110.84,109.65,108.26,106.80,104.67,102.42,99.98,97.27,94.12,90.83,87.14,83.38,79.93,77.29,75.89,75.52,75.85,76.39,76.94,77.00,76.47,75.19,73.17,70.61,67.77,64.53,60.53,56.47,52.68,49.03,45.06,40.56,36.74,33.26,29.78,26.29,22.74,19.38,16.34,13.77,11.69,10.32,9.38,8.60,7.90,7.23,6.53,5.81,5.11,4.38,3.57
e,e,e,e,e,e,e,e,e,e,e,e,1.13,1.97,3.27,4.56,5.86,7.17,8.50,10.10,12.59,15.44,18.28,21.02,23.64,26.10,28.76,32.85,38.55,42.67,45.59,48.03,50.40,53.05,55.75,58.64,62.57,68.22,73.11,77.63,82.23,86.96,91.26,94.46,96.36,96.94,96.11,95.20,94.09,92.90,91.59,89.84,87.34,83.48,78.94,75.95,74.17,73.39,73.30,73.91,75.33,76.33,75.78,73.65,71.94,70.43,69.44,68.94,68.69,68.20,66.84,64.94,62.97,61.67,60.42,59.78,60.17,62.07,64.95,66.90,67.58,67.07,66.64,67.86,70.11,72.83,75.08,77.10,79.03,80.86,82.34,82.91,82.31,81.16,79.93,78.92,77.88,76.64,75.14,73.39,71.41,68.94,65.59,61.05,57.10,53.84,50.80,47.13,41.05,35.01,30.95,28.85,27.92,26.95,26.27,26.20,26.94,27.79,28.65,29.68,31.06,33.02,35.21,37.51,40.12,43.40,46.94,50.28,53.53,56.65,59.26,62.30,65.68,69.11,72.13,74.37,73.83,71.62,69.09,67.72,67.36,67.36,67.49,67.73,67.78,67.44,66.59,65.21,64.46,64.57,65.18,65.89,66.00,66.02,66.37,67.66,70.89,73.94,76.74,79.53,82.56,85.84,87.50,88.87,90.25,90.60,90.64,89.88,88.09,85.08,82.07,79.55,77.46,75.96,75.51,76.03,76.88,77.86,78.92,78.52,77.06,75.09,73.23,72.69,74.62,77.29,79.38,79.31,77.48,75.46,73.78,72.85,74.29,77.03,80.69,85.13,89.63,92.53,95.02,97.78,101.32,105.88,109.60,112.14,113.27,113.05,111.73,109.91,107.61,104.40,101.85,99.19,96.26,93.15,89.68,85.53,81.47,78.03,75.17,73.51,72.97,73.26,73.81,74.49,74.66,74.19,72.91,70.76,68.23,65.44,62.35,58.97,55.08,51.24,47.56,43.88,39.70,36.05,32.64,29.16,25.76,22.36,18.95,15.65,12.74,10.66,9.48,8.74,8.05,7.35,6.66,5.94,5.19,4.51,3.83,3.17
e,e,e,e,e,e,e,e,e,e,e,e,0.63,1.47,2.82,4.27,5.76,7.26,8.76,10.46,12.87,15.64,18.21,20.66,23.36,26.13,30.12,35.39,41.38,45.54,48.76,51.24,53.36,55.82,58.54,61.81,65.91,70.80,74.61,78.56,82.99,87.81,92.25,96.18,98.65,99.70,99.56,98.75,97.45,95.92,94.25,92.29,89.75,85.71,80.91,77.98,76.65,76.13,76.08,76.57,77.59,76.69,74.74,72.41,70.40,68.14,66.38,65.26,64.62,63.69,62.55,61.28,59.85,58.04,56.23,55.40,55.84,57.39,59.29,60.69,61.54,61.92,61.90,62.27,64.38,68.23,71.18,73.42,75.73,78.17,80.34,81.59,82.31,82.20,81.10,80.38,79.82,78.90,77.39,75.34,73.25,70.66,66.56,60.33,56.52,53.98,51.58,48.22,42.14,36.36,31.92,29.10,28.18,27.30,26.48,26.13,26.59,27.40,28.30,29.21,30.43,32.66,35.11,37.65,40.36,43.35,46.36,49.35,52.60,55.96,58.59,62.56,66.81,70.49,72.59,73.38,72.08,69.49,66.40,63.93,63.10,63.12,63.54,64.05,64.20,63.93,63.13,61.70,60.86,60.70,61.03,61.62,61.89,61.96,62.73,64.91,69.20,72.65,75.80,79.05,82.72,86.89,89.54,90.97,91.51,91.70,91.63,91.17,90.20,88.33,85.12,81.81,79.12,77.35,76.22,76.25,77.32,79.05,80.63,81.05,80.16,78.40,76.42,75.87,77.58,79.81,81.47,81.53,79.87,77.83,76.00,75.10,76.71,79.14,82.39,86.55,90.48,93.70,96.71,99.93,103.93,108.32,111.76,114.26,115.65,114.87,113.00,110.59,107.61,103.90,100.98,98.00,94.89,91.78,87.76,83.43,79.44,76.08,72.84,71.05,70.46,70.70,71.27,72.15,72.44,71.97,70.53,67.90,65.41,62.86,59.99,56.73,53.06,49.58,46.37,43.21,39.44,35.69,32.04,28.53,25.12,21.71,18.19,14.71,11.87,10.09,9.07,8.36,7.67,6.97,6.28,5.58,4.88,4.25,3.62,3.03
e,e,e,e,e,e,e,e,e,e,e,e,0.50,1.96,3.20,4.68,6.21,7.73,9.38,11.22,13.23,15.68,18.03,20.46,23.49,26.66,31.26,36.92,42.96,47.73,51.08,53.71,56.06,58.56,61.32,65.06,69.44,73.81,77.19,80.70,84.72,89.30,93.98,98.02,100.66,102.02,102.26,101.57,99.98,98.08,96.06,93.50,90.69,87.00,82.97,80.67,79.87,79.47,79.04,78.49,78.18,76.33,73.87,71.27,68.48,65.57,63.22,61.54,60.54,59.50,58.17,56.72,55.21,53.53,52.12,51.61,52.19,53.65,55.38,56.54,57.11,57.26,57.24,57.68,59.51,62.85,66.02,69.11,72.16,75.03,77.37,79.29,80.90,81.66,81.22,80.79,80.42,79.61,78.05,75.55,73.07,69.77,65.08,58.96,54.98,52.58,50.20,46.74,41.44,36.25,32.06,29.26,28.34,27.48,26.60,26.08,26.25,26.83,27.48,28.12,29.23,31.98,34.72,37.53,40.46,43.54,46.63,50.07,53.87,57.78,61.08,65.36,68.93,71.41,72.89,72.70,71.01,68.28,64.81,61.55,59.99,59.68,60.12,60.45,60.58,60.36,59.63,58.28,57.43,57.23,57.55,58.17,58.52,59.09,60.52,63.23,67.71,71.60,75.59,79.58,83.39,87.47,90.14,91.52,91.92,92.11,92.07,91.73,91.05,89.74,86.70,83.27,80.34,78.31,76.89,76.66,77.63,79.39,80.98,81.94,81.61,80.38,78.95,78.88,80.17,81.91,83.36,83.37,81.66,79.52,77.76,77.32,78.75,80.94,83.71,87.09,90.79,94.23,97.61,101.17,105.26,109.36,112.66,115.31,116.96,115.70,113.55,110.98,107.83,103.64,99.77,96.33,93.11,89.65,85.07,80.71,76.83,73.45,70.38,68.47,67.58,67.44,67.68,68.58,68.75,68.08,66.62,64.36,61.97,59.45,56.69,53.56,50.59,47.77,45.00,42.08,38.52,34.83,31.18,27.63,24.12,20.72,17.23,13.75,10.96,9.60,8.79,8.13,7.49,6.86,6.21,5.56,4.91,4.33,3.72,3.12
e,e,e,e,e,e,e,e,e,e,e,e,e,3.04,3.63,5.28,6.91,8.48,10.37,12.46,14.03,16.00,18.19,20.79,24.25,27.75,32.47,38.03,43.94,49.26,52.70,55.57,58.37,61.09,63.99,68.13,72.78,76.89,80.12,83.33,86.95,91.19,95.93,99.80,102.49,104.13,104.69,104.12,102.27,99.98,97.62,94.53,91.52,88.37,85.44,83.93,83.62,83.28,82.31,80.38,78.45,76.02,73.41,70.61,67.13,63.39,60.34,58.13,56.71,55.56,54.01,52.30,50.70,49.35,48.48,48.30,48.88,50.20,51.94,52.95,53.19,52.88,52.76,53.51,55.14,57.66,60.83,64.56,68.25,71.50,73.94,76.39,78.66,80.20,80.62,80.55,80.36,79.62,77.96,75.09,72.22,68.17,63.07,57.56,53.19,50.57,47.98,44.43,40.05,35.55,31.84,29.34,28.44,27.58,26.69,26.06,26.02,26.44,26.89,27.32,28.32,31.37,34.35,37.38,40.57,44.03,47.54,51.58,56.00,60.57,64.56,68.52,70.91,71.98,72.83,71.99,69.99,67.09,63.34,59.55,57.27,56.52,56.81,56.90,56.96,56.75,56.08,54.86,54.10,53.97,54.40,55.27,55.97,57.23,59.28,62.28,66.56,70.94,75.85,80.45,84.00,87.56,89.99,91.40,91.99,92.22,92.26,91.97,91.40,90.38,87.63,84.30,81.28,79.06,77.56,77.13,77.91,79.47,80.91,82.31,82.39,81.66,81.04,81.62,82.62,84.00,85.34,85.31,83.54,81.33,79.64,79.49,80.66,82.66,84.97,87.58,91.11,94.69,98.32,102.10,106.12,109.93,113.14,115.84,117.52,115.89,113.63,111.06,107.83,103.19,98.43,94.43,90.90,86.98,82.07,77.81,74.07,70.70,67.91,65.86,64.60,64.00,63.81,64.50,64.46,63.67,62.37,60.70,58.47,55.95,53.20,50.24,47.94,45.72,43.31,40.51,37.12,33.54,29.95,26.38,22.78,19.39,15.96,12.63,10.19,9.27,8.66,8.04,7.44,6.87,6.28,5.67,5.06,4.50,3.89,3.31
e,e,e,e,e,e,e,e,e,e,e,e,e,2.52,3.37,5.76,7.77,9.76,12.20,14.83,16.20,17.50,19.61,22.70,26.70,30.17,34.15,38.84,44.18,49.35,52.91,56.20,59.63,62.96,66.28,70.54,75.32,79.79,83.10,86.28,89.80,93.75,97.83,101.29,103.98,105.95,107.03,106.54,104.59,102.00,99.23,96.36,93.51,91.03,89.19,88.42,88.36,87.96,86.37,82.96,79.47,76.66,74.09,71.40,68.13,62.80,58.56,55.80,53.73,52.12,50.69,49.38,48.22,47.17,46.36,45.95,46.03,46.69,48.18,49.08,49.28,49.02,48.82,49.77,51.55,53.98,56.85,59.90,63.44,67.08,69.99,72.54,75.15,77.40,78.75,79.26,79.52,78.91,77.10,74.21,71.29,67.04,61.90,56.67,51.63,48.22,45.30,42.07,38.36,34.48,31.32,29.24,28.43,27.59,26.72,26.14,26.18,26.85,27.59,28.13,28.94,31.41,34.32,37.37,40.86,45.23,49.66,53.96,58.72,63.91,68.00,70.16,71.34,71.92,71.78,70.92,68.44,64.96,61.10,57.36,54.69,53.43,53.39,53.40,53.36,53.12,52.47,51.34,50.92,50.93,51.66,53.32,55.46,57.47,59.76,62.59,66.37,71.28,76.85,81.45,83.91,86.55,88.90,90.73,91.85,92.11,92.15,91.97,91.49,90.39,87.88,84.71,81.75,79.56,78.26,77.61,78.15,79.57,80.96,82.68,82.66,82.06,82.39,83.60,84.95,86.44,87.79,87.94,86.40,84.31,82.41,81.52,82.57,84.36,86.43,88.83,92.01,95.54,99.20,102.95,106.78,110.43,113.50,115.80,116.71,115.03,112.94,110.40,106.89,101.83,96.92,92.23,87.70,83.30,78.87,74.95,71.42,68.27,65.57,63.28,61.66,60.69,60.14,60.02,59.76,59.31,58.63,57.35,55.47,53.02,50.13,47.43,45.16,43.02,40.73,37.96,34.78,31.35,27.79,24.20,20.68,17.32,13.91,10.97,9.88,9.38,8.85,8.22,7.61,7.01,6.44,5.85,5.24,4.64,4.02,3.57
e,e,e,e,e,e,e,e,e,e,e,e,e,2.22,3.29,6.25,8.58,11.41,14.50,17.30,18.90,20.55,23.20,26.64,30.22,33.37,36.75,40.59,44.95,49.43,53.07,56.62,60.31,63.95,67.59,72.06,76.91,81.38,84.81,88.09,91.50,95.12,98.71,101.99,104.90,107.30,108.69,108.50,106.67,104.05,101.23,98.64,96.13,94.06,92.65,91.96,91.54,90.65,88.58,84.67,80.33,77.47,75.06,72.56,69.84,64.67,59.57,55.36,52.26,50.24,48.71,47.35,46.10,45.12,44.30,43.66,43.26,43.31,44.13,44.78,45.08,45.14,45.08,46.11,47.93,50.29,52.96,55.67,58.91,62.39,65.35,67.98,70.85,73.57,75.60,76.69,77.50,77.63,76.61,73.84,71.12,67.22,62.55,57.79,52.35,48.32,44.80,41.13,37.22,33.47,30.73,29.08,28.27,27.42,26.59,26.12,26.35,27.14,27.99,28.66,29.55,31.83,34.74,37.95,42.05,47.60,51.93,56.01,60.55,65.43,69.12,70.48,71.03,71.15,70.39,69.05,66.23,62.40,58.10,54.13,51.72,50.59,50.41,50.48,50.48,50.38,50.02,49.31,49.19,49.55,50.81,53.22,56.14,58.53,60.86,63.44,66.67,71.25,76.71,81.08,83.00,85.21,87.33,89.39,91.14,91.79,91.90,91.76,91.32,90.17,87.89,85.23,82.66,80.50,79.09,78.31,78.58,79.73,81.23,83.00,83.07,82.77,83.70,85.17,86.71,88.23,89.52,89.83,88.87,87.39,85.71,84.26,84.71,86.19,88.14,90.45,93.41,96.85,100.50,104.17,107.74,110.96,113.80,115.70,115.74,113.97,112.01,109.35,105.45,100.13,94.69,89.53,84.65,80.08,75.90,72.23,68.91,65.92,63.24,60.89,59.10,57.88,57.14,56.68,56.33,56.02,55.62,54.57,52.88,50.58,47.80,45.24,42.77,40.25,37.62,34.82,31.82,28.65,25.29,21.75,18.35,15.01,12.12,10.11,9.66,9.37,8.93,8.39,7.80,7.18,6.60,6.00,5.39,4.81,4.32,3.99
e,e,e,e,e,e,e,e,e,e,e,e,e,2.02,3.28,6.75,9.49,13.36,17.09,19.95,22.04,24.53,27.87,31.41,34.15,36.94,39.95,43.10,46.34,49.77,53.30,56.90,60.58,64.33,68.17,72.81,77.69,81.97,85.53,88.96,92.31,95.58,98.86,102.11,105.31,108.12,109.73,109.94,108.41,106.01,103.39,101.14,99.00,97.14,95.64,94.55,93.41,91.84,89.42,85.61,80.96,78.18,75.94,73.65,71.59,67.61,62.11,56.35,52.24,49.77,47.97,46.32,44.70,43.50,42.48,41.53,40.68,40.17,40.20,40.52,40.96,41.38,41.52,42.55,44.27,46.53,49.06,51.69,54.61,57.65,60.43,63.08,66.01,68.90,71.37,73.39,74.84,75.97,76.15,73.80,71.45,68.16,64.21,59.96,54.39,49.88,45.67,41.20,36.63,32.66,30.17,28.89,28.05,27.20,26.39,26.05,26.51,27.31,28.16,28.96,30.09,32.53,35.48,39.08,43.99,50.49,54.11,57.64,61.45,65.24,68.08,69.37,69.81,69.64,68.59,66.64,63.62,59.58,54.70,50.48,48.63,47.92,47.78,48.01,48.13,48.24,48.29,48.18,48.37,49.20,51.11,54.21,57.46,59.97,62.27,64.62,67.34,71.08,75.88,79.84,81.57,83.61,85.46,87.63,89.98,91.29,91.57,91.46,91.03,89.96,88.01,86.02,83.95,81.81,80.10,79.22,79.21,80.05,81.63,83.28,83.50,83.53,84.70,86.21,87.82,89.36,90.61,91.14,90.95,90.25,89.01,87.30,86.96,88.09,89.96,92.27,95.11,98.49,102.11,105.73,108.94,111.60,114.09,115.48,114.64,112.78,110.81,107.94,103.69,98.25,92.19,86.75,81.92,77.31,73.17,69.69,66.57,63.66,60.95,58.65,56.79,55.39,54.54,54.01,53.64,53.35,52.99,52.05,50.51,48.42,45.91,43.41,40.61,37.49,34.34,31.48,28.63,25.75,22.63,19.19,15.91,12.75,10.66,9.78,9.51,9.28,8.95,8.51,7.97,7.36,6.75,6.15,5.56,5.06,4.75,4.50
e,e,e,e,e,e,e,e,e,e,e,e,e,1.50,3.01,7.29,11.09,15.66,19.88,23.20,25.99,28.71,31.61,34.55,37.23,40.23,43.52,46.56,49.03,51.23,53.90,57.00,60.41,64.06,67.97,72.48,77.15,81.43,85.05,88.59,91.98,95.19,98.43,101.67,104.89,107.80,109.75,110.14,109.15,107.40,105.29,103.39,101.43,99.41,97.34,95.30,93.51,91.64,89.11,85.31,80.94,78.00,75.61,73.41,71.64,68.75,64.19,58.99,55.00,51.63,49.38,47.66,45.95,43.89,41.73,40.00,38.78,37.84,37.60,37.73,38.01,38.30,38.33,39.16,40.60,42.55,44.97,47.64,50.49,53.38,56.10,58.42,60.70,62.92,65.48,70.16,72.47,73.91,74.75,73.83,71.98,69.18,65.70,61.55,56.27,51.52,46.88,42.01,37.05,32.58,29.95,28.82,27.96,27.12,26.28,25.98,26.62,27.39,28.23,29.07,30.44,33.59,36.49,41.09,46.96,52.66,55.59,58.30,60.57,62.04,63.17,64.88,66.13,66.49,65.66,63.82,60.81,56.60,51.50,47.72,45.97,45.39,45.55,46.00,46.24,46.50,46.78,47.08,47.88,49.13,51.52,55.26,58.71,61.23,63.56,65.97,68.47,71.32,75.01,78.27,79.96,81.52,83.38,85.62,88.16,90.54,91.22,91.22,90.95,90.40,89.42,87.77,85.77,83.65,81.63,80.50,80.34,80.97,82.06,83.36,83.55,83.50,84.30,85.76,87.48,89.17,90.68,91.79,92.37,91.97,90.87,89.68,89.15,89.96,91.67,94.06,96.94,100.42,104.17,107.77,110.47,112.71,114.36,114.76,113.24,111.33,108.94,105.85,101.74,96.34,90.43,85.08,80.17,75.26,70.94,67.58,64.61,61.70,58.89,56.55,54.57,52.97,51.90,51.29,50.91,50.59,50.16,49.28,47.98,46.24,44.05,41.59,38.44,35.00,31.64,28.75,26.02,23.25,20.20,16.80,13.53,11.22,10.00,9.62,9.38,9.15,8.89,8.55,8.10,7.50,6.92,6.37,5.89,5.56,5.31,5.05
e,e,e,e,e,e,e,e,e,e,e,e,e,1.17,2.85,7.68,12.34,17.34,21.89,25.63,28.86,31.61,34.17,36.76,39.57,42.93,46.39,49.27,51.17,52.70,54.72,57.14,59.87,62.96,66.72,70.93,75.32,79.59,83.29,87.14,90.87,94.34,97.71,100.99,104.13,106.95,109.03,109.49,108.69,107.20,105.39,103.79,102.08,100.12,97.83,95.30,93.09,90.95,88.27,84.46,80.20,76.83,74.25,72.31,70.63,68.45,65.25,61.42,57.80,54.18,51.58,49.64,47.79,45.14,42.08,39.76,38.30,36.92,35.93,35.35,35.13,35.20,35.19,35.88,37.14,38.89,41.05,43.39,45.96,48.74,51.60,54.15,56.26,58.07,60.34,65.40,69.08,71.64,73.22,73.44,72.18,70.06,67.07,62.85,58.10,53.61,48.82,43.45,37.98,32.93,30.00,28.82,27.96,27.12,26.25,25.91,26.51,27.22,28.01,28.81,30.20,33.55,37.14,42.89,49.17,53.13,55.08,56.94,57.99,57.88,58.15,60.02,61.75,62.64,62.27,60.66,57.71,53.69,49.02,45.49,43.52,42.92,43.37,44.03,44.65,45.35,46.09,46.86,47.93,49.29,51.95,56.14,59.69,62.20,64.54,66.96,69.34,71.63,74.16,76.44,77.98,79.22,81.13,83.72,86.88,90.07,91.03,91.11,90.93,90.68,90.31,88.81,86.71,84.47,82.52,81.64,81.44,81.72,82.32,83.11,83.04,82.87,83.53,84.72,86.18,88.02,90.12,91.83,93.10,93.34,92.76,91.90,91.45,92.05,93.46,95.60,98.42,102.16,106.08,109.57,111.86,113.34,113.84,113.26,111.42,109.36,106.70,103.56,99.71,94.47,88.94,83.89,79.09,74.04,69.80,66.50,63.39,60.08,57.01,54.47,52.31,50.48,49.08,48.21,47.63,47.21,46.86,46.17,45.17,43.78,41.86,39.22,35.94,32.52,29.25,26.39,23.75,20.90,17.73,14.38,11.63,10.25,9.69,9.52,9.31,9.04,8.79,8.52,8.13,7.63,7.14,6.70,6.32,6.08,5.85,5.59
e,e,e,e,e,e,e,e,e,e,e,e,e,1.14,2.84,7.82,13.07,18.24,22.95,26.97,30.33,32.98,35.46,38.04,41.03,44.78,48.26,50.86,52.37,53.82,55.48,57.12,58.79,60.93,64.31,68.14,72.23,76.53,80.38,84.65,88.97,93.03,96.65,100.08,103.09,105.67,107.59,108.08,107.07,105.41,103.65,102.24,100.83,99.15,97.10,94.66,92.31,89.88,86.98,83.10,78.66,74.70,71.94,70.36,68.59,66.77,65.06,63.06,59.99,56.85,54.07,51.75,49.71,46.93,43.43,40.83,39.27,37.45,35.20,33.38,32.29,32.09,32.12,32.75,33.96,35.64,37.40,39.02,41.08,43.68,46.79,50.16,52.70,54.56,56.31,59.39,64.69,69.14,71.66,72.55,71.97,70.68,68.25,63.94,59.93,56.13,51.43,45.45,39.31,33.67,30.29,28.83,27.97,27.12,26.22,25.76,26.14,26.75,27.44,28.15,29.32,32.25,37.05,43.88,49.93,51.71,52.51,53.53,53.80,53.11,53.51,55.19,56.98,58.29,58.52,57.14,54.35,50.87,47.20,43.66,41.32,40.63,41.37,42.20,43.50,44.92,46.31,47.61,48.58,49.78,52.47,56.84,60.38,62.87,65.15,67.48,69.78,71.80,73.19,74.35,75.63,76.86,78.88,82.14,86.38,89.98,91.04,91.13,90.94,90.70,90.44,88.86,86.48,83.97,82.46,82.23,82.10,81.88,82.08,82.28,81.83,81.59,82.42,83.14,84.01,85.96,88.92,91.25,93.11,94.34,94.72,94.02,93.88,94.38,95.35,96.91,99.52,103.62,107.69,110.97,112.89,113.27,112.45,110.98,109.15,106.86,104.13,101.13,97.56,92.59,87.60,83.06,78.58,73.65,69.73,66.40,62.84,58.80,55.30,52.42,50.01,47.92,46.09,44.75,43.75,43.11,42.91,42.47,41.75,40.71,39.05,36.15,33.05,30.01,27.08,24.33,21.69,18.57,15.17,12.03,10.34,9.81,9.63,9.46,9.29,8.96,8.67,8.41,8.09,7.78,7.46,7.14,6.83,6.60,6.36,6.12
e,e,e,e,e,e,e,e,e,e,e,e,e,1.46,2.91,7.38,13.12,18.27,22.89,27.01,30.42,32.93,35.29,37.78,40.57,44.46,48.17,50.81,52.03,53.19,54.27,55.13,55.97,57.57,60.63,64.25,68.41,73.19,77.34,81.60,86.08,90.57,94.47,98.52,101.74,104.08,105.66,106.10,105.12,103.53,101.87,100.28,98.62,97.02,95.38,93.30,91.08,88.37,85.15,81.20,76.20,72.21,69.41,67.53,65.52,63.87,62.72,61.62,59.63,56.86,54.22,51.95,50.06,47.94,44.93,42.38,40.58,38.78,35.85,32.85,30.58,29.77,29.73,30.25,31.21,32.62,34.28,35.57,37.03,38.90,41.55,45.26,48.34,50.89,53.39,56.61,61.44,66.19,69.74,71.08,71.10,70.31,68.53,65.32,62.05,58.46,53.66,47.36,40.76,34.68,30.61,28.45,27.51,26.57,25.61,25.05,25.25,25.83,26.47,27.10,28.02,30.17,34.21,40.42,46.28,48.58,49.36,49.44,48.92,48.09,48.34,50.17,52.28,53.94,54.46,53.47,51.14,48.09,44.75,41.66,40.04,39.78,40.63,41.95,44.01,45.78,47.23,48.61,49.81,51.41,54.09,57.83,60.94,63.22,65.37,67.52,69.32,70.39,71.03,71.76,73.10,75.37,78.10,82.14,87.10,90.40,91.26,91.26,91.05,90.79,90.40,87.91,84.63,81.80,80.25,79.72,79.41,79.16,79.19,79.30,79.15,79.19,79.83,80.37,81.36,83.39,86.54,89.95,92.16,94.03,95.49,95.93,96.15,96.57,97.26,98.48,100.81,104.77,108.68,111.55,112.44,111.89,110.40,108.50,106.47,104.11,101.38,98.26,94.68,90.48,86.25,82.16,78.08,73.80,69.77,65.71,61.62,57.61,53.99,50.73,47.98,45.63,43.44,41.37,39.53,38.19,37.47,36.24,35.47,34.77,33.76,31.96,29.75,27.26,24.66,22.04,18.98,15.48,12.44,10.63,9.88,9.68,9.54,9.35,9.18,8.87,8.57,8.31,8.11,8.01,7.87,7.65,7.39,7.15,6.89,6.64
e,e,e,e,e,e,e,e,e,e,e,e,e,1.52,2.83,6.97,12.72,17.62,21.96,25.98,29.53,32.08,34.36,36.67,39.30,43.02,46.69,49.39,50.73,51.79,52.36,52.57,52.82,54.03,56.92,60.73,65.40,70.86,75.22,79.37,83.74,88.23,92.15,96.55,100.04,102.38,103.63,104.00,103.09,101.56,99.81,97.92,96.10,94.61,93.25,91.47,89.25,86.34,82.87,78.73,73.38,69.47,66.60,64.36,62.23,60.70,59.76,59.05,57.86,55.54,53.17,51.05,49.33,47.90,45.86,43.70,41.73,40.01,36.71,32.80,29.59,28.30,27.80,28.12,28.90,30.02,31.48,32.46,33.36,34.63,37.02,40.95,44.62,48.02,51.46,55.13,59.18,63.54,67.44,69.06,69.54,69.19,68.06,65.96,63.39,60.10,55.17,48.45,41.81,35.75,31.22,28.35,27.08,25.92,24.86,24.20,24.23,24.81,25.39,25.93,26.65,28.25,31.14,36.12,41.46,44.61,45.64,45.09,43.98,43.02,43.25,45.00,47.10,48.89,49.73,49.19,47.41,44.96,42.27,40.01,39.12,39.25,40.24,42.09,44.77,46.84,48.37,49.88,51.48,53.50,56.03,58.97,61.48,63.54,65.48,67.23,68.23,68.46,68.70,69.29,70.74,74.03,77.85,82.67,87.85,90.68,91.45,91.44,91.20,90.89,90.35,86.56,82.26,79.39,77.62,76.56,75.97,75.68,75.56,75.64,75.79,76.07,76.59,77.15,78.46,80.65,83.89,88.10,90.84,93.33,95.68,97.34,98.09,98.69,99.39,100.50,102.61,106.14,109.58,111.80,111.38,109.94,108.00,105.88,103.66,101.22,98.47,95.33,91.85,88.43,84.94,81.20,77.33,73.46,69.19,64.50,60.06,56.27,52.68,49.21,46.18,43.57,41.00,38.16,35.53,33.52,32.35,30.73,29.96,29.53,29.02,27.95,26.37,24.37,22.09,19.47,16.09,12.73,10.44,9.80,9.67,9.59,9.45,9.25,9.08,8.81,8.54,8.34,8.25,8.28,8.26,8.14,7.94,7.71,7.43,7.17
e,e,e,e,e,e,e,e,e,e,e,e,e,1.02,2.50,6.86,11.75,16.02,19.83,23.46,27.35,30.28,32.50,34.60,37.31,40.36,43.39,46.09,48.20,49.66,49.91,49.77,49.80,50.70,53.75,58.43,64.23,70.53,74.86,78.89,82.84,86.57,90.00,94.07,97.82,100.58,101.62,101.91,101.08,99.44,97.22,94.96,93.41,92.11,90.78,89.04,86.48,83.53,80.00,75.41,70.31,66.41,63.36,60.92,59.00,57.52,56.49,55.66,54.51,52.81,50.84,48.85,47.18,46.23,45.65,44.37,42.42,40.70,37.37,33.09,29.51,28.11,26.45,26.49,27.24,28.14,29.09,29.61,30.11,31.21,34.00,38.13,42.44,46.72,50.92,54.77,58.32,61.67,64.57,66.26,66.96,67.06,66.53,65.07,63.14,60.50,55.48,48.03,42.07,36.79,32.38,28.98,26.91,25.29,24.11,23.35,23.18,23.77,24.25,24.67,25.35,26.93,28.80,32.15,36.31,39.80,41.03,40.51,39.20,38.00,38.56,39.67,41.06,42.58,43.89,43.87,42.68,41.17,40.00,39.06,38.48,38.71,39.97,42.32,45.31,47.75,49.68,51.52,53.72,55.95,58.16,60.27,62.03,63.92,65.53,66.52,66.36,66.19,66.53,67.30,68.80,72.58,78.00,83.54,88.11,90.48,91.48,91.66,91.41,90.95,90.31,84.92,79.61,77.24,75.09,73.52,72.52,71.96,71.65,71.62,71.77,72.12,72.75,73.59,75.30,77.82,81.21,85.50,89.23,92.39,95.25,97.87,99.48,100.75,101.94,103.28,105.33,108.07,110.57,111.71,109.78,107.47,105.23,103.05,100.75,98.14,95.39,92.45,89.43,86.63,83.69,80.11,76.07,71.91,67.40,62.55,58.14,54.62,51.18,47.81,44.72,41.82,38.83,35.28,32.09,29.72,28.46,27.64,27.10,26.78,26.33,24.76,23.03,21.32,19.34,16.48,13.15,10.96,9.87,9.63,9.54,9.47,9.35,9.18,9.02,8.79,8.63,8.57,8.60,8.56,8.58,8.57,8.45,8.22,7.98,7.74
e,e,e,e,e,e,e,e,e,e,e,e,e,0.90,2.37,5.21,9.58,13.61,17.17,20.41,23.61,26.56,29.05,31.30,33.73,36.33,38.72,40.94,42.95,44.43,45.02,45.53,46.50,48.73,52.77,58.02,63.86,69.60,73.70,77.59,81.31,84.79,88.14,91.78,95.29,98.15,99.47,99.45,98.26,96.42,94.28,92.24,90.67,89.22,87.67,85.80,83.30,80.32,76.79,72.54,67.92,63.93,60.64,58.04,55.99,54.38,53.20,52.23,51.09,49.55,47.68,45.85,44.41,43.84,43.78,43.39,42.40,40.87,37.97,33.99,30.33,28.27,26.12,25.27,25.44,26.29,27.11,27.56,28.34,29.80,32.53,36.96,41.88,46.77,51.22,54.64,57.52,59.95,61.91,63.36,64.13,64.51,64.42,63.54,62.08,59.30,54.33,47.52,42.40,37.74,33.63,30.08,27.24,25.32,23.70,22.51,22.13,22.51,22.79,23.25,24.12,25.58,27.20,29.36,31.80,33.90,34.69,34.57,34.22,34.22,35.32,36.39,37.71,39.16,40.26,40.56,40.05,39.30,38.73,38.22,37.98,38.38,39.69,42.15,45.81,48.89,51.25,53.30,55.65,57.86,59.76,61.30,62.71,64.07,64.81,64.82,64.27,63.89,64.22,65.36,67.60,71.41,76.73,82.13,86.78,90.08,91.37,91.63,91.43,90.96,90.27,84.56,78.85,76.05,73.17,71.19,69.98,69.31,68.89,68.81,68.84,69.05,69.64,70.67,72.83,75.63,78.92,82.84,86.81,90.45,93.79,96.96,99.92,102.25,104.28,106.21,107.96,109.74,110.74,110.33,107.75,105.15,102.57,100.00,97.42,94.70,92.25,89.81,87.34,84.98,82.29,78.14,73.24,69.02,64.70,60.32,56.27,52.78,49.41,46.14,43.03,39.97,36.58,32.86,29.83,27.59,26.17,25.35,24.68,24.11,23.42,21.90,20.50,18.99,17.02,14.15,11.45,10.10,9.61,9.50,9.42,9.34,9.24,9.13,9.01,8.89,8.80,8.78,8.84,8.85,8.88,8.90,8.87,8.71,8.50,8.29
e,e,e,e,e,e,e,e,e,e,e,e,e,e,e,3.19,7.13,10.99,14.35,17.18,19.56,22.32,24.91,27.22,29.38,31.73,33.61,35.34,37.13,38.76,39.99,41.35,43.44,47.26,52.25,57.78,63.28,68.15,71.99,75.72,79.31,82.74,86.17,89.71,92.98,95.69,97.20,96.76,95.15,93.16,91.22,89.46,87.78,86.12,84.39,82.43,80.22,77.37,74.00,70.22,66.03,61.92,58.31,55.43,53.14,51.38,50.04,48.90,47.64,46.08,44.25,42.55,41.38,41.11,41.41,41.83,41.85,40.50,38.17,34.79,31.26,28.52,26.09,24.25,23.68,24.48,25.32,25.98,27.24,29.16,31.76,36.38,41.86,47.23,51.66,54.43,56.55,58.11,59.22,60.30,61.06,61.66,61.97,61.63,60.67,57.64,52.93,47.34,43.07,38.89,34.92,31.09,27.41,25.17,23.16,21.64,21.11,21.23,21.31,21.79,22.82,24.21,25.83,27.13,28.06,28.69,29.00,29.30,29.96,31.19,32.78,34.01,35.42,36.86,37.62,38.16,38.25,38.06,37.76,37.44,37.56,38.19,39.47,41.89,46.18,49.81,52.48,54.65,57.07,59.20,60.81,61.91,62.99,63.74,63.62,62.83,62.13,61.64,61.99,63.54,66.62,70.42,75.13,80.08,84.98,89.60,91.22,91.55,91.41,91.01,90.28,85.05,79.43,75.83,72.07,69.61,68.12,67.22,66.56,66.41,66.29,66.33,66.88,68.16,70.69,73.68,76.82,80.21,84.02,87.92,91.72,95.34,99.58,102.96,105.84,108.36,109.90,110.76,110.28,108.42,105.55,102.81,99.82,96.75,93.88,91.16,89.15,87.33,85.42,83.34,80.43,75.57,69.98,65.83,61.85,58.04,54.38,50.89,47.56,44.33,41.23,38.10,34.50,30.90,28.15,26.06,24.40,23.31,22.44,21.62,20.68,19.40,18.37,16.95,14.88,12.18,10.33,9.62,9.44,9.36,9.29,9.22,9.16,9.11,9.05,9.04,9.01,8.99,9.06,9.12,9.15,9.19,9.25,9.18,9.01,8.84
e,e,e,e,e,e,e,e,e,e,e,e,e,e,e,2.04,4.98,8.49,11.55,13.94,16.15,18.38,20.16,21.81,24.07,26.69,28.48,30.10,32.18,34.81,36.96,38.91,41.45,46.06,50.93,56.13,61.22,65.62,69.36,72.88,76.42,79.98,83.57,88.17,91.72,93.85,94.59,93.66,91.94,90.03,88.18,86.26,84.43,82.74,81.14,79.49,77.81,75.69,72.90,69.23,65.10,60.82,56.73,53.18,50.63,48.78,47.34,45.93,44.16,42.51,40.76,39.16,38.10,38.04,39.09,40.12,40.30,38.85,37.15,34.60,31.62,28.74,25.99,23.40,22.20,22.78,23.70,25.14,26.89,28.96,31.72,36.05,41.91,47.65,51.74,53.68,54.96,55.77,56.24,56.78,57.45,58.29,59.00,59.16,58.99,56.13,52.21,48.31,44.80,40.78,36.23,31.32,26.54,23.72,21.85,20.65,20.17,20.12,20.08,20.35,21.18,22.81,24.40,25.47,26.18,26.82,27.26,27.64,28.26,29.34,31.02,32.43,33.83,35.13,35.95,36.67,36.96,36.95,36.77,36.69,37.28,38.18,39.44,41.73,46.13,49.78,52.35,54.44,57.09,59.23,60.66,61.40,61.87,62.06,61.69,60.88,60.06,59.58,60.16,62.09,65.62,69.80,73.89,78.28,83.34,89.07,91.02,91.50,91.52,91.23,90.47,87.01,82.42,77.76,73.03,69.77,67.53,65.87,64.50,64.06,63.84,63.85,64.53,66.34,68.99,71.91,74.86,77.76,80.81,84.52,88.66,92.88,97.67,101.64,105.01,107.84,109.67,109.94,108.61,106.11,103.28,100.27,96.72,93.11,90.07,87.63,86.27,85.13,83.72,81.52,77.20,71.98,66.94,63.07,59.44,55.91,52.45,49.05,45.77,42.39,39.25,36.27,33.06,29.93,27.15,24.73,22.71,21.24,20.38,19.63,18.75,17.72,16.73,15.06,12.84,10.70,9.84,9.49,9.29,9.18,9.15,9.13,9.14,9.18,9.22,9.23,9.26,9.29,9.31,9.33,9.38,9.47,9.57,9.57,9.52,9.44
e,e,e,e,e,e,e,e,e,e,e,e,e,e,e,1.28,3.46,6.24,8.80,10.96,13.06,15.06,16.82,18.67,21.19,24.25,26.67,28.84,31.21,34.06,36.23,38.22,40.82,45.19,49.49,54.13,58.80,63.04,66.82,70.38,73.99,77.75,81.59,86.26,89.96,92.04,92.02,90.69,88.90,87.09,85.29,83.31,81.27,79.61,78.35,77.18,75.71,73.93,71.54,68.13,64.33,60.04,55.51,51.28,48.72,46.79,45.09,43.37,41.44,39.61,37.74,35.98,34.66,34.21,34.90,35.73,36.15,35.77,34.96,33.31,30.84,27.64,24.55,22.03,20.87,21.35,22.47,24.24,26.30,28.66,31.66,35.76,41.01,46.44,50.75,52.19,52.94,53.20,53.07,52.94,53.43,54.41,55.48,56.21,56.73,55.12,52.53,49.75,47.16,43.08,37.84,31.93,26.12,22.42,20.69,19.91,19.50,19.39,19.41,19.63,20.25,21.57,22.81,23.62,24.23,24.97,25.55,26.23,27.21,28.59,30.17,31.36,32.44,33.47,34.37,35.19,35.69,35.89,35.89,36.21,37.06,38.05,39.17,40.99,44.93,48.64,51.49,53.54,55.84,57.75,59.14,59.93,60.22,60.14,59.65,58.83,58.01,57.94,58.98,61.32,65.21,69.60,73.49,77.39,81.99,87.99,90.73,91.63,91.72,91.55,91.03,89.03,85.62,80.90,75.68,71.75,68.69,66.06,63.49,62.12,61.55,61.53,62.23,64.26,66.98,69.90,72.80,75.45,78.11,81.31,85.08,89.28,93.50,98.42,102.74,105.55,107.59,107.83,106.35,103.72,100.86,97.31,93.37,89.56,86.43,84.33,83.50,82.85,81.64,79.10,74.59,69.60,64.87,60.89,57.26,53.83,50.59,47.48,44.20,40.88,37.80,34.87,31.77,29.03,26.42,23.90,21.61,20.03,19.00,18.08,17.07,16.11,15.04,13.51,11.69,10.11,9.64,9.38,9.17,9.08,9.09,9.12,9.20,9.30,9.37,9.41,9.45,9.49,9.52,9.56,9.62,9.76,10.04,10.51,10.78,10.89
e,e,e,e,e,e,e,e,e,e,e,e,e,e,e,0.82,2.48,4.26,6.12,8.21,10.36,12.52,14.87,17.44,20.32,23.89,27.27,30.28,32.93,35.45,37.23,39.13,41.62,45.08,48.53,52.49,56.73,60.91,64.80,68.51,72.26,76.18,80.24,84.43,88.08,90.28,89.63,87.97,86.16,84.36,82.54,80.48,78.25,76.65,75.80,75.16,73.79,72.13,69.98,66.91,63.55,59.34,54.50,49.80,47.29,45.25,43.23,41.21,39.28,37.23,35.16,33.14,31.35,30.24,30.04,30.29,30.89,31.93,31.97,31.05,28.99,25.50,22.34,20.40,19.68,20.17,21.47,23.36,25.69,28.42,31.65,35.50,39.75,44.47,48.99,50.02,50.23,49.94,49.25,48.56,48.86,50.00,51.51,52.96,54.16,54.27,53.20,51.17,49.38,45.22,39.38,32.63,25.98,21.42,19.77,19.38,19.02,18.91,19.07,19.34,19.75,20.52,21.22,21.75,22.30,23.12,23.89,25.04,26.62,28.46,29.88,30.70,31.37,32.12,33.12,33.98,34.63,35.04,35.24,35.94,36.85,37.80,38.75,39.95,43.00,46.64,49.90,51.99,53.78,55.35,56.70,57.69,58.02,57.89,57.39,56.64,56.03,56.64,58.23,60.95,65.11,69.64,73.52,77.01,80.92,86.71,90.41,91.85,92.02,91.95,91.76,90.88,88.60,84.45,79.13,74.64,70.78,67.10,63.20,60.63,59.52,59.36,60.02,62.01,64.72,67.66,70.56,73.11,75.61,78.23,81.27,85.06,88.26,93.98,99.33,102.35,104.64,105.13,103.91,101.44,98.39,94.20,89.94,86.05,82.94,81.18,80.75,80.42,79.33,76.56,72.65,68.19,63.61,59.31,55.51,52.02,48.98,46.33,43.13,40.02,37.13,34.23,30.91,28.38,26.04,23.60,21.14,19.55,18.29,17.09,15.91,14.84,13.64,12.41,11.19,10.08,9.63,9.32,9.10,9.04,9.11,9.18,9.29,9.42,9.50,9.57,9.61,9.63,9.72,9.88,10.11,10.43,11.00,12.06,12.68,12.98
e,e,e,e,e,e,e,e,e,e,e,e,e,e,e,e,e,2.63,3.59,5.80,8.70,12.01,15.52,19.04,22.41,26.33,30.29,33.93,36.82,38.41,40.47,43.01,45.66,47.80,50.10,53.42,57.24,60.97,64.86,68.72,72.49,76.23,80.24,83.98,87.05,88.74,87.90,86.16,84.23,82.23,80.05,77.60,75.32,73.82,73.15,72.89,71.95,70.43,68.34,65.50,62.44,58.24,53.63,49.37,46.57,44.27,42.05,39.82,37.66,35.52,33.38,31.20,29.09,27.60,27.07,27.01,27.37,28.26,28.19,27.15,25.07,21.98,20.09,18.99,18.75,19.41,20.59,22.86,25.65,28.69,31.94,35.39,39.36,43.38,46.47,46.54,45.35,43.99,42.91,42.45,42.68,44.29,46.84,49.61,51.74,52.92,52.80,51.30,49.42,45.62,39.78,32.70,25.96,21.27,19.55,19.13,18.74,18.54,18.75,19.05,19.36,19.80,20.14,20.36,20.70,21.52,22.73,24.54,26.55,28.46,29.90,30.69,31.33,32.13,33.24,34.00,34.57,35.02,35.40,35.91,36.57,37.37,38.27,39.13,40.68,43.45,46.65,49.09,51.14,52.52,53.51,54.23,54.56,54.67,54.40,54.00,54.29,55.81,57.80,60.66,64.95,69.65,73.33,76.61,80.35,85.92,90.22,92.10,92.45,92.53,92.32,91.77,90.19,86.88,81.86,77.21,72.72,68.14,63.39,60.18,58.28,57.53,58.12,59.71,62.15,64.96,67.79,70.16,72.61,75.14,77.84,80.88,84.00,88.72,94.24,99.42,102.35,103.00,102.08,99.82,96.07,91.54,86.67,82.41,79.68,78.09,77.66,77.47,76.89,75.11,72.15,68.13,63.57,59.14,55.23,51.47,48.42,46.30,43.77,41.09,38.70,36.07,31.80,28.76,26.53,24.47,22.19,20.23,18.90,17.73,16.46,15.10,13.80,12.58,11.42,10.34,9.78,9.43,9.21,9.15,9.22,9.30,9.39,9.50,9.62,9.71,9.73,9.76,9.94,10.63,11.69,12.86,13.99,14.98,15.54,15.85
e,e,e,e,e,e,e,e,e,e,e,e,e,e,e,e,e,1.40,2.15,3.95,7.89,12.43,16.86,20.95,24.65,28.79,33.20,37.32,40.49,42.11,44.46,47.09,49.42,50.80,52.72,55.70,59.03,62.13,65.82,69.49,73.06,76.58,80.22,83.39,85.94,87.32,86.52,84.72,82.72,80.38,77.55,74.69,72.41,70.97,70.33,70.13,69.38,68.09,66.25,63.75,60.97,57.16,53.02,49.11,46.14,43.54,41.13,38.78,36.42,34.15,31.92,29.60,27.17,25.20,24.26,23.96,24.15,24.81,24.52,23.43,21.65,19.41,18.31,17.88,18.09,18.90,19.96,22.44,25.60,28.96,32.25,35.48,39.02,42.09,43.62,42.88,41.03,39.16,37.85,37.51,37.68,39.42,42.38,45.90,48.94,51.09,51.77,50.64,48.38,44.79,39.06,32.04,25.74,21.20,19.47,18.99,18.52,18.20,18.39,18.69,18.94,19.21,19.41,19.52,19.76,20.50,22.01,24.20,26.48,28.49,29.95,30.71,31.44,32.39,33.59,34.47,35.06,35.55,36.03,36.42,36.87,37.45,38.13,38.72,39.37,41.23,43.87,46.37,48.44,49.74,50.61,51.20,51.46,51.65,51.71,51.95,53.19,55.29,57.52,60.30,64.29,69.16,72.82,76.03,79.74,85.18,89.93,92.20,92.75,92.96,92.79,92.31,91.08,88.44,83.80,79.14,74.34,69.25,64.00,60.34,57.97,56.59,56.37,57.72,59.81,62.24,64.75,67.02,69.39,71.82,74.33,77.03,80.14,84.18,89.55,95.77,99.51,100.61,100.00,97.86,93.71,89.05,83.95,79.51,76.85,75.14,74.50,74.33,74.22,73.52,71.50,68.23,64.17,59.98,56.40,52.77,49.80,47.88,45.75,43.23,41.13,38.96,34.96,30.98,28.15,25.99,23.82,21.63,19.93,18.46,17.03,15.46,14.16,12.96,11.81,10.73,9.98,9.58,9.39,9.35,9.44,9.52,9.63,9.80,10.00,10.16,10.27,10.49,11.10,12.44,14.08,15.76,17.29,18.27,18.84,19.22
e,e,e,e,e,e,e,e,e,e,e,e,e,e,e,e,e,e,1.54,2.75,7.92,13.49,18.46,22.70,26.52,30.73,35.44,39.89,43.44,46.15,48.67,50.77,52.35,53.59,55.84,58.72,61.52,63.93,67.25,70.43,73.63,76.89,79.91,82.45,84.64,86.00,85.44,83.61,81.55,78.80,75.09,71.86,69.55,68.10,67.33,66.89,66.05,65.02,63.63,61.59,59.12,56.08,52.56,48.85,45.87,42.99,40.34,37.88,35.41,32.98,30.66,28.22,25.50,22.93,21.53,21.03,21.22,21.70,21.22,20.27,19.15,18.04,17.09,17.06,17.61,18.53,19.57,22.07,25.48,29.18,32.51,35.68,38.57,40.45,40.55,39.25,37.56,35.84,34.42,33.98,34.10,35.60,38.32,41.95,45.77,48.77,50.11,49.22,46.49,42.91,37.38,30.75,25.29,21.10,19.43,18.89,18.37,17.86,17.98,18.25,18.48,18.72,18.95,19.17,19.45,20.06,21.72,23.95,26.33,28.52,30.00,30.71,31.59,32.78,34.01,35.19,35.97,36.52,37.04,37.44,37.79,38.10,38.42,38.78,39.25,40.30,41.97,44.14,45.84,47.14,48.15,48.80,48.99,49.14,49.61,50.68,52.77,55.05,57.34,59.89,63.22,68.12,71.94,75.30,79.08,84.46,89.53,92.11,92.88,93.19,93.15,92.55,91.35,89.10,84.83,80.31,75.53,70.41,65.01,61.05,58.55,56.55,54.85,56.00,57.70,59.54,61.55,63.77,66.02,68.28,70.73,73.59,76.61,80.50,85.53,91.41,96.03,97.83,97.56,95.48,91.35,86.75,81.84,77.46,74.47,72.36,71.35,71.06,71.27,71.52,70.38,68.17,65.16,61.60,58.77,55.73,52.99,50.92,48.80,46.21,44.11,42.44,39.88,34.87,30.88,28.07,25.81,23.55,21.14,19.04,17.39,15.76,14.55,13.44,12.32,11.25,10.29,9.84,9.68,9.66,9.89,10.07,10.30,10.60,10.88,11.13,11.36,11.88,13.19,15.22,17.09,18.91,20.67,21.80,22.54,23.12
e,e,e,e,e,e,e,e,e,e,e,e,e,e,e,e,e,e,1.30,3.05,8.95,14.12,19.08,23.29,26.98,30.95,35.43,40.03,44.37,48.24,50.58,52.40,53.95,55.04,56.87,59.18,61.58,63.95,67.06,70.09,73.08,76.06,78.96,81.28,83.29,84.74,84.80,83.08,80.75,77.53,73.27,69.69,67.19,65.43,64.22,63.43,62.45,61.33,60.08,58.61,56.67,54.16,51.23,48.04,45.09,42.15,39.06,36.01,33.43,31.05,29.01,26.78,24.05,21.34,20.00,19.53,19.58,19.76,19.39,18.76,18.02,17.21,16.30,16.30,16.90,17.86,19.06,21.76,25.48,29.39,32.41,35.33,37.47,38.33,37.53,36.17,34.54,32.82,31.30,30.61,30.72,32.20,34.97,38.88,42.77,45.80,47.34,46.79,44.16,40.87,35.91,29.90,24.66,20.86,19.29,18.72,18.17,17.60,17.60,17.80,18.03,18.27,18.54,18.87,19.27,19.91,21.48,23.73,26.14,28.38,29.95,30.90,31.93,33.16,34.39,35.63,36.68,37.50,38.06,38.50,38.81,39.05,39.31,39.63,40.14,40.91,41.92,43.11,44.13,45.09,46.05,46.93,47.49,48.10,49.06,50.56,52.81,55.11,57.34,59.76,62.82,66.86,70.79,74.67,78.93,84.26,89.05,91.74,92.80,93.13,93.20,92.60,91.17,88.57,84.60,80.28,75.76,71.07,66.37,62.45,59.47,56.81,54.38,54.12,55.16,56.68,58.44,60.54,62.67,64.93,67.43,70.36,73.53,77.33,82.02,87.51,92.45,94.67,94.74,92.98,89.35,85.05,80.47,76.19,72.75,70.05,68.62,67.94,67.90,68.44,67.81,66.73,65.19,62.83,60.64,58.22,55.81,53.59,51.36,48.95,46.66,44.50,42.04,38.16,34.15,30.52,27.52,24.86,21.79,19.27,17.64,16.15,15.06,14.13,13.21,12.23,11.31,10.61,10.20,10.36,11.54,12.60,13.31,13.70,13.85,13.80,13.55,13.70,15.01,17.25,19.63,21.92,23.96,25.55,26.80,27.77
e,e,e,e,e,e,e,e,e,e,e,e,e,e,e,e,e,e,e,e,9.68,14.21,19.12,23.28,26.83,30.49,34.68,39.23,44.01,48.74,51.08,52.69,54.11,54.97,56.20,58.06,60.23,62.45,65.12,68.21,71.38,74.47,77.35,79.80,81.87,83.50,84.17,82.64,80.14,76.57,71.90,67.95,65.11,62.90,61.13,59.82,58.54,57.27,56.12,55.11,53.68,51.64,49.18,46.45,43.68,40.71,37.23,33.75,31.24,29.07,27.30,25.32,22.76,20.24,19.01,18.48,18.32,18.29,18.02,17.60,17.09,16.41,15.56,15.54,16.15,17.22,18.58,21.18,25.21,29.55,32.29,34.85,36.11,36.01,34.68,33.36,31.66,29.87,28.29,27.45,27.69,29.24,32.08,36.25,40.39,43.35,44.81,44.38,41.97,38.73,34.21,28.79,23.61,20.42,19.06,18.46,17.91,17.31,17.23,17.41,17.71,18.00,18.33,18.74,19.20,19.88,21.52,23.83,26.17,28.24,29.98,31.18,32.33,33.57,34.80,36.04,37.27,38.35,39.10,39.64,39.98,40.24,40.52,40.92,41.57,42.27,42.89,43.36,43.83,44.47,45.33,46.32,47.11,47.92,49.09,50.72,52.91,55.18,57.35,59.72,62.64,66.00,69.95,74.30,78.96,83.95,88.41,91.16,92.45,92.81,92.89,92.30,90.62,87.58,83.81,79.73,75.55,71.36,67.33,63.57,60.07,56.74,53.79,52.24,52.60,53.80,55.39,57.37,59.39,61.68,64.29,67.31,70.65,74.46,78.80,83.66,88.49,91.21,91.89,90.72,87.79,83.95,79.59,75.17,71.20,68.06,66.13,64.99,64.58,64.97,64.70,64.52,64.23,63.15,61.63,59.76,57.66,55.37,53.08,50.81,48.35,45.72,43.11,40.26,36.51,32.45,28.84,25.79,22.25,19.52,18.06,16.92,16.04,15.29,14.53,13.59,12.69,11.90,11.57,12.23,14.21,16.04,17.24,17.72,17.50,16.89,16.11,15.80,16.80,19.20,22.07,24.80,27.20,29.35,31.10,32.45
e,e,e,e,e,e,e,e,e,e,e,e,e,e,e,e,e,e,e,e,8.89,13.52,18.47,22.61,26.08,29.49,33.45,37.68,42.11,47.11,49.85,51.33,52.16,52.66,53.31,55.08,57.23,58.90,60.61,64.03,68.06,71.90,74.80,77.83,80.37,82.30,83.37,82.12,79.73,76.07,71.11,66.77,63.38,60.57,58.15,56.03,54.17,52.80,51.80,51.00,49.93,48.31,46.17,43.66,41.33,38.26,34.63,31.19,29.08,27.30,25.65,23.82,21.68,19.77,18.54,17.72,17.24,17.20,16.89,16.45,15.98,15.45,14.75,14.74,15.43,16.73,18.19,20.12,24.40,29.57,32.23,34.35,34.51,33.52,32.14,30.80,28.88,26.94,25.36,24.56,25.20,26.92,29.73,34.03,39.02,42.04,43.14,42.43,40.26,36.52,32.02,27.02,21.86,19.70,18.71,18.08,17.52,16.93,16.85,17.13,17.62,18.05,18.49,18.90,19.32,20.02,22.10,24.55,26.61,28.19,30.18,31.56,32.78,34.02,35.26,36.48,37.73,38.98,40.15,40.88,41.36,41.73,42.09,42.69,43.57,44.37,44.99,45.43,45.73,46.22,46.95,47.83,48.39,48.79,49.61,51.01,53.05,55.18,57.33,59.70,62.59,65.94,69.84,74.34,79.14,83.26,87.51,90.30,91.66,92.05,92.06,91.44,89.57,86.20,82.50,78.67,74.89,71.15,67.41,63.91,59.97,55.96,52.57,50.42,50.16,50.94,52.41,54.32,56.21,58.55,61.33,64.45,67.98,71.95,75.92,79.75,83.93,87.36,89.11,88.94,86.88,83.71,79.30,74.34,69.69,66.41,63.95,62.31,61.50,61.21,61.19,61.45,61.84,61.95,61.18,59.73,57.84,55.66,53.42,51.12,48.62,45.92,43.23,40.45,37.02,33.26,29.62,26.26,22.62,19.98,18.86,18.35,17.83,17.20,16.42,15.43,14.45,13.96,14.39,16.02,18.19,20.32,21.91,22.54,21.59,20.11,18.91,18.25,18.67,21.28,24.45,27.53,30.36,33.12,35.22,36.84
e,e,e,e,e,e,e,e,e,e,e,e,e,e,e,e,e,e,e,e,7.08,12.09,17.27,21.41,24.80,28.13,31.70,35.41,39.28,43.48,46.34,48.18,49.20,49.54,50.01,51.34,53.14,54.94,56.78,60.14,64.30,68.65,72.35,75.96,79.06,81.43,82.53,81.71,79.41,75.72,70.81,66.33,62.34,58.77,55.56,52.72,50.72,49.10,47.73,46.58,45.08,43.66,42.11,40.35,38.43,35.52,32.11,29.02,27.26,25.65,24.02,22.29,20.55,19.14,17.98,17.02,16.32,16.10,15.71,15.26,14.80,14.32,13.79,13.96,14.85,16.33,17.83,19.43,23.38,28.50,31.52,33.00,32.72,31.48,29.84,28.10,26.00,23.93,22.27,21.67,22.60,24.63,27.68,31.98,36.77,40.04,41.28,40.30,37.86,34.22,29.74,24.92,20.71,19.19,18.36,17.67,17.06,16.49,16.71,17.25,17.84,18.35,18.82,19.21,20.13,22.44,25.55,27.49,28.60,29.44,30.85,32.11,33.34,34.61,35.84,37.08,38.32,39.61,40.94,42.01,42.76,43.27,43.73,44.57,45.55,46.41,47.07,47.44,47.73,48.14,48.97,50.28,51.41,52.35,53.26,54.22,55.29,56.30,57.68,59.72,62.69,66.23,70.50,75.29,80.05,83.47,86.32,88.22,89.36,89.99,89.98,88.91,86.67,83.34,79.98,76.41,73.00,69.80,66.60,63.42,59.34,54.83,50.88,48.76,48.33,48.85,49.99,51.42,53.41,55.87,58.62,61.60,65.34,69.33,73.11,76.53,80.24,83.66,85.97,86.80,85.67,82.99,78.94,73.99,68.67,64.57,61.76,59.84,58.63,57.85,57.76,58.19,58.91,59.52,59.08,57.91,56.31,54.45,52.55,50.26,47.71,44.99,42.26,39.54,36.55,33.34,30.07,26.86,24.00,21.94,20.89,20.54,20.04,19.30,18.38,17.37,16.29,15.98,16.80,18.97,21.66,24.47,27.16,28.60,26.46,24.41,22.67,21.44,21.40,23.75,26.91,30.17,33.37,36.63,38.53,39.68
e,e,e,e,e,e,e,e,e,e,e,e,e,e,e,e,e,e,e,e,5.14,10.44,15.72,19.83,23.22,26.48,29.62,32.81,36.08,39.23,41.96,44.08,45.43,45.81,46.29,47.24,48.77,50.96,53.37,56.89,61.14,65.79,70.24,74.27,77.89,80.66,81.63,81.20,78.92,75.20,70.50,66.09,61.66,57.47,53.59,50.17,48.05,46.06,44.14,42.46,40.39,38.98,37.91,36.84,35.30,32.66,29.62,26.92,25.40,23.87,22.32,20.81,19.44,18.40,17.35,16.32,15.46,15.01,14.57,14.12,13.66,13.22,12.82,13.10,14.11,15.72,17.28,18.85,22.41,27.13,30.37,31.41,30.88,29.48,27.51,25.38,23.21,21.15,19.52,19.09,20.20,22.45,25.68,29.92,34.26,37.62,39.02,37.94,35.28,31.80,27.33,22.70,19.80,18.71,17.95,17.20,16.55,16.12,16.69,17.46,18.14,18.72,19.20,20.04,21.93,25.60,29.17,30.42,30.68,30.92,31.69,32.77,34.00,35.27,36.45,37.66,38.85,40.10,41.48,42.86,43.89,44.64,45.32,46.39,47.42,48.56,49.56,50.08,50.48,50.88,51.78,53.39,55.09,56.66,57.69,58.20,58.36,58.17,58.62,60.20,63.30,67.11,71.72,76.53,80.84,83.39,84.64,85.48,86.31,87.11,87.16,85.68,83.20,80.13,77.18,73.83,70.76,68.07,65.41,62.56,58.39,53.56,49.30,47.30,46.73,47.01,47.85,48.84,50.89,53.40,56.06,58.90,62.67,66.58,70.19,73.45,76.82,80.11,82.85,84.60,84.53,82.27,78.62,73.83,67.99,62.94,59.72,57.50,55.89,54.73,54.38,54.73,55.49,56.23,56.03,55.15,53.91,52.42,50.79,48.53,46.00,43.36,40.69,38.31,35.95,33.44,30.68,27.86,25.95,24.57,23.61,23.31,22.81,21.96,20.84,19.61,18.26,18.00,19.05,21.48,24.62,27.98,31.52,33.60,30.73,28.48,26.45,24.85,24.53,26.54,29.43,32.57,35.88,39.32,40.91,41.53
e,e,e,e,e,e,e,e,e,e,e,e,e,e,e,e,e,e,e,e,3.83,8.78,13.63,17.54,21.22,24.19,27.01,29.84,32.61,34.99,36.98,38.70,40.11,40.93,41.60,42.73,44.58,47.39,50.65,55.40,60.36,64.92,69.13,73.12,76.91,79.83,80.60,80.28,77.77,73.99,69.72,65.69,61.46,57.21,53.15,49.59,47.01,44.39,41.80,39.54,37.22,35.55,34.29,33.22,31.96,29.69,27.10,24.70,23.02,21.50,20.40,19.45,18.46,17.50,16.50,15.52,14.65,14.03,13.59,13.18,12.79,12.38,11.99,11.99,12.79,14.41,16.05,18.25,21.82,25.87,28.41,29.81,29.05,27.13,24.87,22.70,20.76,19.13,17.95,17.54,18.56,20.58,23.55,27.67,31.72,34.52,35.71,35.05,32.86,29.10,24.52,20.47,19.08,18.18,17.34,16.57,15.99,16.00,16.76,17.59,18.31,19.06,19.58,22.38,26.24,28.90,30.43,31.15,31.51,31.82,32.58,33.66,34.84,35.98,36.98,38.03,39.05,40.14,41.44,42.87,44.14,45.41,46.71,47.86,48.98,51.05,53.40,54.80,55.56,56.12,56.75,57.71,59.20,60.70,61.53,61.81,61.97,61.33,61.03,62.10,65.31,69.56,73.97,77.77,80.47,81.54,81.66,81.83,82.30,82.95,83.21,81.88,79.68,77.17,74.66,71.44,68.58,66.24,63.92,61.34,56.97,52.15,48.57,46.35,45.30,45.22,45.98,47.11,48.92,51.18,53.76,56.68,59.94,63.48,66.94,70.13,73.36,76.96,80.14,82.58,83.81,82.02,78.52,73.80,67.91,62.15,58.20,55.38,53.38,51.98,51.03,50.79,51.04,51.41,51.53,51.19,50.46,49.24,47.39,45.18,42.89,40.59,38.35,37.12,35.92,34.29,32.06,29.99,28.74,27.86,27.27,27.26,27.01,26.26,24.89,22.73,20.51,20.05,21.09,23.39,26.39,29.59,32.48,34.01,32.24,30.75,29.32,28.21,28.14,29.96,32.03,34.32,36.94,39.66,41.08,41.72
e,e,e,e,e,e,e,e,e,e,e,e,e,e,e,e,e,e,e,e,2.16,6.31,10.65,14.42,18.13,21.26,23.91,26.31,28.50,30.27,31.69,33.02,34.30,35.50,36.65,38.52,41.16,44.56,48.62,54.20,59.67,64.29,68.36,72.09,75.42,77.95,78.81,78.37,76.03,72.69,68.92,65.06,61.04,56.98,53.02,49.47,46.73,43.88,40.89,37.98,34.77,32.64,31.22,30.16,29.05,26.97,24.59,22.44,21.02,19.86,19.07,18.35,17.49,16.57,15.61,14.68,13.82,13.15,12.68,12.28,11.90,11.52,11.19,11.08,11.66,13.17,15.24,17.80,21.12,24.60,26.98,28.45,27.47,25.25,22.85,20.59,18.85,17.45,16.41,16.11,17.10,18.89,21.60,25.50,29.02,31.27,32.31,31.94,29.90,25.88,22.00,19.27,18.42,17.57,16.74,15.96,15.45,15.92,16.80,17.70,18.54,19.51,21.44,25.11,28.84,30.38,31.09,31.66,32.12,32.47,33.03,33.69,34.48,35.34,36.21,37.35,38.52,39.78,41.22,42.61,44.00,45.61,47.31,48.64,50.32,53.23,56.48,58.54,59.55,60.28,60.97,61.75,62.95,64.17,64.78,65.00,65.44,65.03,64.66,65.32,67.84,71.52,75.33,78.00,78.97,78.41,77.59,77.34,77.74,78.67,79.91,79.36,77.56,75.07,72.51,69.47,66.73,64.45,62.23,59.37,55.12,50.74,47.55,45.02,43.63,43.34,44.08,45.40,47.16,49.18,51.45,54.08,57.02,60.07,63.11,66.15,69.47,73.24,76.99,80.32,82.35,81.47,78.37,73.77,68.05,62.15,57.42,53.81,51.28,49.64,48.40,47.68,47.45,47.59,47.22,46.66,45.87,44.71,43.23,41.40,39.50,37.61,35.77,34.98,34.37,33.59,32.62,31.98,31.44,30.96,30.62,30.57,30.18,29.51,28.44,26.60,24.51,23.66,24.08,25.70,28.06,30.47,32.74,34.16,33.28,32.55,31.90,31.25,30.73,31.08,31.99,33.46,35.63,38.52,40.61,41.66
e,e,e,e,e,e,e,e,e,e,e,e,e,e,e,e,e,e,e,e,0.61,3.71,7.29,10.89,14.41,17.63,20.15,22.22,23.95,25.29,26.35,27.33,28.40,29.86,31.70,34.61,38.22,42.22,47.08,53.16,58.89,63.60,67.59,71.01,73.62,75.53,76.62,76.00,74.05,71.32,67.98,64.20,60.32,56.45,52.72,49.38,46.75,43.98,40.94,37.51,33.04,30.32,28.67,27.54,26.40,24.40,22.21,20.36,19.38,18.66,18.06,17.40,16.53,15.61,14.70,13.81,12.99,12.31,11.82,11.40,11.03,10.69,10.44,10.33,10.72,11.98,14.44,17.33,20.42,23.48,25.98,27.31,26.13,23.77,21.32,18.93,17.30,15.95,14.86,14.65,15.61,17.28,19.80,23.34,26.16,27.87,28.74,28.55,26.54,22.64,19.90,18.64,17.79,16.93,16.12,15.38,14.98,15.87,16.83,17.79,18.77,20.00,23.79,27.63,30.20,30.77,31.35,31.92,32.40,32.76,33.07,33.15,33.40,33.93,34.73,36.06,37.55,39.16,40.88,42.18,43.69,45.50,47.44,49.02,51.40,54.94,58.68,61.18,62.44,63.53,64.55,65.47,66.47,67.39,67.81,68.07,68.88,68.99,68.87,69.20,70.68,73.35,76.16,77.47,76.76,74.73,73.19,72.71,73.21,74.65,77.13,77.65,76.33,73.59,70.72,67.82,65.13,62.69,60.30,56.92,52.96,49.18,46.18,43.39,41.81,41.43,42.19,43.69,45.47,47.28,49.16,51.31,53.92,56.41,58.99,61.94,65.46,69.37,73.66,77.78,80.33,80.55,77.99,73.63,68.27,62.60,57.18,52.70,49.57,47.67,46.26,45.11,44.41,44.32,43.20,42.13,41.03,39.80,38.90,37.53,36.02,34.53,33.10,32.33,31.90,31.81,32.21,33.07,33.24,33.17,33.08,32.95,32.42,31.95,31.45,30.49,29.07,27.92,27.55,28.29,29.80,31.18,32.81,34.16,33.78,33.68,33.63,33.17,31.88,30.48,30.28,31.09,32.99,36.33,39.43,41.12
e,e,e,e,e,e,e,e,e,e,e,e,e,e,e,e,e,e,e,e,e,2.50,4.40,7.48,10.42,12.32,14.57,16.91,18.91,20.40,21.57,22.37,23.08,24.54,27.40,31.26,35.58,40.25,46.16,52.17,57.61,62.19,66.00,69.31,71.66,73.27,74.37,73.96,72.31,69.79,66.50,62.91,58.71,54.56,50.94,48.41,46.27,44.12,41.77,38.63,32.92,29.47,27.22,25.40,23.87,21.95,20.35,19.22,18.44,17.70,17.11,16.44,15.58,14.66,13.82,12.98,12.17,11.49,10.98,10.57,10.25,10.07,9.85,9.80,10.01,10.71,12.61,16.31,19.99,23.10,25.51,26.55,25.25,22.89,20.46,17.98,16.07,14.49,13.26,12.82,13.62,15.53,18.14,20.97,22.93,24.09,24.63,24.33,22.69,20.55,18.98,18.00,17.15,16.30,15.43,14.82,14.89,15.86,16.87,17.86,18.92,20.43,24.71,28.31,30.33,30.74,31.14,31.47,31.77,32.04,32.27,32.08,32.01,32.33,33.24,34.57,36.33,38.36,40.35,41.69,43.44,45.44,47.45,49.26,51.86,55.25,58.72,61.33,63.22,65.33,67.19,68.52,69.80,70.74,71.25,71.66,72.61,72.89,72.82,72.88,73.72,75.94,76.75,76.05,74.07,71.61,69.90,69.42,70.12,72.01,75.01,76.51,75.79,72.82,69.67,66.66,63.82,60.97,57.72,54.07,50.36,46.91,43.97,41.38,39.95,39.66,40.44,41.91,43.61,45.35,47.06,48.72,50.41,52.37,54.92,58.24,62.00,66.27,70.59,74.59,77.62,78.68,76.78,73.01,68.36,63.25,57.53,52.36,48.53,46.44,44.58,42.99,41.74,40.94,39.98,38.98,37.81,36.50,35.61,34.20,32.76,31.51,30.47,29.69,29.14,28.98,29.48,30.45,31.19,31.73,32.19,32.73,33.09,33.28,33.22,32.68,31.78,31.12,30.87,31.16,31.99,32.79,33.59,33.93,32.85,32.77,32.12,30.75,29.03,27.78,27.56,28.29,30.07,32.89,36.42,38.85
e,e,e,e,e,e,e,e,e,e,e,e,e,e,e,e,e,e,e,e,e,1.40,2.75,4.76,7.32,8.49,10.21,12.25,14.18,15.93,17.41,18.31,19.00,20.70,24.07,28.53,33.45,38.66,44.95,50.60,55.73,60.31,64.01,67.15,69.43,71.05,72.23,72.03,70.28,67.59,64.34,60.86,56.28,52.16,49.08,47.04,45.15,43.44,41.65,38.91,33.10,29.54,27.06,24.82,22.81,20.76,19.39,18.54,17.70,16.85,16.18,15.50,14.66,13.77,12.96,12.17,11.37,10.70,10.28,9.95,9.71,9.62,9.43,9.41,9.53,9.91,11.16,15.41,19.58,22.73,24.83,25.89,24.70,22.57,20.53,18.40,15.83,13.42,11.67,11.22,11.73,13.32,15.52,17.70,19.22,20.00,20.43,20.45,19.52,18.80,18.16,17.46,16.61,15.76,14.87,14.37,14.70,15.70,16.74,17.78,18.86,20.34,24.18,27.43,29.39,30.10,30.63,30.87,31.03,31.22,31.32,30.75,30.38,30.62,31.70,33.16,35.15,37.41,39.61,41.18,43.13,45.22,47.32,49.42,51.99,54.99,58.00,60.55,62.94,65.80,68.50,70.58,72.17,72.63,72.79,73.09,73.79,74.27,74.59,74.90,75.39,76.42,75.66,73.78,71.30,68.89,67.24,67.01,68.06,70.27,73.37,75.62,75.43,72.29,68.94,65.72,62.56,59.24,55.37,51.51,47.86,44.53,41.71,39.61,38.28,37.90,38.57,40.05,41.68,43.27,44.75,46.03,47.27,49.06,51.59,54.97,58.91,63.43,67.72,71.48,74.59,76.25,75.09,72.06,68.07,63.50,57.48,51.92,47.92,45.68,43.55,41.62,39.93,38.50,37.42,36.35,35.11,33.70,32.63,31.32,30.00,28.86,27.99,27.06,26.31,26.00,26.46,27.39,28.40,29.32,30.21,31.33,32.32,32.92,33.15,33.07,32.66,32.42,32.31,32.31,32.64,33.01,33.22,32.97,31.80,31.37,29.92,27.83,26.02,24.98,24.89,25.55,27.00,29.39,32.91,35.68
e,e,e,e,e,e,e,e,e,e,e,e,e,e,e,e,e,e,e,e,e,e,2.06,2.86,5.15,6.30,7.37,8.57,10.05,12.05,13.94,15.27,16.39,18.53,21.89,26.58,31.95,37.52,43.45,48.48,53.25,57.83,61.48,64.48,66.80,68.62,69.88,69.81,67.66,64.64,61.52,58.03,53.23,49.50,47.29,45.35,43.49,41.93,40.39,38.13,33.43,30.38,28.05,25.73,23.22,20.89,19.34,18.32,17.22,16.21,15.41,14.65,13.81,12.95,12.16,11.38,10.63,9.99,9.72,9.55,9.40,9.31,9.16,9.13,9.26,9.58,10.25,14.59,19.03,22.23,23.88,25.23,24.40,22.74,21.38,19.96,16.48,12.78,10.21,10.00,10.12,10.87,12.15,13.75,15.16,15.75,16.32,17.05,17.09,17.23,17.23,16.93,16.15,15.31,14.46,14.01,14.38,15.38,16.46,17.52,18.58,19.75,22.36,25.13,27.38,28.66,29.55,29.82,29.93,30.07,30.03,29.07,28.54,28.87,30.15,31.86,33.98,36.30,38.59,40.56,42.65,44.87,47.21,49.68,52.09,54.55,57.01,59.37,62.03,65.23,68.61,71.66,73.36,72.79,72.16,72.08,72.27,72.97,74.01,74.98,75.38,74.65,72.93,70.78,68.48,66.43,65.02,65.27,66.88,69.28,72.18,74.91,75.15,71.92,68.50,65.02,61.47,57.71,53.50,49.44,45.65,42.27,39.65,38.10,36.80,36.14,36.51,38.01,39.57,40.96,42.16,43.24,44.60,46.58,49.05,52.09,56.11,60.71,64.93,68.47,71.33,73.38,73.00,70.77,67.30,63.18,56.97,51.38,47.67,45.37,43.14,41.03,39.04,37.18,35.65,34.30,32.88,31.35,30.02,28.95,27.83,26.69,25.76,24.54,23.53,23.06,23.43,24.35,25.35,26.37,27.51,28.98,30.20,30.92,31.32,31.70,31.69,31.70,31.66,31.53,31.56,31.62,31.54,31.25,30.69,29.63,27.42,24.92,23.27,22.27,22.33,22.84,23.80,25.99,29.14,31.86
e,e,e,e,e,e,e,e,e,e,e,e,e,e,e,e,e,e,e,e,e,e,1.80,2.38,3.25,4.46,5.62,6.78,8.11,9.82,11.68,13.93,16.42,18.70,21.87,26.38,31.75,37.38,42.42,46.48,50.02,53.44,57.22,60.81,63.04,64.20,64.93,64.61,62.95,60.66,58.05,54.67,50.78,47.63,45.41,43.53,41.79,40.09,38.47,36.78,34.08,31.60,29.19,26.68,24.08,21.70,20.07,18.98,17.87,16.77,15.70,14.52,13.28,12.35,11.51,10.74,10.07,9.62,9.38,9.24,9.12,9.00,8.89,8.90,9.06,9.37,9.86,13.05,17.49,21.47,22.92,24.08,23.96,23.01,21.75,20.48,16.70,12.63,9.83,9.59,9.59,9.90,10.47,11.16,11.80,12.38,13.17,14.21,15.02,15.43,15.65,15.74,15.55,14.85,14.01,13.60,14.05,15.07,16.11,17.10,18.03,18.94,20.31,22.05,23.80,25.10,25.72,25.75,25.79,26.09,26.39,26.13,26.44,27.50,28.95,30.62,32.67,34.86,36.95,38.94,41.45,44.58,48.07,51.21,53.90,56.04,57.86,59.79,62.42,65.55,68.95,71.87,72.17,70.59,69.33,68.95,69.21,70.07,71.28,72.32,72.64,71.80,69.89,67.61,65.33,63.24,62.37,63.42,65.80,68.63,71.47,74.24,74.66,71.71,68.48,65.07,61.58,57.78,53.15,48.76,44.55,40.99,38.61,36.71,35.30,34.30,33.98,35.09,36.53,37.83,39.05,40.53,42.33,44.52,46.93,49.63,53.20,57.45,61.47,64.99,68.02,70.45,70.58,68.76,65.43,61.63,56.44,51.51,47.79,45.47,43.27,41.19,39.25,37.50,35.89,33.90,31.84,30.04,28.75,27.72,26.65,25.50,24.25,22.71,21.42,20.62,20.62,21.38,22.35,23.37,24.46,25.79,27.10,27.93,28.38,28.68,28.69,28.73,28.81,28.90,28.95,28.95,28.99,28.95,28.53,27.34,24.80,21.96,20.15,19.19,19.18,19.58,20.47,22.74,25.82,28.52
e,e,e,e,e,e,e,e,e,e,e,e,e,e,e,e,e,e,e,e,e,e,e,e,1.55,2.84,4.17,5.48,6.87,8.39,10.21,13.27,17.01,19.54,22.63,26.84,31.88,37.18,41.30,44.43,46.93,49.24,52.52,55.95,57.89,58.64,59.21,58.89,57.95,56.52,54.36,51.00,47.95,45.32,43.11,41.37,39.73,37.95,36.25,34.93,33.72,31.89,29.77,27.45,24.90,22.66,21.05,19.86,18.70,17.50,16.17,14.66,13.07,11.93,11.00,10.24,9.67,9.34,9.10,8.95,8.83,8.69,8.60,8.65,8.85,9.18,9.60,11.45,15.53,20.10,21.84,22.88,23.34,23.04,21.86,20.64,16.66,12.48,9.70,9.38,9.31,9.39,9.51,9.59,9.68,10.16,10.93,11.93,13.09,13.58,13.90,14.24,14.52,14.12,13.48,13.20,13.71,14.67,15.61,16.46,17.24,17.95,18.47,19.37,20.54,21.59,21.89,21.75,21.74,22.18,22.93,23.56,24.73,26.37,27.98,29.63,31.66,33.85,35.92,37.96,41.27,45.45,49.89,53.48,56.23,58.18,59.76,61.54,63.99,66.80,69.74,71.86,70.48,67.94,66.15,65.53,66.00,67.07,68.34,69.36,69.63,68.86,66.89,64.56,62.27,60.27,60.03,61.76,64.71,67.95,70.87,73.56,74.11,71.66,68.98,65.94,62.75,59.14,54.35,49.38,44.86,41.24,38.80,36.43,34.40,32.69,31.67,32.21,33.34,34.58,35.99,37.92,40.08,42.42,44.80,47.30,50.45,54.33,58.07,61.39,64.24,66.59,66.94,65.50,62.62,59.39,55.35,51.38,48.05,45.78,43.67,41.72,39.96,38.41,36.86,34.77,32.47,30.35,28.90,27.81,26.83,25.74,24.20,22.34,20.57,19.12,18.30,18.53,19.19,20.09,21.19,22.40,23.64,24.48,24.93,25.07,25.01,25.07,25.29,25.63,25.84,25.94,26.18,26.42,26.05,24.84,22.24,19.24,17.12,16.07,15.92,16.22,17.16,19.57,22.46,24.76
e,e,e,e,e,e,e,e,e,e,e,e,e,e,e,e,e,e,e,e,e,e,e,e,0.41,1.53,2.86,4.33,6.02,7.71,9.68,13.20,17.61,20.66,23.96,27.82,32.12,36.51,39.83,42.29,44.29,46.03,47.72,49.47,50.81,51.91,53.09,53.36,53.20,52.41,50.49,46.98,44.23,42.00,40.12,38.64,37.05,35.36,33.75,32.44,31.48,30.46,29.32,27.84,25.47,23.61,22.13,20.82,19.47,18.11,16.61,14.98,13.31,11.79,10.68,9.93,9.47,9.10,8.85,8.67,8.52,8.37,8.29,8.37,8.62,8.99,9.39,10.05,13.20,17.75,20.56,21.75,22.49,22.59,21.71,20.55,16.31,12.13,9.61,9.20,9.07,9.10,9.19,9.28,9.41,9.63,9.93,10.41,11.32,11.77,12.11,12.48,12.78,12.96,12.80,12.78,13.34,14.12,14.83,15.49,16.13,16.68,17.06,17.67,18.39,18.92,19.08,18.99,19.00,19.45,20.62,22.10,23.77,25.52,27.27,29.03,31.24,33.71,36.20,38.50,43.16,48.34,53.00,56.55,58.84,60.79,62.79,64.97,67.13,69.34,71.22,71.75,68.77,65.39,63.16,62.42,63.14,64.49,65.86,66.89,67.16,66.15,64.11,61.75,59.50,57.94,58.40,60.47,63.56,67.12,70.30,72.88,73.54,71.83,70.16,67.94,65.34,62.17,57.66,51.75,47.22,43.81,40.82,38.05,34.54,31.57,29.91,29.73,30.25,31.46,33.23,35.41,37.69,40.10,42.53,45.03,48.05,51.65,55.00,57.74,59.67,61.17,61.31,60.37,58.62,56.39,53.31,50.53,48.42,46.30,44.35,42.63,41.10,39.74,38.39,37.20,35.53,33.09,31.06,29.81,28.99,28.12,26.39,24.17,21.64,19.05,16.79,15.90,15.76,16.36,17.63,18.95,19.91,20.60,21.01,21.02,20.89,21.04,21.41,21.92,22.45,22.79,23.25,23.69,23.36,22.16,19.80,16.92,14.38,13.01,12.71,12.96,13.92,16.48,18.86,20.11
e,e,e,e,e,e,e,e,e,e,e,e,e,e,e,e,e,e,e,e,e,e,e,e,0.15,1.22,2.03,2.78,4.44,6.30,8.74,12.67,17.55,21.41,24.74,28.18,31.80,35.33,37.99,39.81,41.24,42.43,43.34,44.24,45.13,46.11,47.36,47.91,47.93,47.21,45.42,42.77,40.66,38.85,37.22,35.82,34.30,32.65,31.19,30.23,29.47,28.88,28.24,27.32,25.87,24.36,22.90,21.47,20.04,18.57,17.00,15.35,13.66,12.00,10.64,9.81,9.42,9.04,8.75,8.48,8.23,8.06,7.97,8.12,8.42,8.80,9.19,9.58,11.71,15.27,18.65,20.55,21.53,21.81,21.33,20.19,15.62,11.55,9.53,9.09,8.80,8.77,8.87,8.96,9.11,9.29,9.53,9.90,10.48,10.86,11.25,11.70,12.13,12.59,12.49,12.27,12.45,13.08,13.69,14.29,14.90,15.45,15.71,16.14,16.65,17.00,17.15,17.13,17.38,18.20,19.50,21.11,22.90,24.77,26.71,28.68,31.32,34.30,37.34,40.72,46.21,51.64,56.02,59.33,61.72,63.88,66.00,67.92,69.34,70.90,71.80,70.96,67.25,63.34,60.65,59.67,60.73,62.19,63.45,64.41,64.80,63.91,61.95,59.29,56.56,55.50,57.12,59.85,63.07,66.65,69.94,72.17,72.94,72.12,70.92,69.57,67.70,64.91,60.50,54.95,50.68,47.36,44.15,40.30,35.84,31.88,29.16,28.20,28.49,29.45,30.92,32.99,35.24,37.68,40.11,42.53,45.36,48.51,51.67,54.31,55.47,56.20,56.07,55.29,54.09,52.66,50.71,49.10,48.05,46.91,45.27,43.67,42.26,41.01,39.98,39.33,38.40,36.69,34.41,32.66,31.42,30.21,27.91,24.98,21.82,18.73,16.02,14.01,13.00,12.84,13.49,14.76,15.88,16.77,17.29,17.20,17.05,17.16,17.55,18.19,18.95,19.61,20.29,20.81,20.53,19.38,17.09,14.30,11.96,11.06,10.88,11.02,11.54,12.86,14.34,14.79
e,e,e,e,e,e,e,e,e,e,e,e,e,e,e,e,e,e,e,e,e,e,e,e,e,e,0.92,1.51,3.08,4.92,7.69,11.99,17.25,21.77,25.05,28.16,31.21,33.91,35.92,37.14,38.01,38.68,39.10,39.55,40.09,40.87,41.97,42.65,42.70,42.00,40.52,38.91,37.42,35.97,34.50,33.07,31.51,29.87,28.60,28.14,27.54,27.25,26.91,26.37,25.79,24.66,23.32,21.91,20.47,18.91,17.30,15.66,13.96,12.27,10.70,9.77,9.43,9.07,8.74,8.37,8.02,7.78,7.66,7.87,8.21,8.60,8.98,9.37,10.56,12.88,16.40,19.05,20.38,20.85,20.60,19.22,14.54,10.84,9.41,8.97,8.52,8.43,8.56,8.67,8.85,9.09,9.39,9.79,10.36,10.83,11.32,11.86,12.38,12.76,12.35,11.73,11.55,11.99,12.48,13.02,13.63,14.21,14.36,14.63,15.00,15.28,15.45,15.66,16.30,17.50,18.82,20.37,22.17,24.18,26.29,28.47,31.61,35.15,38.78,43.57,49.45,54.73,58.75,61.80,64.41,66.75,68.76,70.17,70.90,71.84,71.88,69.95,65.88,61.63,58.45,57.08,58.38,59.86,61.06,62.00,62.51,61.81,59.72,56.67,53.61,53.09,55.73,59.16,62.64,66.17,69.55,71.45,72.28,72.25,71.39,70.73,69.44,66.93,62.56,57.70,53.71,50.38,46.97,42.19,37.18,32.54,28.87,27.21,27.15,27.73,28.83,30.68,32.79,35.17,37.51,39.71,42.16,44.76,47.63,50.16,50.85,51.03,50.63,49.91,49.09,48.44,47.68,47.15,46.97,46.93,45.91,44.63,43.38,42.25,41.48,41.10,40.71,39.80,37.59,35.30,33.42,31.57,28.57,24.93,21.37,18.13,15.31,12.50,10.91,10.14,10.16,11.16,12.31,13.27,13.80,13.66,13.54,13.59,13.91,14.57,15.48,16.42,17.23,17.73,17.50,16.41,14.31,11.88,10.11,9.81,9.78,9.80,9.88,9.95,10.54,10.45
e,e,e,e,e,e,e,e,e,e,e,e,e,e,e,e,e,e,e,e,e,e,e,e,e,e,e,e,e,4.25,6.73,11.27,16.82,21.24,24.49,27.57,30.31,32.23,33.50,34.20,34.60,34.82,34.95,35.29,35.82,36.51,37.34,37.95,38.04,37.80,37.29,36.38,35.17,33.76,32.24,30.69,28.70,26.94,26.00,26.21,25.70,25.59,25.39,24.86,24.42,23.70,22.90,21.97,20.69,19.03,17.37,15.72,14.03,12.39,10.82,9.87,9.51,9.18,8.82,8.40,7.96,7.58,7.36,7.58,7.96,8.34,8.73,9.12,9.68,10.92,13.71,16.63,18.73,19.64,18.94,16.59,12.60,9.94,9.19,8.73,8.27,8.14,8.27,8.49,8.81,9.16,9.47,10.02,11.60,12.72,13.46,14.00,14.40,13.87,12.39,11.19,11.13,11.19,11.39,11.79,12.36,12.93,13.00,13.08,13.27,13.50,13.67,14.58,15.82,17.11,18.43,19.94,21.80,23.94,26.16,28.48,32.13,36.19,40.33,46.85,52.23,56.77,60.63,63.52,66.25,68.44,69.96,70.72,71.31,71.75,71.22,68.95,64.80,60.49,56.77,54.64,55.83,57.22,58.68,59.88,60.35,59.67,56.65,53.23,50.80,50.87,53.68,57.66,61.76,65.31,68.81,70.64,71.47,71.72,71.34,70.74,69.43,66.95,62.60,58.27,54.39,50.76,46.96,42.30,37.55,32.96,29.05,26.98,25.83,25.92,27.00,28.68,30.43,32.48,34.47,36.13,37.66,39.55,41.61,43.49,44.56,44.76,44.22,43.48,43.11,43.38,43.78,44.09,44.37,44.98,45.49,45.23,44.39,43.44,42.70,42.08,41.43,40.51,39.01,36.56,33.84,30.87,27.17,23.16,19.75,16.86,14.19,11.51,10.30,9.88,9.88,10.13,10.43,10.71,10.88,10.79,10.75,10.80,10.95,11.29,12.22,13.21,13.87,14.12,13.95,12.99,11.60,10.37,9.80,9.66,9.60,9.60,9.68,9.74,9.90,9.85
e,e,e,e,e,e,e,e,e,e,e,e,e,e,e,e,e,e,e,e,e,e,e,e,e,e,e,e,e,4.00,6.21,9.75,15.06,19.29,22.68,25.60,28.00,29.58,30.58,31.00,31.16,31.20,31.25,31.49,31.93,32.52,33.18,33.74,34.03,34.21,34.29,33.91,32.91,31.45,29.68,27.74,25.53,24.00,23.55,24.22,23.99,24.01,23.87,23.39,23.02,22.48,21.91,21.25,20.23,18.87,17.40,15.84,14.19,12.63,11.13,10.10,9.59,9.26,8.86,8.41,7.94,7.46,7.12,7.29,7.63,7.96,8.31,8.64,9.01,9.76,11.59,14.10,16.25,17.21,16.27,13.77,11.04,9.38,8.86,8.39,7.99,8.00,8.28,8.59,8.96,9.32,9.85,10.90,13.08,14.69,15.62,15.92,15.40,13.97,12.05,10.74,10.74,10.67,10.72,10.90,11.22,11.56,11.18,11.16,11.50,11.88,12.37,13.77,15.45,17.01,18.37,19.80,21.69,23.96,26.27,28.62,32.53,37.29,42.42,49.05,53.87,57.92,61.62,64.63,67.63,69.55,70.53,71.05,71.45,71.51,70.55,67.96,63.79,59.29,55.07,52.23,52.89,54.32,56.02,57.56,58.37,57.34,54.30,51.27,49.45,49.73,52.21,55.87,59.83,63.39,66.78,69.14,70.49,70.84,70.54,69.56,67.70,64.84,60.88,56.93,53.17,49.43,45.50,41.20,37.05,32.92,29.19,26.98,25.18,24.45,24.85,26.30,27.68,29.48,31.23,32.61,34.00,35.49,37.03,38.50,39.61,39.80,39.31,38.73,38.64,39.21,40.31,41.43,42.43,43.46,44.41,44.55,44.06,43.39,42.73,42.02,41.31,40.45,38.85,35.96,32.73,29.35,25.49,21.43,18.17,15.46,12.91,10.77,9.97,9.74,9.71,9.68,9.68,9.72,9.76,9.72,9.75,9.79,9.85,10.01,10.56,11.14,11.50,11.59,11.50,10.97,10.29,9.77,9.62,9.54,9.46,9.44,9.49,9.56,9.57,9.53
e,e,e,e,e,e,e,e,e,e,e,e,e,e,e,e,e,e,e,e,e,e,e,e,e,e,e,e,e,e,5.38,7.91,12.58,16.59,20.07,22.79,24.86,26.32,27.32,27.68,27.78,27.82,27.90,28.05,28.40,28.89,29.43,29.95,30.46,30.95,31.32,31.27,30.36,28.78,26.73,24.45,22.21,21.10,21.17,22.16,22.35,22.48,22.37,21.94,21.60,21.11,20.61,20.07,19.34,18.41,17.24,15.88,14.37,12.92,11.52,10.39,9.66,9.31,8.87,8.40,7.92,7.40,6.94,6.99,7.23,7.49,7.79,8.05,8.46,9.06,9.96,11.71,13.43,14.17,13.21,11.16,9.80,8.96,8.44,8.00,7.74,7.98,8.46,8.84,9.23,9.84,10.96,12.77,15.05,16.76,17.67,17.52,15.76,13.54,11.44,10.19,10.16,10.13,10.19,10.21,10.20,10.26,9.39,9.31,9.86,10.42,11.40,13.12,15.10,16.97,18.45,19.84,21.77,24.13,26.50,28.84,32.96,38.43,44.58,50.45,54.72,58.42,61.97,65.28,68.57,70.21,70.74,71.20,71.38,71.16,69.87,66.97,62.83,58.00,53.35,50.01,49.96,51.54,53.45,55.31,56.55,55.16,52.59,50.24,48.88,49.24,51.29,54.29,57.73,61.22,64.35,67.40,69.38,69.65,69.11,67.51,64.90,61.59,58.16,54.51,50.89,47.21,43.33,39.48,36.00,32.50,29.16,26.93,24.78,23.20,22.68,23.74,24.72,26.30,27.89,29.20,30.82,32.09,33.29,34.48,35.47,35.67,35.32,34.94,35.03,35.63,37.14,38.99,40.80,42.15,42.98,43.18,42.96,42.58,42.02,41.28,40.58,39.73,37.66,34.29,30.81,27.44,23.70,19.77,16.63,14.01,11.63,10.24,9.79,9.66,9.59,9.52,9.50,9.54,9.60,9.60,9.66,9.69,9.72,9.79,9.85,9.90,9.93,9.95,9.93,9.88,9.77,9.63,9.49,9.41,9.32,9.28,9.30,9.37,9.38,9.34
e,e,e,e,e,e,e,e,e,e,e,e,e,e,e,e,e,e,e,e,e,e,e,e,e,e,e,e,e,e,4.57,6.45,10.10,13.76,16.87,19.33,21.26,22.68,23.71,24.38,24.75,24.89,24.98,25.21,25.56,25.99,26.47,26.86,27.35,27.76,27.93,27.81,26.61,24.85,22.84,20.84,19.06,18.36,18.72,19.91,20.66,20.95,20.88,20.52,20.16,19.74,19.25,18.70,18.04,17.25,16.35,15.41,14.43,13.20,11.88,10.68,9.77,9.33,8.83,8.34,7.87,7.39,6.92,6.63,6.64,6.91,7.17,7.45,7.94,8.57,9.21,10.14,10.97,11.28,10.73,9.78,9.02,8.41,7.89,7.48,7.68,8.21,8.77,9.15,9.54,11.66,14.65,17.50,18.63,19.22,19.19,18.22,15.79,13.09,10.48,8.81,8.71,8.88,9.33,9.54,9.44,9.38,8.85,8.66,8.83,9.32,10.72,12.60,14.60,16.57,18.34,20.09,22.13,24.41,26.71,29.07,33.70,39.70,45.80,50.79,54.63,58.10,61.58,65.27,68.66,70.28,70.72,71.03,70.92,70.64,69.18,65.97,61.97,56.44,51.60,48.48,48.00,49.87,51.93,53.78,55.03,54.13,52.04,49.86,48.45,49.10,51.46,54.31,57.28,60.35,63.25,66.22,68.01,67.84,66.71,64.27,61.29,58.17,55.05,51.58,48.25,44.88,41.25,37.79,34.56,31.44,28.55,26.25,23.98,22.12,21.03,21.16,21.66,22.99,24.58,26.13,27.75,28.89,29.90,30.92,31.82,32.16,31.85,31.48,31.66,32.46,34.30,36.60,38.92,40.67,41.53,41.75,41.58,41.20,40.76,39.97,38.99,37.71,35.45,32.10,28.80,25.64,21.94,18.24,15.19,12.63,10.60,9.95,9.71,9.60,9.52,9.44,9.38,9.41,9.46,9.47,9.54,9.56,9.59,9.65,9.66,9.66,9.69,9.72,9.67,9.62,9.54,9.46,9.36,9.28,9.17,9.09,9.11,9.18,9.19,9.12
e,e,e,e,e,e,e,e,e,e,e,e,e,e,e,e,e,e,e,e,e,e,e,e,e,e,e,e,e,e,3.25,4.71,7.62,10.72,13.46,15.62,17.31,18.58,19.61,20.39,21.03,21.55,21.84,22.28,22.73,23.16,23.54,23.83,24.15,24.36,24.29,23.88,22.42,20.77,19.19,17.55,16.11,15.70,16.22,17.40,18.45,18.97,19.10,18.94,18.56,18.20,17.78,17.28,16.64,15.89,15.15,14.50,13.89,12.93,11.83,10.72,9.78,9.30,8.80,8.31,7.86,7.42,6.96,6.49,6.26,6.34,6.55,6.90,7.42,8.01,8.52,8.99,9.28,9.32,9.07,8.74,8.28,7.78,7.35,7.25,7.77,8.44,9.04,9.69,11.32,14.53,17.92,20.34,20.68,20.62,19.93,18.18,14.80,12.00,9.65,8.10,7.74,7.85,8.48,8.93,8.98,8.72,8.31,8.14,8.27,8.84,10.22,12.18,14.31,16.43,18.50,20.49,22.57,24.75,26.99,29.47,34.64,40.83,46.23,50.68,54.21,57.42,60.73,64.63,68.29,70.09,70.56,70.71,70.51,69.87,68.04,64.64,60.63,54.81,50.07,47.15,46.05,48.20,50.55,52.45,53.62,53.09,51.40,49.28,47.80,49.10,51.84,54.87,57.80,60.52,63.21,65.73,66.86,65.93,64.29,61.55,58.48,55.41,52.39,49.31,46.31,43.25,39.96,36.68,33.51,30.53,27.81,25.40,23.05,21.13,19.83,19.43,19.62,20.54,21.79,23.18,24.74,25.89,26.86,27.74,28.56,29.01,28.85,28.64,29.01,29.94,31.77,34.20,36.81,38.74,39.58,39.55,39.00,38.22,37.54,36.89,36.14,35.04,32.96,29.95,26.91,23.88,20.32,16.80,13.74,11.36,10.02,9.79,9.65,9.54,9.46,9.38,9.30,9.29,9.34,9.37,9.42,9.45,9.49,9.53,9.54,9.54,9.57,9.62,9.54,9.46,9.37,9.28,9.20,9.15,9.02,8.94,8.95,8.99,9.00,8.90
e,e,e,e,e,e,e,e,e,e,e,e,e,e,e,e,e,e,e,e,e,e,e,e,e,e,e,e,e,e,1.58,2.89,5.35,7.54,9.91,11.77,13.12,14.15,15.12,15.76,16.58,17.61,18.18,18.89,19.51,19.96,20.25,20.52,20.60,20.55,20.32,19.54,17.98,16.73,15.85,14.50,13.27,13.07,13.68,14.69,15.79,16.57,17.05,17.18,16.84,16.52,16.20,15.80,15.18,14.42,13.77,13.23,12.77,12.13,11.36,10.51,9.70,9.23,8.76,8.30,7.86,7.46,7.00,6.54,6.11,5.83,5.95,6.38,6.86,7.34,7.79,8.13,8.26,8.23,8.11,7.87,7.52,7.13,6.90,7.30,8.00,8.68,9.36,10.58,14.38,17.97,20.29,21.04,21.07,20.89,19.78,17.23,12.90,10.43,9.05,8.09,7.36,7.17,7.70,8.37,8.71,8.22,7.71,7.69,8.13,8.93,9.91,11.90,14.27,16.62,18.90,21.01,23.06,25.12,27.35,30.09,35.74,41.80,46.03,50.22,53.52,56.45,59.51,63.37,67.39,69.52,70.11,70.09,69.91,68.66,66.33,62.92,58.81,53.17,48.78,45.94,44.04,46.27,48.96,51.09,52.23,51.91,50.48,48.41,46.98,49.19,52.32,55.77,59.00,61.53,64.01,65.74,65.83,63.96,61.93,59.39,56.47,53.36,50.34,47.83,45.18,42.38,39.52,36.28,33.02,29.96,27.15,24.60,22.14,20.25,19.03,18.55,18.55,18.96,19.59,20.45,21.88,23.11,24.09,24.89,25.59,26.17,26.26,26.36,27.02,28.02,29.61,31.86,34.51,36.37,37.08,36.59,35.32,33.84,32.63,32.22,32.14,31.77,30.24,27.81,25.05,22.09,18.72,15.31,12.28,10.26,9.84,9.72,9.59,9.47,9.39,9.31,9.23,9.20,9.23,9.29,9.30,9.36,9.40,9.40,9.41,9.41,9.45,9.48,9.41,9.34,9.22,9.09,9.02,9.01,8.89,8.80,8.80,8.81,8.81,8.68
e,e,e,e,e,e,e,e,e,e,e,e,e,e,e,e,e,e,e,e,e,e,e,e,e,e,e,e,e,e,1.30,2.58,4.62,4.45,6.38,8.13,9.37,10.23,10.80,11.17,11.71,12.41,12.77,13.19,13.58,14.01,14.65,15.18,15.35,15.35,15.26,14.86,13.79,12.92,12.18,10.86,10.06,10.40,11.21,11.89,13.28,14.32,14.99,15.26,15.05,14.78,14.55,14.25,13.70,12.96,12.45,12.05,11.59,11.03,10.52,10.00,9.47,9.05,8.59,8.16,7.75,7.36,6.90,6.47,6.04,5.64,5.52,5.74,6.13,6.58,6.98,7.18,7.21,7.15,7.04,6.83,6.62,6.58,6.86,7.54,8.30,9.04,10.22,12.70,16.68,19.41,20.85,21.14,20.69,20.44,17.90,13.81,11.01,9.71,9.03,8.39,7.61,7.07,7.33,7.78,8.08,7.97,7.62,7.79,8.38,9.12,9.98,12.01,14.50,16.98,19.38,21.49,23.51,25.53,27.77,31.20,36.93,42.47,45.85,49.42,52.47,55.23,58.04,61.47,65.24,67.41,68.09,67.89,67.37,65.77,63.45,60.52,56.85,51.96,47.78,44.60,42.16,43.00,45.65,48.57,50.44,50.31,49.07,47.33,46.44,49.38,52.85,56.45,59.78,62.34,64.63,65.07,64.06,61.94,59.37,56.75,54.29,51.91,49.40,47.28,44.82,42.33,40.06,37.06,33.75,30.52,27.54,24.78,21.87,19.81,18.55,17.78,17.57,17.80,18.27,18.95,19.90,20.68,21.33,21.93,22.63,23.39,23.84,24.29,25.18,26.54,28.21,30.16,32.25,33.87,34.19,33.23,31.52,29.73,28.33,27.72,27.61,27.63,26.88,25.05,22.65,19.80,16.36,12.95,10.85,9.90,9.75,9.66,9.56,9.44,9.33,9.25,9.18,9.12,9.10,9.17,9.18,9.23,9.28,9.28,9.28,9.32,9.33,9.31,9.28,9.21,9.08,8.96,8.88,8.83,8.74,8.66,8.62,8.62,8.58,8.43
e,e,e,e,e,e,e,e,e,e,e,e,e,e,e,e,e,e,e,e,e,e,e,e,e,e,e,e,e,e,e,e,e,2.30,4.18,5.30,5.93,6.80,7.13,7.41,7.80,8.27,8.43,8.59,8.82,9.25,10.03,10.67,10.90,10.97,11.04,11.04,10.51,10.00,9.51,8.52,7.87,8.45,9.36,9.76,11.14,12.22,12.93,13.28,13.25,13.05,12.87,12.64,12.21,11.58,11.21,10.91,10.47,9.99,9.76,9.53,9.22,8.83,8.40,7.98,7.58,7.19,6.77,6.41,6.04,5.65,5.32,5.25,5.44,5.79,6.14,6.21,6.17,6.13,6.15,6.11,6.16,6.45,7.03,7.80,8.59,9.45,11.02,14.12,17.74,19.38,19.95,19.87,19.02,18.09,14.95,10.93,9.70,9.29,9.00,8.56,7.89,7.21,7.21,7.44,7.66,7.73,7.58,7.93,8.62,9.27,10.10,12.13,14.64,17.18,19.65,21.74,23.73,25.72,27.86,31.30,37.24,42.76,45.56,48.46,51.18,53.79,56.44,59.38,62.43,64.14,64.60,64.25,63.55,62.04,60.08,57.73,54.62,50.48,46.50,43.02,40.30,40.19,42.65,45.91,48.15,48.13,47.18,46.15,46.24,49.68,53.31,56.94,60.27,62.78,64.56,63.92,62.02,59.51,56.40,53.74,51.68,50.00,48.22,46.69,44.66,42.53,40.62,37.91,34.69,31.55,28.63,25.60,22.13,19.76,18.41,17.49,16.98,16.84,17.05,17.61,18.19,18.62,19.00,19.44,20.04,20.85,21.58,22.39,23.59,25.23,26.94,28.57,30.05,31.29,31.24,30.00,28.08,26.04,24.43,23.53,23.23,23.33,23.15,21.77,19.69,17.04,13.72,10.99,9.90,9.75,9.68,9.60,9.52,9.41,9.29,9.19,9.11,9.04,8.99,9.05,9.07,9.12,9.15,9.15,9.15,9.21,9.21,9.15,9.14,9.06,8.94,8.83,8.75,8.67,8.59,8.52,8.45,8.43,8.35,8.19
e,e,e,e,e,e,e,e,e,e,e,e,e,e,e,e,e,e,e,e,e,e,e,e,e,e,e,e,e,e,e,e,e,e,e,2.61,2.95,4.11,4.47,5.00,5.67,6.28,6.46,6.62,6.93,7.38,7.84,8.27,8.41,8.46,8.57,8.79,8.66,8.54,8.55,8.50,7.50,7.73,8.52,8.78,9.55,10.31,10.88,11.24,11.47,11.33,11.14,10.97,10.70,10.34,10.07,9.80,9.47,9.15,9.25,9.24,8.97,8.58,8.19,7.76,7.33,6.96,6.62,6.40,6.18,5.87,5.44,5.05,4.88,4.98,5.30,5.26,5.18,5.26,5.60,6.02,6.46,6.93,7.43,8.03,8.82,9.91,11.50,13.97,16.92,17.58,17.22,16.58,15.47,12.96,10.91,9.79,9.36,9.05,8.74,8.41,8.02,7.53,7.39,7.53,7.70,7.46,7.47,7.96,8.68,9.34,10.22,12.12,14.51,17.05,19.56,21.63,23.57,25.49,27.41,29.62,36.09,42.50,45.00,47.32,49.62,52.07,54.67,57.16,58.96,59.51,59.26,58.81,58.30,57.50,56.30,54.52,51.94,48.38,44.60,41.05,38.45,38.56,40.73,43.41,45.17,45.18,44.70,44.93,46.59,50.17,53.67,57.21,60.47,62.66,63.44,62.22,59.74,56.42,52.84,50.30,48.46,47.10,46.24,45.65,44.48,42.82,40.86,38.45,35.60,32.97,30.52,27.18,23.12,20.28,18.76,17.97,17.04,16.13,15.76,16.16,16.62,17.02,17.41,17.77,18.10,18.70,19.55,20.72,22.32,24.01,25.61,26.93,27.91,28.64,28.32,27.13,25.27,22.99,21.02,19.87,19.30,19.11,19.06,17.84,16.01,13.72,10.98,10.04,9.78,9.68,9.61,9.54,9.46,9.37,9.27,9.14,9.04,8.96,8.91,8.93,8.99,9.02,9.03,9.03,9.03,9.09,9.09,9.03,9.01,8.89,8.79,8.70,8.62,8.54,8.46,8.39,8.31,8.24,8.11,7.96
e,e,e,e,e,e,e,e,e,e,e,e,e,e,e,e,e,e,e,e,e,e,e,e,e,e,e,e,e,e,e,e,e,e,e,1.80,2.27,3.33,2.35,2.75,3.50,4.18,4.51,4.76,5.13,5.60,6.09,6.46,6.59,6.79,7.16,7.30,7.29,7.38,7.59,7.83,7.42,7.44,7.72,7.91,8.47,8.91,9.15,9.28,9.58,9.53,9.39,9.32,9.31,9.21,9.05,8.86,8.68,8.53,8.80,8.91,8.71,8.33,7.94,7.61,7.31,7.05,6.82,6.61,6.37,6.02,5.53,5.06,4.70,4.53,4.69,4.88,5.05,5.32,5.75,6.21,6.70,7.16,7.64,8.30,9.02,10.08,11.65,13.75,15.30,15.16,14.46,13.68,12.41,10.71,9.66,9.27,9.00,8.73,8.44,8.14,7.86,7.48,7.28,7.42,7.78,7.76,7.62,8.02,8.74,9.42,10.41,12.23,14.40,16.68,19.12,21.22,23.19,25.12,27.06,29.02,35.00,41.10,43.72,45.93,47.66,49.78,52.37,54.59,55.80,55.86,55.28,54.67,54.13,53.39,52.26,50.55,48.15,45.17,41.88,38.55,36.10,36.69,38.87,41.19,42.66,43.46,44.06,45.15,47.26,50.93,54.59,57.89,60.68,62.50,62.51,60.70,57.47,53.27,49.75,47.21,45.38,44.16,43.62,43.47,42.96,42.02,40.63,38.81,36.70,34.78,32.84,29.64,25.75,22.22,19.70,18.70,17.60,16.40,15.45,15.04,15.11,15.43,15.78,16.06,16.29,16.84,17.83,19.24,21.03,22.68,24.03,24.94,25.41,25.77,25.35,24.22,22.52,20.37,18.47,17.31,16.58,16.09,15.79,14.60,13.04,11.43,10.08,9.78,9.70,9.63,9.54,9.46,9.39,9.29,9.18,9.07,8.98,8.90,8.84,8.81,8.87,8.90,8.90,8.90,8.94,8.98,8.96,8.89,8.84,8.74,8.65,8.57,8.50,8.42,8.31,8.21,8.13,8.05,7.88,7.71
e,e,e,e,e,e,e,e,e,e,e,e,e,e,e,e,e,e,e,e,e,e,e,e,e,e,e,e,e,e,e,e,e,e,e,e,e,e,0.52,1.10,1.86,2.50,2.65,2.95,3.37,3.90,4.49,4.82,5.04,5.45,6.03,6.04,6.12,6.34,6.64,6.93,7.18,7.18,7.13,7.29,7.69,7.90,7.95,7.97,8.29,8.31,8.22,8.18,8.34,8.41,8.36,8.28,8.22,8.20,8.46,8.61,8.48,8.16,7.81,7.58,7.43,7.27,7.11,6.87,6.55,6.13,5.61,5.15,4.70,4.33,4.28,4.69,5.13,5.56,6.01,6.43,6.88,7.32,7.80,8.50,9.13,10.05,11.44,13.12,13.39,12.73,11.96,11.26,10.07,9.56,9.25,8.94,8.64,8.39,8.11,7.84,7.59,7.29,7.08,7.27,7.80,8.11,7.89,8.16,8.81,9.51,10.63,12.45,14.48,16.52,18.73,20.82,22.82,24.79,26.80,28.73,33.41,38.63,41.98,44.17,45.43,47.23,49.77,51.76,52.56,52.31,51.46,50.42,49.62,48.73,47.55,45.90,43.66,41.12,38.33,35.54,33.59,34.90,37.38,39.71,41.26,42.89,44.39,45.99,48.18,51.86,55.72,58.72,60.90,62.26,61.72,59.32,55.36,50.47,47.09,44.45,42.48,41.21,40.77,40.82,40.80,40.52,39.81,38.50,37.07,35.75,34.28,31.70,28.56,24.76,21.33,19.73,18.37,16.98,15.59,14.38,13.92,13.94,14.13,14.33,14.53,15.06,16.19,17.71,19.38,20.91,22.03,22.59,22.62,22.62,22.05,21.04,19.65,17.86,16.15,15.07,14.28,13.55,12.97,11.93,10.78,9.90,9.79,9.70,9.62,9.54,9.47,9.39,9.31,9.21,9.08,9.00,8.92,8.84,8.77,8.70,8.75,8.77,8.77,8.78,8.85,8.86,8.82,8.75,8.68,8.60,8.52,8.45,8.37,8.28,8.15,8.04,7.96,7.87,7.67,7.49
e,e,e,e,e,e,e,e,e,e,e,e,e,e,e,e,e,e,e,e,e,e,e,e,e,e,e,e,e,e,e,e,e,e,e,e,e,e,e,e,e,e,0.82,1.16,1.71,2.32,2.94,3.19,3.72,4.35,4.79,4.88,5.09,5.38,5.67,5.93,6.21,6.66,7.11,7.33,7.35,7.63,8.12,8.67,8.94,8.97,8.82,8.61,8.54,8.49,8.58,8.69,8.70,8.53,8.43,8.38,8.35,8.26,8.07,7.90,7.74,7.58,7.37,7.06,6.66,6.21,5.73,5.31,4.91,4.53,4.29,4.54,5.01,5.50,5.97,6.47,6.95,7.43,7.94,8.47,9.03,9.63,10.39,11.30,11.33,10.84,10.34,9.99,9.51,9.17,8.89,8.63,8.32,8.03,7.76,7.52,7.28,6.98,6.92,7.13,7.59,8.11,8.33,8.52,8.89,9.65,10.86,12.88,15.13,17.20,18.85,20.70,22.68,24.73,26.75,28.35,30.23,33.87,39.51,41.55,42.70,44.43,46.78,48.42,48.79,48.22,46.81,44.59,43.12,42.03,41.00,39.81,38.07,35.41,33.01,31.38,31.08,33.56,37.00,40.32,42.92,44.75,46.02,47.43,49.53,53.05,57.00,59.66,61.13,61.84,61.16,58.18,53.74,48.78,45.31,42.37,39.99,38.32,37.73,37.77,37.88,37.88,37.55,36.34,35.00,33.74,32.64,31.71,30.36,27.85,24.59,21.45,19.27,17.65,16.23,14.87,13.66,12.75,12.44,12.61,12.80,13.29,14.50,15.80,16.66,17.96,19.01,19.44,19.23,18.81,17.84,17.02,16.34,15.32,13.73,12.79,12.12,11.37,10.77,10.41,10.08,9.81,9.72,9.59,9.49,9.42,9.34,9.26,9.19,9.10,9.01,8.93,8.86,8.78,8.70,8.63,8.64,8.64,8.64,8.65,8.72,8.69,8.65,8.63,8.55,8.47,8.39,8.32,8.23,8.10,8.00,7.91,7.83,7.75,7.54,7.36
e,e,e,e,e,e,e,e,e,e,e,e,e,e,e,e,e,e,e,e,e,e,e,e,e,e,e,e,e,e,e,e,e,e,e,e,e,e,e,e,e,e,0.13,0.56,1.16,1.67,1.54,1.92,2.70,3.37,3.64,3.83,4.11,4.50,4.97,5.44,5.94,6.63,7.34,7.77,7.80,8.26,9.21,10.47,11.40,11.77,11.53,11.02,10.77,10.50,10.10,9.66,9.27,8.99,8.73,8.55,8.48,8.50,8.37,8.22,8.05,7.86,7.60,7.22,6.78,6.33,5.93,5.54,5.15,4.77,4.44,4.48,4.86,5.36,5.86,6.37,6.86,7.37,7.87,8.37,8.84,9.28,9.72,10.17,10.16,9.81,9.46,9.23,9.03,8.77,8.52,8.27,7.96,7.68,7.41,7.16,6.94,6.79,6.92,7.21,7.63,8.10,8.46,8.71,9.02,9.75,11.08,13.48,16.05,18.13,19.47,21.09,22.89,24.78,26.68,27.97,28.78,30.77,34.63,35.94,37.22,39.41,42.10,43.43,43.45,42.09,40.18,38.80,37.96,37.07,36.07,34.90,33.39,31.53,30.15,29.66,30.65,34.05,37.97,41.67,44.71,46.64,47.84,49.16,51.19,54.45,57.86,59.95,60.89,61.15,60.26,57.09,52.58,47.64,43.78,40.48,37.79,35.78,34.65,34.31,34.29,34.41,34.52,34.06,32.94,31.24,29.40,28.65,28.04,26.51,24.08,21.27,19.22,17.66,16.20,14.64,13.06,11.88,11.34,11.27,11.26,11.51,12.22,12.93,13.27,13.97,14.56,14.79,14.62,14.29,13.66,13.23,12.96,12.54,11.64,11.12,10.75,10.29,9.93,9.83,9.77,9.70,9.62,9.50,9.41,9.33,9.25,9.18,9.10,9.03,8.95,8.86,8.79,8.71,8.63,8.56,8.53,8.52,8.53,8.56,8.60,8.55,8.52,8.50,8.42,8.34,8.27,8.19,8.10,7.96,7.86,7.80,7.74,7.63,7.44,7.25
e,e,e,e,e,e,e,e,e,e,e,e,e,e,e,e,e,e,e,e,e,e,e,e,e,e,e,e,e,e,e,e,e,e,e,e,e,e,e,e,e,e,e,e,e,e,0.32,1.02,1.88,2.42,2.62,2.96,3.32,3.85,4.55,5.30,6.05,6.86,7.67,8.35,8.61,9.41,10.88,12.89,14.73,15.59,15.37,14.64,14.27,13.73,12.53,11.17,10.14,9.62,9.22,8.93,8.77,8.81,8.69,8.53,8.35,8.11,7.79,7.38,6.92,6.49,6.17,5.80,5.42,5.02,4.66,4.46,4.71,5.19,5.71,6.19,6.71,7.21,7.70,8.19,8.60,8.95,9.25,9.47,9.51,9.27,8.99,8.75,8.57,8.36,8.13,7.88,7.59,7.34,7.05,6.79,6.66,6.73,7.02,7.36,7.73,8.10,8.48,8.81,9.18,9.86,11.39,14.21,17.09,19.16,20.34,21.80,23.33,24.91,26.54,27.52,28.17,28.78,29.45,29.86,31.16,33.63,36.52,37.49,37.30,35.32,33.27,33.43,33.62,33.13,32.18,30.95,29.63,28.94,28.81,29.44,31.66,35.78,39.88,43.56,46.64,48.59,49.80,51.10,53.02,55.86,58.30,59.64,60.14,60.07,58.90,55.75,51.46,46.71,42.44,38.85,35.94,33.60,31.75,30.88,30.55,30.57,30.94,31.22,30.13,27.87,25.19,24.05,23.61,22.79,21.45,19.80,18.36,17.05,15.63,13.99,12.27,11.18,10.59,10.28,10.05,10.03,10.08,10.14,10.17,10.23,10.28,10.30,10.28,10.25,10.20,10.16,10.14,10.11,10.03,9.98,9.93,9.84,9.79,9.72,9.65,9.58,9.50,9.43,9.35,9.26,9.18,9.10,9.03,8.96,8.88,8.80,8.72,8.64,8.56,8.49,8.42,8.39,8.42,8.48,8.49,8.43,8.38,8.36,8.29,8.22,8.14,8.06,7.96,7.83,7.74,7.69,7.65,7.51,7.35,7.16
e,e,e,e,e,e,e,e,e,e,e,e,e,e,e,e,e,e,e,e,e,e,e,e,e,e,e,e,e,e,e,e,e,e,e,e,e,e,e,e,e,e,e,e,e,e,e,e,1.23,1.42,1.92,2.58,3.23,3.95,4.75,5.52,6.29,7.11,7.94,8.68,9.29,10.87,13.10,15.64,17.90,19.22,19.52,19.24,18.94,18.16,16.13,13.84,12.08,10.68,9.83,9.37,9.18,9.14,9.01,8.82,8.61,8.35,7.95,7.54,7.13,6.74,6.42,6.10,5.70,5.28,4.89,4.52,4.64,5.05,5.54,6.05,6.54,7.04,7.52,7.86,8.23,8.57,8.86,9.07,9.19,9.00,8.67,8.35,8.09,7.89,7.68,7.46,7.25,6.98,6.67,6.52,6.64,6.91,7.11,7.31,7.63,8.23,8.66,9.00,9.35,10.02,12.11,15.18,18.11,20.18,21.30,22.65,24.00,25.20,26.16,26.85,27.42,27.91,28.21,28.16,28.48,29.41,30.63,31.06,31.04,30.24,29.44,29.68,29.89,29.77,29.29,28.52,27.80,27.98,28.70,30.41,34.47,38.95,42.85,46.20,48.96,50.72,51.91,53.27,55.00,56.87,57.81,58.23,58.30,57.84,56.32,53.31,49.59,45.61,41.49,38.04,34.98,32.17,29.73,28.40,27.54,26.98,26.67,26.14,23.96,21.69,20.14,19.33,18.91,18.45,17.82,16.93,16.05,15.09,14.16,13.13,11.46,10.51,10.11,9.99,9.85,9.83,9.80,9.76,9.76,9.76,9.76,9.76,9.76,9.76,9.76,9.76,9.76,9.76,9.76,9.76,9.75,9.72,9.67,9.60,9.55,9.51,9.43,9.36,9.28,9.19,9.06,8.98,8.94,8.89,8.81,8.74,8.62,8.52,8.45,8.43,8.36,8.29,8.29,8.36,8.36,8.30,8.23,8.19,8.16,8.09,8.01,7.92,7.79,7.68,7.64,7.61,7.53,7.38,7.23,7.03
e,e,e,e,e,e,e,e,e,e,e,e,e,e,e,e,e,e,e,e,e,e,e,e,e,e,e,e,e,e,e,e,e,e,e,e,e,e,e,e,e,e,e,e,e,e,e,e,0.81,1.10,1.73,2.54,3.34,4.15,4.97,5.77,6.55,7.37,8.19,9.03,10.22,12.55,15.39,18.23,20.36,21.51,21.87,21.77,21.47,20.68,18.67,16.30,14.25,12.37,11.01,10.13,9.67,9.48,9.30,9.11,8.87,8.54,8.14,7.75,7.38,7.02,6.71,6.38,5.98,5.53,5.14,4.68,4.64,4.91,5.38,5.92,6.36,6.81,7.25,7.52,7.86,8.17,8.45,8.70,8.88,8.73,8.40,8.03,7.72,7.49,7.25,6.99,6.80,6.55,6.42,6.48,6.77,7.15,7.36,7.42,7.52,8.02,8.62,9.12,9.59,10.53,13.26,16.54,19.27,20.96,21.93,23.00,24.01,24.88,25.47,26.04,26.48,26.77,26.84,26.57,26.40,26.48,26.76,26.93,27.03,26.89,26.70,26.74,26.88,27.00,27.07,27.12,27.25,28.05,29.87,33.03,37.98,42.45,45.99,48.77,50.88,52.32,53.19,54.03,54.98,55.78,55.77,55.55,55.20,54.41,52.55,50.16,47.34,44.07,40.50,37.39,34.41,31.46,28.79,26.81,25.20,23.88,22.86,21.62,19.25,17.34,16.41,15.70,15.18,14.81,14.45,13.92,13.34,12.73,12.23,11.77,10.67,10.07,9.85,9.81,9.74,9.73,9.70,9.66,9.63,9.63,9.63,9.63,9.63,9.63,9.63,9.63,9.63,9.63,9.63,9.63,9.63,9.62,9.55,9.49,9.45,9.41,9.34,9.26,9.19,9.09,8.97,8.88,8.85,8.80,8.72,8.64,8.52,8.43,8.37,8.36,8.29,8.21,8.19,8.23,8.23,8.17,8.09,8.03,8.03,7.96,7.87,7.76,7.64,7.58,7.55,7.50,7.41,7.25,7.10,6.92
e,e,e,e,e,e,e,e,e,e,e,e,e,e,e,e,e,e,e,e,e,e,e,e,e,e,e,e,e,e,e,e,e,e,e,e,e,e,e,e,e,e,e,e,e,e,e,0.40,0.80,1.34,1.98,2.75,3.58,4.39,5.17,6.00,6.79,7.61,8.43,9.41,11.40,14.44,17.73,20.61,22.15,22.61,22.61,22.40,21.97,21.36,20.07,18.34,16.40,14.49,12.69,11.27,10.36,9.94,9.62,9.39,9.13,8.71,8.38,8.01,7.65,7.34,7.03,6.66,6.23,5.79,5.39,4.94,4.70,4.79,5.25,5.77,6.14,6.50,6.88,7.18,7.49,7.76,8.02,8.31,8.55,8.45,8.14,7.77,7.46,7.16,6.83,6.50,6.29,6.14,6.31,6.65,7.02,7.40,7.71,7.72,7.50,7.57,8.34,9.09,9.88,11.36,14.71,18.06,20.39,21.41,22.13,22.76,23.36,23.95,24.52,25.15,25.41,25.34,25.00,24.66,24.52,24.55,24.73,24.95,25.05,24.96,24.75,24.59,24.77,25.08,25.70,26.72,27.84,29.20,32.33,36.99,41.80,45.95,48.94,50.95,52.14,53.12,53.41,53.29,52.98,52.70,52.12,51.45,50.72,49.69,47.66,46.30,44.64,42.04,39.33,36.78,34.11,31.34,28.71,25.97,23.44,21.30,19.62,17.91,16.21,14.88,13.96,13.13,12.52,12.04,11.62,11.16,10.66,10.36,10.22,10.15,9.99,9.86,9.76,9.69,9.63,9.61,9.60,9.57,9.52,9.51,9.50,9.50,9.50,9.50,9.50,9.50,9.50,9.50,9.50,9.50,9.50,9.49,9.43,9.40,9.36,9.29,9.21,9.14,9.07,8.98,8.90,8.82,8.75,8.68,8.60,8.53,8.44,8.36,8.30,8.29,8.22,8.15,8.11,8.11,8.10,8.04,7.97,7.91,7.89,7.83,7.71,7.59,7.52,7.50,7.45,7.37,7.28,7.13,6.97,6.81
e,e,e,e,e,e,e,e,e,e,e,e,e,e,e,e,e,e,e,e,e,e,e,e,e,e,e,e,e,e,e,e,e,e,e,e,e,e,e,e,e,e,e,e,e,e,e,0.40,0.69,1.17,2.16,3.04,3.89,4.65,5.35,6.11,6.92,7.75,8.59,9.75,12.70,16.72,20.38,22.77,23.41,23.62,23.56,23.23,22.57,21.95,20.97,19.53,17.63,15.88,14.35,13.09,12.07,11.21,10.28,9.71,9.36,9.00,8.64,8.29,7.97,7.66,7.34,6.94,6.51,6.09,5.65,5.20,4.84,4.77,5.07,5.50,5.84,6.17,6.50,6.80,7.07,7.34,7.63,7.94,8.22,8.16,7.89,7.52,7.20,6.89,6.54,6.22,6.11,6.20,6.54,6.91,7.22,7.60,7.96,8.19,8.12,7.64,7.78,8.46,9.83,12.29,15.65,18.45,20.20,20.87,21.30,21.78,22.30,22.88,23.56,24.36,24.47,24.06,23.40,22.81,22.58,22.54,22.66,22.96,23.08,23.11,23.31,24.00,24.92,25.81,26.81,28.04,29.60,32.61,36.48,40.65,44.51,48.07,50.19,51.24,51.65,51.84,51.66,50.97,49.82,48.45,46.17,44.47,43.43,42.65,41.66,41.22,40.55,39.12,37.39,35.83,33.90,31.45,28.50,25.27,22.09,19.25,16.99,15.00,13.60,12.47,11.57,11.10,10.82,10.62,10.42,10.19,9.98,9.88,9.82,9.78,9.78,9.71,9.66,9.62,9.55,9.49,9.48,9.47,9.43,9.39,9.38,9.38,9.38,9.38,9.38,9.38,9.38,9.38,9.38,9.38,9.38,9.38,9.34,9.30,9.24,9.17,9.14,9.06,8.99,8.92,8.84,8.76,8.68,8.61,8.53,8.45,8.38,8.29,8.22,8.18,8.15,8.09,8.04,8.02,7.94,7.89,7.84,7.77,7.72,7.64,7.55,7.47,7.44,7.39,7.32,7.24,7.15,7.00,6.85,6.69
e,e,e,e,e,e,e,e,e,e,e,e,e,e,e,e,e,e,e,e,e,e,e,e,e,e,e,e,e,e,e,e,e,e,e,e,e,e,e,e,e,e,e,e,e,e,e,e,0.50,1.02,2.24,2.96,3.88,4.71,5.39,6.17,7.01,7.86,8.70,10.04,13.98,18.93,22.71,24.36,24.41,24.45,24.33,23.92,23.09,22.37,21.58,20.46,18.88,17.36,16.16,15.11,14.09,12.88,11.51,10.44,9.71,9.29,8.92,8.60,8.29,7.97,7.64,7.20,6.78,6.38,5.91,5.45,5.03,4.79,4.88,5.18,5.50,5.80,6.12,6.42,6.66,6.94,7.25,7.56,7.87,7.87,7.63,7.27,6.95,6.64,6.29,6.02,6.08,6.28,6.67,7.09,7.42,7.83,8.21,8.59,8.73,8.08,7.49,8.33,10.45,13.40,16.24,18.16,19.25,19.67,19.98,20.56,21.21,21.91,22.72,23.59,23.51,22.84,21.98,21.15,20.64,20.44,20.60,21.27,21.62,22.04,22.80,24.18,25.72,27.09,28.56,30.36,32.65,36.48,40.29,43.58,46.43,49.02,50.24,50.46,50.14,49.66,48.85,47.48,45.60,43.63,40.63,38.45,37.27,36.72,36.48,36.53,36.43,35.87,34.93,34.20,33.01,30.94,27.58,23.93,20.31,16.96,14.23,12.48,11.51,10.73,10.06,9.92,9.88,9.87,9.83,9.78,9.77,9.76,9.73,9.68,9.65,9.59,9.55,9.53,9.46,9.39,9.38,9.37,9.35,9.29,9.26,9.25,9.25,9.25,9.25,9.25,9.25,9.25,9.25,9.25,9.25,9.25,9.25,9.19,9.12,9.07,9.05,8.98,8.90,8.82,8.75,8.67,8.59,8.53,8.46,8.41,8.35,8.28,8.21,8.15,8.13,8.08,8.04,8.00,7.86,7.81,7.76,7.68,7.59,7.50,7.42,7.37,7.34,7.27,7.19,7.12,7.03,6.87,6.72,6.58
e,e,e,e,e,e,e,e,e,e,e,e,e,e,e,e,e,e,e,e,e,e,e,e,e,e,e,e,e,e,e,e,e,e,e,e,e,e,e,e,e,e,e,e,e,e,e,e,e,e,e,2.23,3.34,4.41,5.22,6.19,7.05,7.90,8.73,10.19,15.11,20.80,24.39,25.10,25.13,24.98,24.73,24.28,23.43,22.55,21.87,21.23,20.41,19.19,18.18,17.24,16.23,14.94,13.55,11.83,10.29,9.61,9.23,8.92,8.60,8.28,7.90,7.46,7.04,6.63,6.17,5.70,5.24,4.87,4.69,4.85,5.12,5.42,5.73,6.04,6.28,6.56,6.87,7.18,7.48,7.56,7.38,7.01,6.70,6.38,6.04,5.86,6.21,6.23,6.58,7.10,7.60,8.11,8.48,8.83,9.12,8.93,7.83,9.23,12.22,14.65,16.33,17.11,17.47,17.72,18.17,19.17,20.21,21.17,22.06,22.80,22.52,21.68,20.73,19.74,18.73,18.21,18.58,20.09,21.00,22.16,23.59,25.09,26.85,28.41,30.57,33.77,37.25,40.29,42.95,45.33,47.36,48.50,48.86,48.52,47.53,46.69,44.98,42.65,40.13,38.35,36.46,34.88,33.78,33.26,32.94,32.82,32.68,32.36,31.83,31.56,30.93,29.24,25.51,21.53,17.78,14.22,11.20,10.42,10.20,10.05,9.93,9.90,9.84,9.77,9.72,9.71,9.71,9.66,9.62,9.60,9.54,9.46,9.43,9.41,9.34,9.32,9.32,9.29,9.24,9.22,9.17,9.13,9.13,9.13,9.13,9.13,9.13,9.13,9.13,9.13,9.13,9.13,9.12,9.06,9.02,9.00,8.93,8.85,8.78,8.70,8.62,8.55,8.47,8.42,8.41,8.41,8.40,8.35,8.29,8.27,8.21,8.18,8.15,8.07,7.92,7.83,7.76,7.67,7.53,7.45,7.37,7.29,7.22,7.15,7.07,6.99,6.90,6.75,6.60,6.48
e,e,e,e,e,e,e,e,e,e,e,e,e,e,e,e,e,e,e,e,e,e,e,e,e,e,e,e,e,e,e,e,e,e,e,e,e,e,e,e,e,e,e,e,e,e,e,e,e,e,e,2.04,2.61,3.32,4.56,5.83,6.70,7.57,8.48,9.90,14.07,20.40,24.59,25.22,25.31,25.02,24.60,24.10,23.40,22.57,21.93,21.47,21.07,20.43,19.90,19.34,18.54,17.25,15.61,13.62,11.67,10.30,9.62,9.23,8.91,8.55,8.16,7.71,7.27,6.83,6.37,5.87,5.39,4.94,4.63,4.84,4.92,5.07,5.34,5.61,5.88,6.18,6.48,6.79,7.10,7.25,7.12,6.75,6.44,6.13,5.93,5.96,6.32,6.17,6.45,7.00,7.54,8.08,8.53,8.98,9.41,9.71,9.68,11.09,13.12,14.24,14.84,15.06,15.18,15.38,15.98,17.34,19.01,20.56,21.44,21.93,21.59,20.61,19.14,17.42,16.34,16.07,16.97,19.49,20.94,22.43,24.12,25.83,27.80,29.91,32.98,37.03,39.95,42.31,43.70,44.54,45.83,46.56,46.70,46.01,44.34,42.93,40.99,38.71,36.40,34.57,32.88,31.37,30.22,29.67,29.29,28.99,28.71,28.44,28.18,27.84,26.80,24.86,22.05,19.25,16.30,13.20,10.43,9.95,9.90,9.88,9.85,9.84,9.78,9.72,9.70,9.70,9.66,9.62,9.60,9.59,9.52,9.47,9.46,9.45,9.41,9.40,9.38,9.34,9.31,9.30,9.25,9.21,9.20,9.16,9.12,9.08,9.04,9.00,9.00,9.02,9.04,9.04,9.00,8.97,8.93,8.88,8.80,8.76,8.70,8.63,8.55,8.51,8.48,8.46,8.46,8.50,8.50,8.46,8.40,8.39,8.33,8.30,8.26,8.14,8.03,7.91,7.82,7.73,7.61,7.50,7.41,7.33,7.24,7.13,7.04,6.96,6.88,6.77,6.62,6.53
e,e,e,e,e,e,e,e,e,e,e,e,e,e,e,e,e,e,e,e,e,e,e,e,e,e,e,e,e,e,e,e,e,e,e,e,e,e,e,e,e,e,e,e,e,e,e,e,e,e,e,e,1.50,2.21,3.53,5.08,6.05,7.05,8.12,9.42,12.24,18.87,23.78,24.83,25.02,24.66,24.16,23.65,23.13,22.48,21.95,21.61,21.48,21.35,21.26,21.05,20.55,19.44,17.75,15.67,13.44,11.40,10.26,9.64,9.20,8.81,8.42,7.96,7.48,7.00,6.53,6.00,5.51,5.02,4.63,4.90,4.87,4.88,5.05,5.22,5.49,5.79,6.10,6.41,6.72,6.93,6.86,6.50,6.19,5.91,5.90,6.15,6.42,6.12,6.35,6.88,7.43,7.97,8.50,9.04,9.58,10.18,11.16,12.26,13.04,13.04,12.85,12.76,12.74,12.90,13.76,15.46,17.67,19.77,20.77,21.06,20.57,19.32,17.23,14.77,13.62,13.72,15.30,18.71,20.73,22.30,23.96,26.04,28.61,31.38,34.97,39.02,40.71,42.28,42.73,42.56,43.50,44.18,44.27,43.33,41.09,39.18,37.21,35.20,33.14,31.09,29.36,27.80,26.58,25.99,25.56,25.13,24.76,24.51,24.36,23.84,22.40,20.34,18.63,17.08,15.06,12.64,10.37,9.95,9.89,9.85,9.80,9.79,9.74,9.71,9.71,9.71,9.65,9.63,9.63,9.60,9.54,9.53,9.53,9.53,9.53,9.52,9.47,9.43,9.43,9.42,9.37,9.33,9.31,9.24,9.16,9.09,9.01,8.93,8.90,8.93,8.97,8.95,8.88,8.87,8.84,8.77,8.71,8.70,8.66,8.59,8.54,8.53,8.53,8.53,8.54,8.60,8.63,8.59,8.53,8.52,8.46,8.42,8.36,8.23,8.13,8.00,7.89,7.80,7.72,7.58,7.47,7.39,7.30,7.17,7.06,6.98,6.91,6.82,6.70,6.63
e,e,e,e,e,e,e,e,e,e,e,e,e,e,e,e,e,e,e,e,e,e,e,e,e,e,e,e,e,e,e,e,e,e,e,e,e,e,e,e,e,e,e,e,e,e,e,e,e,e,e,e,e,1.43,1.83,3.41,4.88,6.34,7.68,8.72,9.96,15.88,21.21,23.39,23.74,23.56,23.19,22.81,22.52,22.23,22.03,21.91,21.87,21.84,21.77,21.66,21.47,21.04,20.13,18.13,15.62,13.36,11.58,10.31,9.50,9.06,8.67,8.17,7.65,7.12,6.60,6.12,5.60,5.10,4.73,4.88,5.08,5.14,5.05,4.95,5.13,5.41,5.72,6.03,6.34,6.58,6.56,6.24,5.94,5.78,5.98,6.37,6.50,6.09,6.28,6.82,7.36,7.90,8.39,8.90,9.41,9.79,10.16,10.51,10.80,10.93,10.75,10.55,10.32,10.37,11.79,13.86,16.15,18.34,19.91,20.30,19.29,17.31,14.64,11.89,10.34,10.67,13.05,16.86,19.59,20.86,21.97,24.77,29.13,32.61,35.41,37.37,37.30,37.64,38.24,39.20,40.89,41.69,41.72,40.61,38.11,36.13,34.20,32.13,29.84,27.27,25.54,24.01,22.76,22.16,21.69,21.32,21.04,20.84,20.57,19.98,19.01,17.78,16.52,15.19,13.66,12.00,10.45,9.98,9.85,9.81,9.80,9.80,9.79,9.78,9.78,9.78,9.76,9.76,9.73,9.68,9.66,9.66,9.66,9.66,9.65,9.60,9.57,9.56,9.55,9.50,9.47,9.46,9.44,9.37,9.29,9.21,9.12,8.99,8.92,8.87,8.84,8.83,8.76,8.74,8.73,8.71,8.70,8.70,8.69,8.67,8.66,8.66,8.66,8.66,8.66,8.68,8.73,8.71,8.66,8.65,8.58,8.52,8.44,8.34,8.21,8.11,7.99,7.87,7.79,7.69,7.57,7.45,7.37,7.28,7.16,7.04,6.96,6.89,6.80,6.73
e,e,e,e,e,e,e,e,e,e,e,e,e,e,e,e,e,e,e,e,e,e,e,e,e,e,e,e,e,e,e,e,e,e,e,e,e,e,e,e,e,e,e,e,e,e,e,e,e,e,e,e,e,0.90,1.21,1.93,3.37,4.98,6.46,7.71,8.82,13.10,17.58,20.30,20.63,20.46,19.92,19.28,19.06,19.60,20.54,21.40,21.89,22.06,22.13,22.14,22.04,21.77,21.22,19.66,17.46,15.18,13.08,11.27,9.98,9.27,8.77,8.27,7.74,7.21,6.71,6.21,5.70,5.20,4.80,4.84,5.15,5.33,5.27,5.10,5.09,5.17,5.34,5.65,5.96,6.23,6.26,5.98,5.70,5.76,6.13,6.56,6.61,6.17,6.26,6.71,7.25,7.79,8.30,8.79,9.21,9.45,9.60,9.69,9.78,9.86,9.57,9.15,8.76,8.79,10.13,12.24,14.49,16.56,18.05,18.20,17.00,14.86,12.20,10.32,9.18,9.39,11.22,14.20,16.91,18.72,20.75,24.72,29.68,32.61,34.20,34.74,33.69,32.84,32.79,33.68,35.51,36.66,36.94,36.23,34.45,32.63,30.52,28.09,25.54,23.47,22.26,21.25,20.40,19.97,19.62,19.38,19.19,19.00,18.62,17.83,16.80,15.66,14.58,13.26,12.02,10.97,10.23,9.96,9.87,9.84,9.84,9.84,9.84,9.84,9.84,9.84,9.84,9.84,9.82,9.79,9.79,9.79,9.77,9.74,9.74,9.70,9.69,9.69,9.67,9.61,9.58,9.57,9.54,9.49,9.39,9.30,9.20,9.05,8.96,8.89,8.84,8.84,8.79,8.79,8.79,8.79,8.78,8.75,8.74,8.75,8.78,8.79,8.79,8.79,8.79,8.79,8.82,8.82,8.78,8.74,8.70,8.61,8.52,8.43,8.31,8.20,8.08,7.96,7.86,7.77,7.65,7.52,7.44,7.37,7.25,7.14,7.04,6.99,6.92,6.84
e,e,e,e,e,e,e,e,e,e,e,e,e,e,e,e,e,e,e,e,e,e,e,e,e,e,e,e,e,e,e,e,e,e,e,e,e,e,e,e,e,e,e,e,e,e,e,e,e,e,e,e,e,e,e,0.66,2.01,3.48,4.86,6.45,8.03,10.52,13.57,16.26,16.43,16.20,15.45,14.55,14.40,15.70,17.74,19.71,21.06,21.78,22.25,22.47,22.40,22.03,21.63,20.61,18.93,16.64,14.38,12.17,10.45,9.44,8.82,8.32,7.81,7.29,6.81,6.29,5.80,5.30,4.86,4.80,5.14,5.46,5.58,5.44,5.25,5.08,5.08,5.32,5.59,5.88,5.96,5.74,5.52,5.83,6.33,6.75,6.74,6.29,6.25,6.58,7.13,7.67,8.21,8.66,8.98,9.14,9.22,9.30,9.36,9.31,8.91,8.25,7.78,7.89,8.89,10.75,12.81,14.63,15.65,15.46,14.28,12.36,10.17,9.47,9.02,9.07,9.88,11.71,14.13,16.68,19.96,24.84,29.54,31.47,31.89,31.44,29.86,28.07,27.15,27.42,28.91,30.25,30.77,30.64,29.89,28.45,26.36,23.82,21.34,20.18,19.62,19.22,18.89,18.64,18.46,18.35,18.23,18.02,17.55,16.56,15.28,13.95,12.87,11.52,10.52,9.99,9.93,9.90,9.90,9.89,9.91,10.00,10.12,10.22,10.31,10.38,10.34,10.29,10.22,10.16,10.28,10.28,10.21,10.13,10.06,9.99,9.90,9.83,9.79,9.73,9.71,9.68,9.62,9.59,9.47,9.37,9.27,9.13,9.04,8.96,8.92,8.92,8.91,8.91,8.91,8.91,8.90,8.84,8.82,8.84,8.90,8.91,8.91,8.91,8.91,8.91,8.92,8.92,8.89,8.83,8.80,8.70,8.58,8.50,8.41,8.28,8.16,8.07,7.92,7.84,7.71,7.59,7.50,7.43,7.35,7.24,7.13,7.10,7.04,6.96
e,e,e,e,e,e,e,e,e,e,e,e,e,e,e,e,e,e,e,e,e,e,e,e,e,e,e,e,e,e,e,e,e,e,e,e,e,e,e,e,e,e,e,e,e,e,e,e,e,e,e,e,e,e,e,e,e,2.63,3.21,4.83,6.45,8.35,10.21,11.51,11.30,11.09,10.63,10.18,10.31,11.19,12.58,14.64,17.43,19.97,21.69,22.49,22.49,22.16,21.74,20.95,19.45,16.95,14.54,12.25,10.52,9.52,8.93,8.40,7.90,7.41,6.89,6.40,5.89,5.39,4.94,4.72,5.02,5.47,5.79,5.75,5.59,5.42,5.30,5.24,5.27,5.50,5.62,5.54,5.62,6.05,6.58,6.96,6.83,6.35,6.22,6.46,7.00,7.54,8.08,8.46,8.67,8.76,8.85,8.93,8.98,8.91,8.51,7.82,7.47,7.84,8.76,9.91,11.38,12.75,13.01,12.71,11.72,10.52,9.55,8.97,8.86,9.09,9.83,11.55,13.95,16.45,19.37,23.16,26.40,27.96,28.15,27.17,25.52,23.68,22.58,22.38,22.86,23.18,23.32,23.25,22.94,22.40,21.53,20.52,19.56,18.99,18.57,18.23,17.93,17.66,17.49,17.39,17.28,17.06,16.54,15.52,14.28,13.00,11.79,10.63,10.06,9.90,9.90,9.90,9.90,9.90,10.02,10.56,11.32,11.95,12.45,12.89,12.67,12.38,11.94,11.54,12.35,12.31,12.08,11.88,11.45,11.02,10.51,10.08,9.89,9.85,9.84,9.80,9.73,9.67,9.54,9.43,9.34,9.24,9.11,9.05,9.04,9.04,9.04,9.04,9.04,9.03,8.98,8.95,8.94,8.95,8.98,9.03,9.04,9.04,9.04,9.04,9.04,9.04,9.02,8.95,8.89,8.80,8.69,8.57,8.48,8.34,8.23,8.13,7.99,7.90,7.81,7.70,7.57,7.49,7.42,7.33,7.24,7.18,7.11,7.06
e,e,e,e,e,e,e,e,e,e,e,e,e,e,e,e,e,e,e,e,e,e,e,e,e,e,e,e,e,e,e,e,e,e,e,e,e,e,e,e,e,e,e,e,e,e,e,e,e,e,e,e,e,e,e,e,e,1.90,2.37,3.27,4.77,6.45,7.66,8.09,7.74,7.47,7.35,7.42,7.85,8.50,9.40,11.00,13.65,16.72,19.31,21.00,21.78,21.99,21.69,21.01,19.55,16.86,14.22,11.86,10.22,9.45,8.97,8.48,8.00,7.50,6.99,6.49,5.99,5.48,5.02,4.66,4.91,5.40,5.86,6.03,5.96,5.79,5.61,5.41,5.27,5.35,5.41,5.43,5.76,6.26,6.80,7.15,6.94,6.45,6.22,6.37,6.91,7.45,7.93,8.21,8.31,8.38,8.46,8.54,8.60,8.57,8.15,7.64,7.46,7.86,8.74,9.46,10.35,11.14,11.06,10.82,10.16,9.51,9.14,8.66,8.73,9.08,9.73,11.21,13.47,15.78,18.11,20.63,22.65,23.71,23.78,22.93,21.76,20.44,19.61,19.33,19.37,19.29,19.32,19.35,19.22,19.12,18.87,18.62,18.37,18.05,17.70,17.36,17.04,16.79,16.68,16.66,16.63,16.47,15.96,14.94,13.77,12.60,11.48,10.41,10.17,10.43,10.75,10.95,11.46,12.14,12.96,13.88,14.75,15.26,15.51,15.61,15.16,14.54,13.76,13.20,14.34,14.82,15.12,15.34,15.13,14.71,14.07,13.36,12.73,12.05,11.58,10.93,10.12,9.79,9.62,9.51,9.41,9.33,9.21,9.17,9.17,9.17,9.17,9.17,9.16,9.12,9.08,9.07,9.07,9.07,9.08,9.15,9.17,9.17,9.17,9.17,9.17,9.17,9.15,9.07,8.99,8.90,8.79,8.66,8.55,8.43,8.31,8.21,8.08,7.97,7.88,7.79,7.67,7.56,7.50,7.43,7.36,7.28,7.20,7.15
e,e,e,e,e,e,e,e,e,e,e,e,e,e,e,e,e,e,e,e,e,e,e,e,e,e,e,e,e,e,e,e,e,e,e,e,e,e,e,e,e,e,e,e,e,e,e,e,e,e,e,e,e,e,e,e,e,e,e,1.85,3.12,4.72,5.77,5.90,5.62,5.33,5.50,6.07,6.74,7.44,8.16,9.01,10.27,12.61,15.46,18.09,20.14,21.24,21.24,20.63,19.15,16.34,13.47,11.11,9.69,9.27,8.92,8.53,8.07,7.58,7.11,6.58,6.09,5.59,5.07,4.63,4.81,5.27,5.80,6.26,6.30,6.14,5.94,5.78,5.56,5.42,5.35,5.44,5.92,6.46,6.99,7.33,7.07,6.57,6.23,6.29,6.83,7.36,7.73,7.90,7.93,8.00,8.08,8.16,8.23,8.23,7.83,7.64,7.63,7.87,8.72,9.29,9.65,9.86,9.85,9.76,9.52,9.18,8.82,8.51,8.65,8.99,9.51,10.54,12.48,14.46,16.20,17.61,18.85,19.34,19.36,19.09,18.73,18.24,17.95,17.90,18.05,18.19,18.44,18.60,18.50,18.36,18.14,17.84,17.49,17.19,16.91,16.60,16.32,16.15,16.18,16.29,16.39,16.35,15.88,14.87,13.77,12.77,11.88,10.79,10.82,11.59,12.52,13.12,14.47,16.30,18.16,19.30,19.78,19.65,19.11,18.34,17.59,16.60,15.57,15.03,16.13,17.55,18.91,19.99,20.49,20.44,19.92,19.06,17.80,16.05,14.73,13.01,10.90,10.00,9.74,9.61,9.48,9.40,9.32,9.29,9.29,9.29,9.29,9.29,9.26,9.21,9.20,9.20,9.20,9.20,9.21,9.27,9.29,9.29,9.29,9.29,9.29,9.29,9.27,9.19,9.12,8.99,8.87,8.77,8.63,8.54,8.42,8.29,8.19,8.06,7.95,7.87,7.77,7.64,7.60,7.55,7.48,7.40,7.33,7.25
e,e,e,e,e,e,e,e,e,e,e,e,e,e,e,e,e,e,e,e,e,e,e,e,e,e,e,e,e,e,e,e,e,e,e,e,e,e,e,e,e,e,e,e,e,e,e,e,e,e,e,e,e,e,e,e,e,e,e,1.54,1.75,2.99,3.83,3.72,3.58,3.77,4.27,4.97,5.75,6.50,7.21,7.94,8.82,10.21,11.86,14.15,16.71,18.24,18.80,18.50,17.20,14.64,11.83,10.25,9.45,9.06,8.71,8.32,7.99,7.65,7.22,6.70,6.18,5.68,5.17,4.68,4.75,5.14,5.68,6.21,6.51,6.50,6.32,6.16,5.93,5.75,5.63,5.66,6.16,6.67,7.18,7.50,7.15,6.64,6.21,6.18,6.70,7.16,7.42,7.55,7.60,7.63,7.70,7.77,7.86,7.86,7.46,7.62,7.80,7.87,8.62,9.04,9.25,9.34,9.38,9.36,9.23,8.97,8.64,8.54,8.65,8.95,9.41,10.05,11.13,12.55,14.04,15.31,16.54,17.25,17.44,17.20,16.96,16.64,16.49,16.56,16.78,17.14,17.60,17.88,17.76,17.64,17.41,17.08,16.72,16.47,16.49,16.57,16.66,16.77,16.93,17.06,17.16,17.12,16.63,15.60,14.71,13.95,12.86,11.83,12.42,13.96,15.54,16.71,18.33,20.13,21.79,22.73,23.09,22.79,22.03,21.02,19.79,18.53,17.43,16.91,17.94,19.76,21.70,23.39,24.41,24.69,24.23,23.26,21.83,19.93,18.00,15.65,12.90,10.65,9.92,9.70,9.59,9.47,9.43,9.42,9.42,9.42,9.42,9.38,9.34,9.32,9.32,9.32,9.32,9.32,9.32,9.36,9.40,9.42,9.42,9.42,9.42,9.40,9.34,9.27,9.19,9.09,8.98,8.85,8.75,8.62,8.51,8.40,8.27,8.17,8.04,7.93,7.85,7.75,7.69,7.63,7.56,7.53,7.46,7.38
e,e,e,e,e,e,e,e,e,e,e,e,e,e,e,e,e,e,e,e,e,e,e,e,e,e,e,e,e,e,e,e,e,e,e,e,e,e,e,e,e,e,e,e,e,e,e,e,e,e,e,e,e,e,e,e,e,e,e,e,0.80,1.95,2.66,2.31,1.99,2.51,3.23,3.97,4.79,5.58,6.29,7.02,7.79,8.57,9.32,10.95,13.22,14.77,15.79,15.80,14.73,12.57,10.38,9.54,9.20,8.87,8.48,8.10,7.80,7.56,7.20,6.77,6.28,5.77,5.28,4.77,4.72,5.03,5.56,6.10,6.59,6.76,6.69,6.52,6.31,6.13,5.96,5.93,6.39,6.88,7.40,7.69,7.25,6.73,6.23,6.10,6.56,6.90,7.08,7.18,7.25,7.27,7.33,7.40,7.47,7.50,7.27,7.65,7.89,7.83,8.46,8.76,8.89,8.97,9.06,9.09,8.99,8.76,8.48,8.59,8.66,8.90,9.34,9.69,10.05,10.83,12.00,13.41,14.84,15.71,15.96,15.67,15.43,15.17,15.15,15.36,15.64,16.15,16.75,17.12,17.02,16.94,16.76,16.56,16.34,16.11,16.49,16.94,17.33,17.64,17.91,18.03,18.11,18.07,17.56,16.75,16.05,15.31,13.97,13.03,14.16,16.35,18.40,20.05,21.83,23.53,24.93,25.77,26.08,25.68,24.80,23.75,22.29,20.80,19.57,19.09,20.10,22.18,24.45,26.49,28.00,28.66,28.32,27.14,25.20,23.10,20.73,18.02,14.94,11.75,10.27,9.78,9.68,9.54,9.52,9.52,9.52,9.52,9.52,9.48,9.45,9.45,9.45,9.45,9.45,9.45,9.45,9.45,9.51,9.55,9.55,9.55,9.55,9.51,9.43,9.35,9.25,9.18,9.06,8.92,8.84,8.71,8.60,8.49,8.35,8.25,8.13,8.01,7.97,7.92,7.84,7.76,7.70,7.65,7.59,7.51
e,e,e,e,e,e,e,e,e,e,e,e,e,e,e,e,e,e,e,e,e,e,e,e,e,e,e,e,e,e,e,e,e,e,e,e,e,e,e,e,e,e,e,e,e,e,e,e,e,e,e,e,e,e,e,e,e,e,e,e,e,e,e,e,0.99,1.55,2.30,3.06,3.85,4.62,5.34,6.07,6.84,7.61,8.33,9.19,10.23,11.34,12.53,12.79,11.98,10.37,9.50,9.10,8.88,8.65,8.29,7.90,7.54,7.20,6.96,6.74,6.36,5.87,5.36,4.88,4.74,4.94,5.43,5.97,6.51,6.90,7.05,6.85,6.68,6.47,6.28,6.23,6.61,7.12,7.65,7.91,7.39,6.86,6.32,6.11,6.42,6.61,6.73,6.81,6.89,6.95,6.97,7.03,7.11,7.20,7.40,7.76,7.88,7.73,8.23,8.43,8.51,8.61,8.74,8.81,8.74,8.54,8.33,8.61,8.64,8.83,9.25,9.48,9.48,9.61,10.29,11.93,13.62,14.36,14.44,14.14,13.91,13.73,13.91,14.35,14.68,15.25,15.88,16.31,16.35,16.29,16.29,16.44,16.56,16.24,17.01,17.72,18.16,18.54,18.87,19.04,19.13,19.09,18.62,18.32,17.75,16.67,15.11,14.28,15.81,18.37,20.56,22.54,24.53,26.32,27.77,28.78,29.07,28.56,27.61,26.60,25.34,23.63,22.20,21.78,22.84,25.12,27.44,29.50,31.52,32.64,32.53,30.97,27.87,25.19,22.58,19.78,16.70,13.39,10.90,9.87,9.75,9.61,9.59,9.59,9.59,9.59,9.59,9.58,9.58,9.58,9.58,9.58,9.58,9.58,9.58,9.58,9.63,9.68,9.68,9.68,9.68,9.63,9.56,9.47,9.34,9.23,9.13,8.99,8.90,8.82,8.70,8.56,8.41,8.32,8.20,8.11,8.15,8.15,8.10,8.02,7.94,7.80,7.71,7.64
e,e,e,e,e,e,e,e,e,e,e,e,e,e,e,e,e,e,e,e,e,e,e,e,e,e,e,e,e,e,e,e,e,e,e,e,e,e,e,e,e,e,e,e,e,e,e,e,e,e,e,e,e,e,e,e,e,e,e,e,e,e,e,e,0.73,0.91,1.35,2.12,2.89,3.67,4.41,5.15,5.88,6.65,7.37,8.06,8.77,9.53,10.31,10.57,10.19,9.25,8.90,8.63,8.41,8.24,7.97,7.68,7.33,6.96,6.66,6.45,6.15,5.81,5.45,4.96,4.70,4.83,5.30,5.84,6.38,6.88,7.21,7.18,7.02,6.83,6.65,6.58,6.83,7.32,7.81,8.02,7.47,6.93,6.39,6.08,6.16,6.30,6.43,6.55,6.65,6.74,6.85,6.97,7.08,7.21,7.63,7.92,7.87,7.59,7.91,8.08,8.18,8.27,8.38,8.46,8.46,8.42,8.41,8.72,8.65,8.73,9.08,9.29,9.21,9.31,9.91,11.24,12.57,13.03,12.94,12.62,12.39,12.41,12.74,13.27,13.76,14.43,15.31,16.13,16.57,16.63,16.75,16.92,16.91,16.36,17.18,18.14,18.90,19.53,20.37,21.00,21.30,21.27,21.10,20.91,19.93,18.20,16.32,15.21,16.67,19.34,21.84,24.37,26.69,28.78,30.58,31.90,32.41,32.24,31.48,30.08,28.54,27.01,25.96,25.85,26.81,28.49,30.55,32.81,35.01,36.59,36.86,34.98,30.48,27.03,24.08,21.16,18.11,14.90,11.99,10.38,9.82,9.72,9.71,9.71,9.71,9.71,9.71,9.71,9.71,9.71,9.71,9.71,9.71,9.71,9.71,9.71,9.73,9.77,9.80,9.80,9.80,9.76,9.67,9.56,9.44,9.33,9.21,9.09,8.97,8.89,8.78,8.63,8.52,8.39,8.28,8.23,8.30,8.35,8.33,8.28,8.18,8.04,7.95,7.87
e,e,e,e,e,e,e,e,e,e,e,e,e,e,e,e,e,e,e,e,e,e,e,e,e,e,e,e,e,e,e,e,e,e,e,e,e,e,e,e,e,e,e,e,e,e,e,e,e,e,e,e,e,e,e,e,e,e,e,e,e,e,e,e,e,0.20,0.64,1.37,1.97,2.71,3.48,4.22,4.93,5.70,6.41,7.10,7.76,8.28,8.71,8.92,8.84,8.43,8.38,8.14,7.90,7.75,7.59,7.38,7.09,6.74,6.38,6.10,5.85,5.64,5.43,4.99,4.64,4.71,5.18,5.71,6.25,6.80,7.25,7.46,7.35,7.19,7.03,6.92,7.06,7.52,7.96,8.10,7.55,7.01,6.50,6.13,6.05,6.18,6.34,6.47,6.58,6.66,6.89,7.09,7.23,7.37,7.93,8.10,7.88,7.50,7.66,7.81,7.92,8.00,8.08,8.17,8.25,8.37,8.58,8.84,8.68,8.64,8.89,9.09,9.06,9.29,9.85,10.70,11.51,11.70,11.52,11.22,11.04,11.21,11.67,12.31,13.05,13.90,15.05,16.23,17.09,17.26,17.46,17.52,17.22,16.45,17.25,18.44,19.61,20.82,22.40,23.63,24.22,24.15,24.21,23.94,22.47,20.00,17.56,16.02,17.19,19.72,22.33,25.39,28.29,30.95,33.25,34.94,35.79,36.02,35.53,34.03,32.38,31.10,30.30,30.16,30.89,31.81,33.50,35.86,38.11,39.88,40.41,38.56,33.52,28.91,25.52,22.40,19.21,16.26,13.20,11.11,10.08,9.96,9.92,9.89,9.87,9.88,9.89,9.91,9.93,9.95,9.96,10.03,10.10,10.16,10.21,10.25,10.29,10.38,10.47,10.49,10.36,10.08,9.78,9.64,9.54,9.41,9.29,9.20,9.05,8.96,8.84,8.70,8.62,8.48,8.38,8.36,8.44,8.51,8.54,8.52,8.44,8.30,8.21,8.12
e,e,e,e,e,e,e,e,e,e,e,e,e,e,e,e,e,e,e,e,e,e,e,e,e,e,e,e,e,e,e,e,e,e,e,e,e,e,e,e,e,e,e,e,e,e,e,e,e,e,e,e,e,e,e,e,e,e,e,e,e,e,e,e,e,e,e,e,1.09,1.76,2.52,3.27,3.98,4.74,5.46,6.15,6.79,7.30,8.00,8.22,8.01,7.65,7.80,7.63,7.39,7.24,7.08,6.92,6.73,6.49,6.17,5.81,5.50,5.26,5.09,4.86,4.58,4.62,5.05,5.59,6.13,6.67,7.17,7.54,7.66,7.57,7.38,7.23,7.32,7.78,8.16,8.22,7.68,7.14,6.72,6.49,6.49,6.63,6.78,6.85,6.83,6.87,7.21,7.47,7.60,7.75,8.31,8.27,7.92,7.61,7.68,7.73,7.81,7.94,8.02,8.15,8.25,8.42,8.74,8.93,8.74,8.61,8.70,8.87,9.07,9.33,9.62,9.94,10.25,10.33,10.29,10.21,10.18,10.26,10.81,11.78,12.96,14.16,15.39,16.64,17.71,17.95,18.16,17.99,17.29,16.47,17.34,18.62,20.30,22.92,25.55,27.45,28.32,28.12,27.95,27.43,25.59,22.45,18.86,16.75,17.34,19.20,21.25,24.65,28.70,32.50,35.60,37.70,38.98,39.39,39.23,38.81,37.96,36.79,35.36,34.05,34.23,34.66,35.91,37.96,40.09,41.28,41.62,40.84,37.85,31.11,27.05,23.49,19.70,17.29,14.35,12.14,10.91,10.56,10.39,10.23,10.14,10.21,10.27,10.33,10.42,10.53,10.62,10.94,11.27,11.56,11.80,11.99,12.22,12.48,12.71,12.79,12.17,10.97,9.85,9.76,9.63,9.48,9.35,9.26,9.11,9.02,8.90,8.77,8.68,8.54,8.47,8.48,8.56,8.64,8.71,8.73,8.70,8.61,8.48,8.38
e,e,e,e,e,e,e,e,e,e,e,e,e,e,e,e,e,e,e,e,e,e,e,e,e,e,e,e,e,e,e,e,e,e,e,e,e,e,e,e,e,e,e,e,e,e,e,e,e,e,e,e,e,e,e,e,e,e,e,e,e,e,e,e,e,e,e,e,0.76,0.98,1.57,2.33,3.06,3.79,4.53,5.21,5.82,6.42,7.39,7.59,7.22,6.89,7.27,7.14,6.88,6.73,6.57,6.42,6.27,6.09,5.88,5.57,5.24,4.94,4.74,4.64,4.57,4.69,5.04,5.48,6.00,6.54,7.06,7.51,7.84,7.87,7.73,7.57,7.56,7.99,8.34,8.35,7.81,7.26,6.97,6.88,6.97,7.11,7.11,6.93,6.76,7.09,7.57,7.83,7.95,8.13,8.66,8.47,8.09,7.93,7.95,7.96,8.04,8.18,8.26,8.38,8.45,8.61,8.92,9.05,8.90,8.78,8.81,8.95,9.07,9.21,9.38,9.57,9.72,9.80,9.80,9.79,9.85,9.92,10.53,11.71,13.21,14.58,15.81,17.03,18.19,18.60,18.70,18.27,17.35,16.61,17.36,18.59,20.40,23.42,26.66,28.90,29.96,29.94,29.77,29.32,27.65,24.47,20.02,17.80,17.72,18.76,20.49,23.95,28.50,33.05,36.94,39.66,41.31,41.97,42.21,42.60,42.36,41.50,40.03,38.27,37.72,37.70,38.55,40.14,41.88,42.88,42.77,41.86,39.66,33.47,28.59,24.11,19.91,17.69,15.31,13.63,12.68,12.22,12.19,12.04,11.93,12.01,12.09,12.17,12.23,12.22,12.06,12.41,12.99,13.63,14.24,14.81,15.39,15.92,16.31,16.31,15.29,13.13,10.82,9.95,9.69,9.56,9.44,9.33,9.18,9.08,8.96,8.83,8.74,8.60,8.57,8.61,8.69,8.77,8.84,8.90,8.92,8.88,8.77,8.66
e,e,e,e,e,e,e,e,e,e,e,e,e,e,e,e,e,e,e,e,e,e,e,e,e,e,e,e,e,e,e,e,e,e,e,e,e,e,e,e,e,e,e,e,e,e,e,e,e,e,e,e,e,e,e,e,e,e,e,e,e,e,e,e,e,e,e,e,e,0.27,0.79,1.52,2.16,2.85,3.60,4.26,4.86,5.65,6.81,6.95,6.46,6.18,6.73,6.65,6.37,6.22,6.06,5.91,5.75,5.62,5.52,5.30,4.99,4.67,4.45,4.47,4.64,4.86,5.12,5.44,5.91,6.43,6.93,7.40,7.92,8.11,8.07,7.92,7.81,8.20,8.50,8.46,7.93,7.43,7.26,7.31,7.45,7.54,7.30,6.88,6.67,7.36,7.92,8.19,8.29,8.48,8.96,8.69,8.35,8.34,8.34,8.34,8.43,8.56,8.63,8.70,8.72,8.84,9.10,9.19,9.10,9.04,9.07,9.19,9.11,9.10,9.21,9.40,9.55,9.65,9.68,9.66,9.79,9.92,10.59,11.88,13.60,15.09,16.33,17.56,18.78,19.39,19.34,18.66,17.60,16.92,17.32,18.37,20.08,22.85,26.31,28.80,30.18,30.54,30.50,30.26,29.00,26.15,21.32,19.02,18.30,18.57,20.03,23.41,28.03,32.95,37.54,40.90,42.92,44.02,44.84,45.90,46.14,45.63,44.45,42.78,41.72,41.40,41.82,42.76,43.74,44.27,43.54,42.08,39.98,35.20,29.78,24.53,20.20,18.00,16.30,15.34,14.83,14.36,14.53,14.50,14.44,14.52,14.57,14.61,14.55,14.32,13.87,14.15,14.93,15.89,16.87,17.88,18.86,19.69,20.18,20.03,18.73,15.82,12.32,10.20,9.75,9.64,9.54,9.39,9.24,9.14,9.03,8.89,8.81,8.67,8.66,8.74,8.82,8.89,8.97,9.05,9.11,9.11,9.05,8.95
e,e,e,e,e,e,e,e,e,e,e,e,e,e,e,e,e,e,e,e,e,e,e,e,e,e,e,e,e,e,e,e,e,e,e,e,e,e,e,e,e,e,e,e,e,e,e,e,e,e,e,e,e,e,e,e,e,e,e,e,e,e,e,e,e,e,e,e,e,e,e,e,1.25,1.90,2.65,3.30,4.00,5.15,6.12,6.14,5.68,5.52,6.11,6.08,5.86,5.71,5.55,5.40,5.25,5.11,5.03,4.86,4.65,4.46,4.40,4.69,4.94,5.17,5.40,5.67,5.97,6.36,6.80,7.28,7.81,8.24,8.41,8.29,8.12,8.46,8.68,8.53,8.02,7.71,7.66,7.75,7.85,7.64,7.10,6.79,6.99,7.73,8.26,8.54,8.66,8.79,9.13,8.96,8.73,8.73,8.73,8.73,8.81,8.93,8.96,8.98,8.98,9.08,9.29,9.28,9.28,9.31,9.37,9.46,9.35,9.30,9.32,9.34,9.43,9.55,9.66,9.76,9.87,10.16,10.92,12.19,13.95,15.63,17.17,18.66,20.06,20.83,20.62,19.80,18.67,17.68,17.16,17.77,19.15,20.89,23.84,26.86,29.13,30.21,30.36,30.27,29.38,27.22,23.36,20.41,19.25,19.24,20.21,23.49,27.55,32.16,36.95,40.69,43.20,45.41,47.46,49.01,49.53,49.25,48.62,47.95,47.57,47.46,47.31,47.00,46.31,44.51,42.84,41.29,39.04,34.08,29.42,25.10,21.34,19.13,17.75,17.08,16.76,16.49,16.67,16.85,16.99,17.10,17.07,16.87,16.51,16.06,15.73,16.01,16.73,17.66,18.69,19.89,21.27,22.26,22.57,22.25,20.97,18.23,14.38,10.48,9.80,9.68,9.56,9.45,9.30,9.21,9.09,8.96,8.88,8.78,8.79,8.87,8.95,9.02,9.10,9.18,9.25,9.30,9.29,9.23
e,e,e,e,e,e,e,e,e,e,e,e,e,e,e,e,e,e,e,e,e,e,e,e,e,e,e,e,e,e,e,e,e,e,e,e,e,e,e,e,e,e,e,e,e,e,e,e,e,e,e,e,e,e,e,e,e,e,e,e,e,e,e,e,e,e,e,e,e,e,e,e,0.80,1.07,1.68,2.46,3.43,4.74,5.46,5.34,4.92,4.87,5.44,5.49,5.33,5.20,5.04,4.89,4.74,4.59,4.49,4.36,4.27,4.27,4.44,4.87,5.20,5.47,5.73,5.98,6.22,6.50,6.83,7.22,7.70,8.22,8.58,8.63,8.47,8.73,8.85,8.65,8.23,8.07,8.11,8.14,7.95,7.47,6.88,6.79,7.33,8.07,8.61,8.90,9.04,9.13,9.31,9.22,9.11,9.11,9.11,9.11,9.18,9.27,9.27,9.27,9.27,9.34,9.48,9.45,9.50,9.57,9.65,9.69,9.62,9.54,9.46,9.34,9.43,9.58,9.72,9.88,10.14,10.61,11.36,12.51,14.28,16.05,17.77,19.54,21.38,22.71,22.77,21.98,20.52,18.68,17.57,17.52,18.20,19.34,21.47,24.32,27.09,29.16,30.05,30.19,29.45,27.68,24.70,21.77,20.55,20.52,21.32,23.83,27.16,31.28,35.95,40.12,42.97,45.78,48.59,50.77,52.12,52.31,52.16,52.12,52.02,51.85,51.05,49.49,47.21,43.91,41.63,39.82,37.13,32.31,28.41,25.10,22.31,20.52,19.48,18.89,18.58,18.57,18.93,19.51,19.98,20.06,19.72,19.11,18.41,17.79,17.58,17.87,18.63,19.68,20.91,22.33,23.73,24.60,24.69,24.12,22.77,20.34,16.60,11.70,10.13,9.73,9.61,9.52,9.37,9.27,9.17,9.05,8.95,8.89,8.92,9.00,9.07,9.15,9.23,9.30,9.38,9.46,9.49,9.48
e,e,e,e,e,e,e,e,e,e,e,e,e,e,e,e,e,e,e,e,e,e,e,e,e,e,e,e,e,e,e,e,e,e,e,e,e,e,e,e,e,e,e,e,e,e,e,e,e,e,e,e,e,e,e,e,e,e,e,e,e,e,e,e,e,e,e,e,e,e,e,e,e,0.33,0.80,1.76,3.09,4.39,4.83,4.58,4.18,4.21,4.76,4.87,4.78,4.68,4.54,4.38,4.23,4.08,3.94,3.86,3.89,4.10,4.53,4.99,5.39,5.74,6.05,6.35,6.59,6.79,7.00,7.26,7.64,8.12,8.59,8.90,8.83,8.99,9.01,8.81,8.54,8.49,8.55,8.39,7.80,7.08,6.69,6.90,7.64,8.40,8.97,9.30,9.50,9.71,9.85,9.85,9.80,9.76,9.71,9.70,9.75,9.84,9.86,9.88,9.88,9.88,9.92,10.02,10.12,10.20,10.24,10.21,10.07,9.84,9.58,9.38,9.54,9.73,9.89,10.12,10.70,11.29,11.94,12.89,14.57,16.34,18.11,20.15,22.62,24.83,25.57,25.02,23.16,20.10,18.56,17.71,17.49,18.36,19.49,21.56,24.37,27.45,29.47,30.03,29.35,27.69,25.34,22.94,22.01,22.22,23.13,24.42,26.93,30.43,34.73,39.33,42.40,45.35,48.43,51.30,53.86,54.81,55.14,55.39,55.16,54.59,53.02,50.35,46.73,42.73,40.09,37.85,34.63,30.39,27.20,24.87,23.24,22.21,21.56,20.98,20.63,20.92,21.57,22.61,23.38,23.39,22.58,21.48,20.41,19.62,19.48,19.78,20.71,22.05,23.58,25.22,26.35,26.87,26.68,25.82,24.27,22.11,18.81,13.71,10.71,9.79,9.66,9.58,9.44,9.35,9.26,9.16,9.03,9.00,9.04,9.11,9.20,9.27,9.35,9.43,9.51,9.59,9.66,9.70
e,e,e,e,e,e,e,e,e,e,e,e,e,e,e,e,e,e,e,e,e,e,e,e,e,e,e,e,e,e,e,e,e,e,e,e,e,e,e,e,e,e,e,e,e,e,e,e,e,e,e,e,e,e,e,e,e,e,e,e,e,e,e,e,e,e,e,e,e,e,e,e,e,0.09,0.49,1.40,2.73,4.04,4.20,3.79,3.40,3.50,4.10,4.29,4.27,4.17,4.03,3.87,3.72,3.56,3.43,3.47,3.71,4.09,4.60,5.06,5.54,5.96,6.32,6.67,6.92,7.14,7.34,7.58,7.82,8.14,8.54,8.95,9.14,9.25,9.15,8.95,8.89,8.92,8.68,8.19,7.46,6.71,6.70,7.19,7.96,8.71,9.29,9.78,10.51,11.82,12.74,12.81,12.55,12.21,11.72,11.65,11.79,12.01,12.20,12.39,12.39,12.15,11.88,12.71,13.18,13.27,13.11,12.87,11.70,10.45,9.59,9.48,9.71,10.00,10.45,11.14,11.97,12.56,13.10,13.74,14.74,16.38,18.19,20.45,23.46,26.42,28.14,28.49,27.06,23.35,20.28,18.65,18.11,18.14,18.58,19.77,21.85,24.80,27.62,29.36,29.36,27.83,25.50,23.14,22.77,23.64,24.75,25.69,27.30,29.93,33.71,38.20,41.67,44.85,47.98,51.07,54.25,56.46,57.80,58.33,58.20,56.63,54.09,50.83,46.80,41.87,38.46,35.84,32.85,29.50,27.48,26.21,25.32,24.63,24.62,24.61,24.70,25.33,26.04,26.80,27.26,27.01,25.96,24.72,23.30,22.05,21.84,22.12,23.34,25.02,26.62,28.21,29.10,29.27,28.71,27.43,25.62,23.36,20.32,15.82,11.31,9.83,9.73,9.65,9.55,9.46,9.36,9.24,9.14,9.13,9.14,9.19,9.27,9.35,9.42,9.52,9.63,9.71,9.79,9.93
e,e,e,e,e,e,e,e,e,e,e,e,e,e,e,e,e,e,e,e,e,e,e,e,e,e,e,e,e,e,e,e,e,e,e,e,e,e,e,e,e,e,e,e,e,e,e,e,e,e,e,e,e,e,e,e,e,e,e,e,e,e,e,e,e,e,e,e,e,e,e,e,e,0.21,0.54,1.33,2.51,3.63,3.53,3.01,2.63,2.83,3.46,3.73,3.76,3.67,3.52,3.36,3.21,3.08,3.03,3.23,3.63,4.13,4.66,5.13,5.65,6.13,6.53,6.93,7.22,7.47,7.70,7.93,8.11,8.32,8.62,9.00,9.33,9.47,9.37,9.19,9.21,9.09,8.57,7.83,7.09,6.52,6.82,7.49,8.29,9.10,10.13,11.36,13.01,15.19,16.45,16.66,16.38,15.89,15.37,15.35,15.61,15.94,16.17,16.25,16.09,15.70,15.42,16.60,17.27,17.14,16.38,15.52,13.78,11.77,10.21,9.83,10.04,10.48,11.21,12.27,13.32,13.98,14.52,14.94,15.25,16.46,18.19,20.57,23.89,27.40,29.80,30.96,30.34,26.97,23.17,20.80,19.55,18.63,18.55,18.97,20.22,22.62,25.58,28.05,28.69,27.52,25.42,23.45,23.65,25.02,26.31,27.18,28.24,30.19,33.33,37.44,41.06,44.37,47.52,50.73,54.59,57.81,59.97,60.76,60.40,58.17,55.10,51.63,47.65,42.03,38.06,35.29,32.67,30.05,28.78,28.16,27.82,27.61,28.11,28.67,29.26,30.14,30.97,31.48,31.52,30.86,29.49,27.93,26.17,24.61,24.30,24.57,25.99,27.92,29.66,31.23,32.08,32.14,31.21,29.24,27.00,24.52,21.60,17.70,12.38,10.20,9.79,9.69,9.62,9.54,9.44,9.34,9.29,9.26,9.27,9.30,9.36,9.43,9.51,9.61,9.73,9.83,10.08,10.86
e,e,e,e,e,e,e,e,e,e,e,e,e,e,e,e,e,e,e,e,e,e,e,e,e,e,e,e,e,e,e,e,e,e,e,e,e,e,e,e,e,e,e,e,e,e,e,e,e,e,e,e,e,e,e,e,e,e,e,e,e,e,e,e,e,e,e,e,e,e,e,e,e,0.70,0.96,1.61,2.51,3.13,2.82,2.24,1.90,2.18,2.82,3.16,3.25,3.16,3.01,2.85,2.70,2.63,2.79,3.17,3.66,4.19,4.72,5.20,5.72,6.21,6.67,7.12,7.50,7.79,8.02,8.26,8.47,8.70,8.92,9.13,9.38,9.67,9.74,9.65,9.50,8.92,8.19,7.42,6.75,6.59,7.04,7.76,8.60,9.55,11.64,14.43,17.39,19.84,20.59,21.09,21.16,20.79,20.93,21.14,21.52,21.93,21.97,21.53,21.00,20.66,20.83,21.65,22.18,21.49,19.59,17.63,16.16,14.04,11.78,10.57,10.64,11.24,12.17,13.37,14.56,15.46,16.16,16.54,16.34,16.69,18.13,20.53,23.80,27.59,30.16,31.83,32.34,30.58,27.54,24.51,21.90,20.04,19.59,19.48,19.98,21.49,23.75,26.00,26.98,26.50,25.10,24.19,24.88,26.41,27.84,28.84,29.90,31.48,33.91,37.35,40.72,43.95,47.11,50.47,55.20,58.93,61.46,62.49,61.38,59.19,56.28,52.99,49.50,43.69,39.59,36.95,34.69,32.47,31.20,30.63,30.66,31.23,32.02,32.97,34.00,35.01,36.10,36.56,36.22,34.95,33.07,30.88,28.80,27.22,26.82,27.07,28.53,30.61,32.62,34.22,35.36,35.59,34.40,31.36,28.50,25.68,22.73,19.22,14.10,11.07,9.83,9.70,9.62,9.54,9.49,9.48,9.46,9.41,9.42,9.47,9.49,9.56,9.63,9.72,9.82,10.02,10.79,12.88
e,e,e,e,e,e,e,e,e,e,e,e,e,e,e,e,e,e,e,e,e,e,e,e,e,e,e,e,e,e,e,e,e,e,e,e,e,e,e,e,e,e,e,e,e,e,e,e,e,e,e,e,e,e,e,e,e,e,e,e,e,e,e,e,e,e,e,e,e,e,e,e,e,0.81,1.19,1.67,2.28,2.47,2.03,1.43,1.13,1.52,2.14,2.61,2.78,2.65,2.50,2.34,2.28,2.38,2.75,3.20,3.72,4.24,4.74,5.25,5.75,6.25,6.75,7.21,7.68,8.05,8.35,8.61,8.81,9.04,9.25,9.45,9.71,10.46,10.87,10.73,10.12,9.27,8.46,7.65,6.89,6.53,7.02,7.81,8.67,9.70,12.05,15.63,19.23,21.36,22.62,23.62,24.14,24.23,24.86,25.35,25.80,26.19,26.35,26.17,26.03,26.02,26.16,26.41,25.95,24.44,22.20,20.38,18.33,15.99,13.73,12.15,11.56,12.17,13.28,14.51,15.74,16.84,17.70,18.14,17.80,17.45,18.27,20.23,23.28,26.93,29.75,31.90,33.25,33.10,30.95,28.10,25.28,23.09,22.16,21.84,22.09,22.96,24.03,24.89,25.15,24.93,24.69,24.79,25.95,27.64,29.30,30.93,32.27,33.70,35.54,38.10,41.02,44.09,47.11,50.17,55.11,59.22,62.21,63.65,62.44,60.28,57.57,54.57,51.48,47.08,42.95,39.52,36.99,35.26,34.41,34.20,34.55,35.24,36.22,37.44,38.75,40.03,41.20,41.44,40.63,38.75,36.41,33.99,31.86,30.28,29.66,29.96,31.44,33.57,35.74,37.33,38.45,38.69,37.37,33.75,30.15,26.83,23.65,20.21,15.52,11.82,9.86,9.75,9.71,9.64,9.61,9.61,9.60,9.57,9.58,9.61,9.61,9.64,9.71,9.79,10.22,12.04,14.76,16.73
e,e,e,e,e,e,e,e,e,e,e,e,e,e,e,e,e,e,e,e,e,e,e,e,e,e,e,e,e,e,e,e,e,e,e,e,e,e,e,e,e,e,e,e,e,e,e,e,e,e,e,e,e,e,e,e,e,e,e,e,e,e,e,e,e,e,e,e,e,e,e,e,e,e,1.18,1.48,1.90,1.75,1.23,0.73,0.55,1.03,1.51,2.04,2.29,2.13,1.99,1.88,1.96,2.26,2.78,3.26,3.77,4.28,4.77,5.29,5.78,6.29,6.81,7.28,7.81,8.26,8.64,8.97,9.15,9.36,9.69,10.17,10.68,11.81,12.40,12.13,10.96,9.80,8.89,8.06,7.20,6.56,6.91,7.63,8.40,9.29,11.68,15.64,19.56,21.60,23.45,25.04,26.19,27.00,28.11,28.82,29.31,29.68,29.93,30.08,30.34,30.55,30.53,30.29,28.93,26.78,24.41,22.80,20.16,17.67,15.56,13.81,12.55,13.05,14.26,15.53,16.79,18.06,19.28,20.08,19.71,18.71,18.72,19.95,22.51,25.92,28.96,31.53,33.59,34.88,33.88,31.59,28.86,26.47,25.12,24.71,24.88,25.32,25.41,24.96,24.36,24.00,24.46,25.36,26.90,28.75,30.72,33.04,34.78,36.22,37.62,39.34,41.68,44.42,47.17,49.92,54.83,59.21,62.61,64.52,63.79,61.80,59.25,56.45,53.67,50.70,46.83,42.88,40.01,38.60,38.11,38.22,38.78,39.46,40.60,42.01,43.55,45.05,46.15,46.12,44.92,42.57,39.81,37.27,35.19,33.69,32.94,33.26,34.68,36.70,38.83,40.29,41.29,41.37,39.88,36.00,31.88,28.13,24.72,21.27,17.04,12.85,10.19,9.85,9.81,9.77,9.73,9.73,9.73,9.73,9.73,9.73,9.73,9.75,10.21,10.92,12.19,15.24,19.28,20.63
e,e,e,e,e,e,e,e,e,e,e,e,e,e,e,e,e,e,e,e,e,e,e,e,e,e,e,e,e,e,e,e,e,e,e,e,e,e,e,e,e,e,e,e,e,e,e,e,e,e,e,e,e,e,e,e,e,e,e,e,e,e,e,e,e,e,e,e,e,e,e,e,e,e,0.35,0.75,1.29,0.96,0.44,0.23,e,e,0.98,1.48,1.76,1.57,1.48,1.54,1.84,2.31,2.79,3.31,3.80,4.30,4.82,5.30,5.82,6.35,6.87,7.34,7.87,8.35,8.82,9.28,9.52,9.71,10.42,11.82,13.16,14.19,14.53,13.95,12.20,10.45,9.31,8.46,7.63,6.94,6.72,6.93,7.35,7.58,9.96,13.75,17.73,20.69,22.59,24.82,27.06,29.02,30.73,31.48,31.95,32.32,32.43,32.47,32.53,32.52,32.32,32.02,30.61,28.46,26.00,23.82,21.23,18.85,16.79,15.03,13.48,13.71,14.82,16.18,17.54,18.95,21.02,22.95,22.56,20.95,19.89,19.89,21.40,24.61,27.70,30.55,33.19,35.43,36.24,34.89,32.19,29.50,28.06,27.61,27.72,28.13,28.20,27.60,26.46,25.22,24.80,26.00,27.66,29.61,32.02,34.83,37.10,38.85,40.16,41.25,42.84,44.84,47.11,49.83,54.57,59.03,62.65,65.07,65.91,64.41,61.87,59.02,56.36,53.65,50.74,47.66,44.76,43.17,42.55,42.61,43.20,43.96,45.21,46.77,48.48,50.01,50.70,50.41,49.10,46.64,43.53,40.89,38.98,37.76,37.21,37.37,38.47,40.09,41.70,42.80,43.52,43.21,41.30,37.67,33.68,29.89,26.37,22.91,19.02,14.75,11.41,10.01,9.88,9.87,9.86,9.86,9.86,9.86,9.86,9.86,9.87,9.92,11.94,15.02,18.26,20.34,22.81,23.29
e,e,e,e,e,e,e,e,e,e,e,e,e,e,e,e,e,e,e,e,e,e,e,e,e,e,e,e,e,e,e,e,e,e,e,e,e,e,e,e,e,e,e,e,e,e,e,e,e,e,e,e,e,e,e,e,e,e,e,e,e,e,e,e,e,e,e,e,e,e,e,e,e,e,0.10,0.48,0.74,0.69,0.21,0.00,e,e,0.80,1.15,1.19,1.06,1.13,1.40,1.83,2.33,2.84,3.37,3.86,4.35,4.88,5.35,5.87,6.40,6.90,7.41,7.97,8.50,9.01,9.66,10.69,11.55,12.63,14.15,15.72,16.56,16.63,15.80,13.74,11.70,10.16,9.07,8.33,7.63,7.07,6.90,7.13,7.64,9.45,12.46,15.94,19.04,21.52,24.25,27.11,29.85,32.11,33.01,33.45,33.74,33.80,33.76,33.64,33.45,33.12,32.67,31.34,29.25,26.70,24.36,21.87,19.64,17.73,16.10,14.51,14.39,15.25,16.65,18.11,20.18,23.14,25.92,26.08,24.65,23.32,22.51,22.43,23.40,25.99,28.98,31.95,35.09,37.62,37.94,36.49,34.31,32.65,32.06,32.17,32.68,33.02,31.80,29.54,27.12,26.02,26.10,27.52,29.79,32.61,35.77,38.51,40.63,42.10,43.17,44.56,46.17,48.01,50.52,55.06,59.38,63.01,65.78,67.69,67.42,65.55,62.70,59.57,56.55,53.85,51.39,49.22,47.91,47.35,47.28,47.65,48.42,49.50,50.96,52.60,54.05,54.54,54.18,52.87,50.39,47.11,44.44,42.60,41.56,41.22,41.33,42.18,43.41,44.60,45.56,46.07,45.35,43.03,39.62,35.90,31.97,28.08,24.55,20.86,16.71,13.26,11.41,10.49,10.30,10.33,10.47,10.80,11.11,11.42,11.67,11.82,12.03,15.02,18.94,22.41,24.39,26.07,26.04
e,e,e,e,e,e,e,e,e,e,e,e,e,e,e,e,e,e,e,e,e,e,e,e,e,e,e,e,e,e,e,e,e,e,e,e,e,e,e,e,e,e,e,e,e,e,e,e,e,e,e,e,e,e,e,e,e,e,e,e,e,e,e,e,e,e,e,e,e,e,e,e,e,e,e,0.24,0.24,e,e,e,e,e,e,0.74,0.69,0.66,0.92,1.39,1.90,2.39,2.94,3.48,3.98,4.49,5.02,5.49,6.02,6.54,7.03,7.58,8.18,8.77,9.48,10.62,12.60,14.23,15.55,16.73,18.11,18.69,18.55,17.59,15.49,13.36,11.43,9.98,9.17,8.41,7.63,7.13,7.24,8.30,9.45,11.60,14.44,17.36,20.45,23.59,26.85,30.14,32.80,33.85,34.29,34.54,34.61,34.50,34.23,33.86,33.40,32.80,31.58,29.57,26.98,24.63,22.22,20.14,18.43,16.96,15.46,15.07,15.69,17.08,18.59,21.48,25.25,28.66,29.49,28.62,27.43,26.15,24.63,22.99,24.49,27.18,30.27,34.05,38.03,40.21,40.54,39.40,37.73,37.28,37.64,38.31,38.63,36.64,33.18,29.54,27.59,26.15,27.12,29.64,32.73,36.15,39.25,41.71,43.46,44.87,46.41,47.91,49.51,51.80,56.08,60.17,63.70,66.67,69.33,70.58,69.68,66.89,63.18,59.65,56.78,54.69,53.46,52.59,52.16,51.99,52.12,52.86,53.70,54.93,56.43,57.77,58.17,57.84,56.60,54.17,50.85,48.13,46.29,45.34,45.16,45.25,45.91,46.83,47.69,48.54,48.83,47.74,45.07,41.83,38.36,34.25,29.89,26.14,22.52,18.60,15.32,13.30,11.46,11.04,11.19,11.59,12.31,12.98,13.66,14.23,14.59,15.03,18.47,22.38,25.38,27.68,28.96,28.65
e,e,e,e,e,e,e,e,e,e,e,e,e,e,e,e,e,e,e,e,e,e,e,e,e,e,e,e,e,e,e,e,e,e,e,e,e,e,e,e,e,e,e,e,e,e,e,e,e,e,e,e,e,e,e,e,e,e,e,e,e,e,e,e,e,e,e,e,e,e,e,e,e,e,e,e,e,e,e,e,e,e,e,e,0.50,0.55,0.98,1.55,2.10,2.64,3.24,3.79,4.34,4.90,5.44,5.97,6.54,7.10,7.64,8.23,8.80,9.52,10.97,13.73,16.07,17.69,18.67,19.14,19.64,19.87,19.76,19.13,17.59,15.58,13.65,11.82,10.15,9.01,7.99,7.28,7.19,8.25,9.33,11.34,14.05,16.95,19.81,23.12,26.73,30.28,32.83,33.89,34.51,34.98,35.13,35.02,34.62,34.04,33.38,32.70,31.52,29.61,27.09,24.66,22.17,20.15,18.58,17.27,15.95,15.69,16.35,17.68,19.09,22.45,26.68,30.36,31.34,31.05,30.28,29.22,27.74,25.65,24.54,25.45,28.34,31.75,36.27,39.82,41.92,42.43,41.92,42.93,44.48,45.28,43.84,41.24,37.39,32.84,29.04,26.92,27.30,29.34,32.35,35.77,38.93,41.46,43.43,45.59,47.73,49.77,51.75,54.00,57.84,61.73,65.11,67.92,70.92,73.63,73.78,71.25,67.44,63.67,60.37,58.09,57.36,56.77,56.48,56.39,56.57,57.26,58.04,59.11,60.45,61.81,62.16,61.98,60.93,58.60,55.44,52.58,50.56,49.48,49.19,49.26,49.90,50.77,51.47,51.98,51.88,50.57,47.87,44.59,41.06,36.76,32.00,27.52,23.69,20.12,17.13,14.97,12.92,12.45,12.98,13.94,14.67,15.36,16.13,16.84,17.42,18.27,20.98,24.12,27.03,29.85,30.81,30.54
e,e,e,e,e,e,e,e,e,e,e,e,e,e,e,e,e,e,e,e,e,e,e,e,e,e,e,e,e,e,e,e,e,e,e,e,e,e,e,e,e,e,e,e,e,e,e,e,e,e,e,e,e,e,e,e,e,e,e,e,e,e,e,e,e,e,e,e,e,e,e,e,e,e,e,e,e,e,e,e,e,e,e,1.10,1.05,1.09,1.53,2.08,2.63,3.18,3.76,4.31,4.89,5.46,6.00,6.57,7.16,7.72,8.28,8.93,9.94,11.55,13.88,16.85,18.59,19.69,20.27,20.39,20.49,20.53,20.41,20.04,19.14,17.62,15.69,13.47,11.15,9.49,8.28,7.39,7.12,8.15,9.21,11.13,13.74,16.58,19.30,22.69,26.47,30.13,32.61,33.69,34.40,34.97,35.14,35.04,34.58,33.92,33.18,32.50,31.32,29.43,26.96,24.45,21.94,19.99,18.52,17.32,16.32,16.20,16.84,18.08,19.37,23.06,27.55,31.42,32.86,32.95,32.38,31.45,30.11,28.09,25.86,25.27,26.85,29.66,33.71,38.17,41.92,43.70,44.66,46.55,48.46,49.18,47.50,44.63,40.67,35.77,30.48,27.84,27.57,28.93,31.54,34.81,37.89,40.42,42.58,45.23,47.91,50.51,53.06,55.69,59.33,63.14,66.61,69.63,72.93,76.31,77.37,75.86,73.02,69.42,66.06,63.70,62.84,62.14,61.83,61.78,62.00,62.65,63.36,64.16,65.09,66.11,66.37,66.30,65.60,63.84,61.18,58.50,56.29,54.80,54.25,54.15,54.52,55.08,55.52,55.75,55.08,53.30,50.42,47.06,43.27,38.79,33.82,28.86,24.64,21.00,18.09,15.98,13.93,13.43,14.19,15.61,16.67,17.74,18.84,19.80,20.52,21.31,23.09,25.50,28.39,31.64,32.40,31.83
e,e,e,e,e,e,e,e,e,e,e,e,e,e,e,e,e,e,e,e,e,e,e,e,e,e,e,e,e,e,e,e,e,e,e,e,e,e,e,e,e,e,e,e,e,e,e,e,e,e,e,e,e,e,e,e,e,e,e,e,e,e,e,e,e,e,e,e,e,e,e,e,e,e,e,e,e,e,e,e,e,e,e,1.22,1.52,2.12,2.49,2.93,3.42,3.96,4.49,5.04,5.58,6.13,6.67,7.28,7.84,8.37,8.93,9.72,11.50,14.40,17.50,19.49,20.06,20.39,20.62,20.72,20.86,20.84,20.69,20.46,20.15,19.32,17.44,14.90,12.14,9.90,8.50,7.51,7.08,8.08,9.10,10.94,13.43,16.16,18.88,22.30,26.08,29.71,32.21,33.33,34.06,34.61,34.73,34.60,34.15,33.52,32.84,32.21,30.99,29.08,26.60,24.07,21.59,19.72,18.36,17.28,16.70,16.65,17.20,18.31,19.51,23.40,27.98,32.00,34.14,34.50,33.99,33.15,32.06,30.41,28.17,26.40,25.99,27.99,30.84,35.67,40.77,43.50,45.95,48.21,49.86,50.40,49.71,46.84,42.95,38.09,31.83,28.77,27.89,28.46,30.44,33.41,36.27,38.76,41.05,43.86,46.96,50.09,53.22,56.49,60.28,64.12,67.78,71.23,74.81,78.38,80.25,80.26,79.13,76.13,73.22,71.03,69.72,68.71,68.29,68.18,68.31,68.70,69.17,69.58,69.99,70.47,70.66,70.69,70.41,69.46,67.49,65.22,62.86,60.80,59.86,59.45,59.37,59.43,59.47,59.40,58.06,55.69,52.52,49.09,44.89,40.21,35.23,30.07,25.38,21.37,18.34,16.44,14.50,14.02,14.88,16.59,18.22,19.98,21.66,23.03,23.84,24.21,25.01,26.77,29.69,32.95,33.30,31.94
e,e,e,e,e,e,e,e,e,e,e,e,e,e,e,e,e,e,e,e,e,e,e,e,e,e,e,e,e,e,e,e,e,e,e,e,e,e,e,e,e,e,e,e,e,e,e,e,e,e,e,e,e,e,e,e,e,e,e,e,e,e,e,e,e,e,e,e,e,e,e,e,e,e,e,e,e,e,e,e,e,0.33,1.16,1.88,2.42,3.21,3.68,4.07,4.45,4.87,5.37,5.90,6.45,6.99,7.53,8.09,8.65,9.11,9.69,10.97,13.23,16.17,18.83,20.04,20.42,20.69,20.91,21.05,21.23,21.25,21.11,20.90,20.70,20.16,18.66,16.20,12.97,10.31,8.84,7.77,7.14,7.94,8.96,10.71,13.07,15.84,18.63,22.02,25.62,29.04,31.68,32.84,33.52,34.00,34.06,33.83,33.38,32.86,32.35,31.78,30.47,28.51,26.06,23.57,21.14,19.43,18.38,17.78,17.55,17.44,17.71,18.56,19.87,23.65,28.09,32.17,35.01,35.98,35.72,35.42,35.57,34.31,30.89,27.98,26.81,27.36,29.22,33.19,38.11,42.07,44.93,47.75,49.91,50.79,50.35,47.81,43.96,38.92,32.63,29.29,28.12,28.25,29.38,31.67,34.22,36.64,38.84,41.10,44.55,48.02,51.26,54.65,59.39,63.38,66.79,70.02,73.58,78.14,81.17,82.24,82.20,80.54,79.13,78.14,77.35,76.73,76.34,75.85,75.07,73.90,73.15,73.00,73.34,74.01,74.63,74.82,74.50,73.56,71.95,69.97,67.69,65.38,63.72,62.93,62.59,62.31,61.79,60.91,59.11,56.53,53.34,49.95,45.33,40.40,35.51,30.65,25.74,21.53,18.44,16.60,14.88,14.57,15.51,17.23,19.00,21.50,24.09,26.25,27.37,27.36,27.21,28.57,31.43,32.65,30.72,27.16
e,e,e,e,e,e,e,e,e,e,e,e,e,e,e,e,e,e,e,e,e,e,e,e,e,e,e,e,e,e,e,e,e,e,e,e,e,e,e,e,e,e,e,e,e,e,e,e,e,e,e,e,e,e,e,e,e,e,e,e,e,e,e,e,e,e,e,e,e,e,e,e,e,e,e,e,e,e,e,e,e,0.72,1.57,2.50,3.44,4.29,4.90,5.27,5.58,5.92,6.34,6.83,7.33,7.83,8.30,8.76,9.22,9.60,10.18,11.83,14.19,16.88,19.13,20.09,20.47,20.77,21.04,21.25,21.52,21.65,21.58,21.39,21.18,20.72,19.67,17.63,14.43,11.34,9.49,8.19,7.39,7.72,8.70,10.49,12.87,15.58,18.41,21.72,25.15,28.35,31.07,32.31,32.95,33.31,33.29,32.98,32.58,32.20,31.85,31.28,29.87,27.86,25.45,23.02,20.73,19.29,18.66,18.56,18.53,18.31,18.34,19.02,20.73,24.42,28.66,32.74,36.07,37.52,37.47,37.60,38.70,37.87,34.19,30.45,28.06,27.52,28.45,31.17,35.38,40.45,43.73,46.97,49.62,50.93,50.76,48.51,44.61,39.34,33.16,29.62,28.46,28.54,29.13,30.35,32.81,35.36,37.51,39.51,42.70,45.94,48.99,52.25,57.21,61.55,65.06,68.05,71.60,76.92,80.95,83.05,84.11,83.84,83.62,83.48,83.16,82.87,82.55,81.89,80.59,78.47,76.79,76.15,76.44,77.44,78.59,78.95,78.56,77.41,75.62,73.65,71.32,68.76,66.61,65.30,64.45,63.69,62.64,61.20,59.11,56.46,53.36,49.98,44.96,39.91,35.23,30.72,25.79,21.59,18.56,16.83,15.31,15.10,16.03,17.68,19.47,22.57,25.98,29.05,31.01,31.08,30.72,31.31,32.16,29.25,26.14,22.40
e,e,e,e,e,e,e,e,e,e,e,e,e,e,e,e,e,e,e,e,e,e,e,e,e,e,e,e,e,e,e,e,e,e,e,e,e,e,e,e,e,e,e,e,e,e,e,e,e,e,e,e,e,e,e,e,e,e,e,e,e,e,e,e,e,e,e,e,e,e,e,e,e,e,e,e,e,e,e,0.55,0.82,1.62,2.57,3.51,4.43,5.31,6.02,6.40,6.70,7.01,7.34,7.73,8.14,8.53,8.86,9.14,9.42,9.68,10.25,11.95,13.98,16.31,18.50,19.93,20.35,20.64,20.95,21.26,21.68,21.98,22.06,21.95,21.69,21.15,20.50,19.23,16.77,13.28,10.60,8.87,7.93,7.46,8.35,10.37,12.90,15.44,18.18,21.42,24.69,27.71,30.41,31.74,32.36,32.58,32.44,32.15,31.83,31.58,31.37,30.73,29.25,27.20,24.80,22.44,20.44,19.46,19.33,19.65,19.61,19.25,19.10,19.80,22.27,25.96,29.97,33.97,37.53,39.21,39.35,39.64,40.95,40.55,38.14,34.05,29.65,28.57,28.58,29.84,33.03,38.83,42.80,46.29,49.16,50.91,51.17,49.12,45.09,39.55,33.45,29.81,29.05,29.64,30.21,30.05,32.71,35.65,37.82,40.05,42.16,44.47,47.00,49.88,53.83,58.69,62.88,65.81,69.44,74.93,79.59,82.78,85.02,86.04,86.38,86.38,86.21,85.97,85.78,85.33,84.28,82.35,80.42,79.46,79.64,80.93,82.60,83.14,82.72,81.33,78.70,76.37,73.69,70.77,68.50,66.46,64.78,63.31,61.84,60.30,58.08,55.46,52.53,49.07,43.74,38.78,34.48,30.23,25.57,21.61,18.80,17.25,15.92,15.62,16.41,17.96,19.66,23.17,27.18,31.22,34.67,35.46,35.83,35.01,31.19,22.16,19.84,18.96
e,e,e,e,e,e,e,e,e,e,e,e,e,e,e,e,e,e,e,e,e,e,e,e,e,e,e,e,e,e,e,e,e,e,e,e,e,e,e,e,e,e,e,e,e,e,e,e,e,e,e,e,e,e,e,e,e,e,e,e,e,e,e,e,e,e,e,e,e,e,e,e,e,e,e,e,e,e,0.90,1.22,1.67,2.59,3.51,4.28,5.07,5.83,6.09,6.25,6.44,6.67,6.91,7.23,7.72,8.19,8.54,8.86,9.17,9.46,9.90,10.96,12.85,15.13,17.43,19.31,20.11,20.49,20.79,21.15,21.52,21.88,22.20,22.39,22.20,21.72,21.15,20.29,18.65,15.65,12.64,10.45,9.18,8.42,9.21,11.08,13.42,15.79,18.26,21.38,24.73,27.89,30.24,31.36,31.80,31.90,31.84,31.57,31.29,31.08,30.88,30.26,29.04,27.20,24.88,22.58,20.84,20.55,21.20,21.76,21.45,20.63,20.13,20.87,23.98,27.75,31.67,35.58,39.29,42.19,43.16,43.36,43.64,42.91,41.16,37.98,33.73,30.39,29.23,29.57,31.87,37.13,41.37,45.26,48.60,50.90,51.58,49.50,45.30,39.67,33.71,30.28,30.82,33.04,34.63,35.31,37.45,39.74,41.50,42.87,44.59,46.26,47.94,50.03,53.03,57.23,61.37,64.80,68.54,73.47,78.12,81.86,84.51,87.14,88.59,89.14,89.19,88.99,89.03,88.91,88.17,86.34,84.46,83.50,83.59,84.67,86.41,87.27,87.25,86.13,83.05,79.61,75.90,72.20,69.29,66.83,64.56,62.54,60.84,59.03,56.68,54.07,51.08,47.13,42.34,37.89,33.94,30.18,26.11,22.37,19.57,18.01,16.73,16.12,16.66,18.10,19.72,23.44,27.95,32.77,37.17,38.20,38.52,35.35,27.59,19.11,17.60,17.39
e,e,e,e,e,e,e,e,e,e,e,e,e,e,e,e,e,e,e,e,e,e,e,e,e,e,e,e,e,e,e,e,e,e,e,e,e,e,e,e,e,e,e,e,e,e,e,e,e,e,e,e,e,e,e,e,e,e,e,e,e,e,e,e,e,e,e,e,e,e,e,e,e,e,e,e,e,e,0.93,1.51,2.38,3.24,4.10,4.78,5.45,5.97,5.69,5.55,5.60,5.76,5.95,6.32,6.93,7.52,7.90,8.29,8.68,9.03,9.36,9.80,11.40,13.38,15.59,17.92,19.47,20.20,20.61,20.95,21.27,21.63,22.15,22.64,22.66,22.38,21.87,21.24,20.28,18.01,15.08,12.63,11.03,10.20,10.82,12.30,14.26,16.55,18.82,21.76,25.11,28.34,30.20,31.00,31.24,31.27,31.33,31.11,30.86,30.64,30.37,29.75,28.78,27.25,25.20,23.13,22.00,22.43,23.58,24.16,23.52,22.22,21.40,22.16,25.66,29.53,33.48,37.43,41.32,45.34,47.30,47.45,46.35,45.20,43.84,41.63,38.11,33.21,30.82,30.11,31.39,35.69,39.85,44.04,47.87,50.81,52.06,49.85,45.45,39.80,34.15,31.36,33.31,37.02,39.60,41.47,43.22,44.81,46.03,46.51,47.86,48.99,49.95,51.34,53.52,56.82,60.57,64.31,67.95,72.06,76.45,80.54,83.48,87.53,90.13,91.46,92.05,92.07,92.40,92.66,92.31,90.70,89.09,88.22,88.11,88.76,90.13,91.00,91.13,90.08,86.79,82.33,77.70,73.37,69.78,67.03,64.42,61.98,59.90,57.80,55.36,52.74,49.72,45.51,41.46,37.65,34.12,30.95,27.46,23.95,20.94,18.86,17.56,16.69,16.93,18.17,19.68,23.32,28.15,33.56,38.59,39.82,40.00,34.71,23.95,17.69,16.65,16.51
e,e,e,e,e,e,e,e,e,e,e,e,e,e,e,e,e,e,e,e,e,e,e,e,e,e,e,e,e,e,e,e,e,e,e,e,e,e,e,e,e,e,e,e,e,e,e,e,e,e,e,e,e,e,e,e,e,e,e,e,e,e,e,e,e,e,e,e,e,e,e,e,e,e,e,e,e,0.56,1.04,1.64,2.30,2.95,3.84,4.70,5.33,5.46,4.74,4.28,4.20,4.37,4.64,5.32,6.07,6.69,7.08,7.46,7.85,8.23,8.60,9.00,9.71,10.56,12.05,14.85,17.84,19.56,20.37,20.64,20.95,21.27,21.82,22.52,23.02,23.18,22.89,22.35,21.55,20.00,17.90,15.73,13.95,13.25,13.55,14.25,15.60,18.08,20.45,23.05,26.04,28.98,30.15,30.56,30.67,30.72,30.88,30.76,30.54,30.27,29.85,29.09,28.12,27.00,25.67,24.24,24.71,25.69,26.49,26.61,25.69,24.07,23.07,23.84,27.13,31.05,35.31,39.66,43.83,48.03,50.94,51.36,48.81,47.49,46.24,44.30,41.48,38.10,34.52,32.05,31.82,35.04,38.46,42.55,46.80,50.56,52.72,50.34,45.63,40.01,35.06,33.89,36.85,40.93,43.64,46.05,48.23,49.74,50.43,50.73,51.22,51.90,52.76,53.91,55.54,58.16,61.20,64.30,67.29,70.42,74.31,78.58,82.11,86.83,90.28,92.73,94.67,95.36,96.06,96.75,97.00,95.98,95.04,94.21,93.62,93.59,93.78,93.77,93.04,91.11,88.04,83.35,78.57,74.22,70.23,67.37,64.90,62.25,59.24,56.98,54.49,51.87,49.02,45.42,42.06,38.91,36.04,33.56,30.42,27.18,23.51,19.73,18.32,17.46,17.40,18.15,19.45,22.41,27.12,32.77,37.95,39.68,40.00,33.88,22.06,17.64,16.26,16.12
e,e,e,e,e,e,e,e,e,e,e,e,e,e,e,e,e,e,e,e,e,e,e,e,e,e,e,e,e,e,e,e,e,e,e,e,e,e,e,e,e,e,e,e,e,e,e,e,e,e,e,e,e,e,e,e,e,e,e,e,e,e,e,e,e,e,e,e,e,e,e,e,e,e,e,e,e,0.55,0.85,1.43,2.20,2.94,3.88,4.74,5.07,4.66,3.78,3.06,2.82,3.04,3.59,4.43,5.26,5.91,6.29,6.64,7.02,7.41,7.80,8.22,8.68,9.17,10.08,11.97,14.46,16.98,19.03,20.24,20.55,20.91,21.37,21.87,22.34,22.87,23.25,23.39,23.12,22.20,20.41,18.37,16.68,16.17,16.23,16.46,17.31,19.56,22.30,24.82,27.11,28.91,29.34,29.56,29.72,29.85,29.91,29.77,29.51,29.21,28.98,28.95,28.49,27.78,26.97,26.27,27.49,28.87,29.62,29.23,27.70,25.86,24.55,24.74,27.76,31.59,35.88,40.47,45.13,49.73,53.48,55.26,54.28,53.02,50.07,47.06,44.52,41.69,37.89,34.71,33.25,34.68,37.55,41.40,45.76,50.13,53.18,50.77,45.81,40.20,35.98,35.91,39.17,43.33,46.57,49.68,52.16,53.68,54.24,54.48,54.69,55.04,55.64,56.64,58.08,60.28,62.74,65.07,67.23,69.71,73.25,77.40,80.86,85.41,89.37,92.71,95.60,97.50,99.78,102.05,103.57,103.12,101.78,100.16,98.54,97.17,96.07,94.86,93.29,91.04,87.76,83.04,78.69,75.09,71.67,68.91,66.48,63.85,60.77,58.46,56.05,53.33,50.26,47.02,44.42,41.91,39.54,37.58,34.42,30.76,26.44,21.78,19.33,18.25,17.91,18.17,19.26,21.47,25.94,31.59,36.71,39.39,40.00,35.35,25.68,19.16,17.07,16.91
e,e,e,e,e,e,e,e,e,e,e,e,e,e,e,e,e,e,e,e,e,e,e,e,e,e,e,e,e,e,e,e,e,e,e,e,e,e,e,e,e,e,e,e,e,e,e,e,e,e,e,e,e,e,e,e,e,e,e,e,e,e,e,e,e,e,e,e,e,e,e,e,e,e,e,e,e,e,0.58,1.22,2.18,3.10,4.08,4.72,4.63,3.73,2.80,1.88,1.53,1.83,2.67,3.58,4.46,5.13,5.50,5.83,6.21,6.60,7.00,7.45,7.92,8.39,8.91,9.60,10.93,13.83,17.00,19.31,19.73,20.16,20.53,20.80,21.07,21.83,22.83,23.68,23.97,23.69,22.36,20.82,19.66,19.41,19.35,19.26,19.63,21.32,24.11,26.35,27.72,28.13,27.96,28.16,28.50,28.78,28.80,28.71,28.49,28.34,28.62,29.88,29.94,29.36,28.70,28.76,30.34,32.01,32.85,31.99,29.82,27.75,26.07,25.50,27.94,31.46,35.70,40.48,45.72,50.80,55.23,58.50,59.82,58.86,54.48,50.40,47.73,44.81,41.11,37.63,35.12,34.68,37.04,40.58,44.88,49.66,53.50,51.16,46.04,40.48,36.92,37.43,40.64,44.83,48.89,52.88,55.65,57.28,57.94,58.15,58.29,58.41,58.73,59.64,61.04,63.00,65.01,66.68,68.00,69.83,72.89,76.67,79.76,83.83,88.06,92.09,95.70,98.88,102.93,106.88,109.65,109.76,107.88,105.34,102.61,99.77,97.47,95.12,92.84,90.50,86.94,82.51,78.92,76.38,74.06,71.73,69.36,66.66,63.49,61.12,58.77,55.93,52.61,49.59,47.66,45.70,43.65,41.79,38.33,34.03,29.18,24.17,20.58,19.13,18.51,18.36,19.17,20.68,24.79,30.25,35.21,38.90,39.93,37.64,31.58,23.21,20.55,19.93
e,e,e,e,e,e,e,e,e,e,e,e,e,e,e,e,e,e,e,e,e,e,e,e,e,e,e,e,e,e,e,e,e,e,e,e,e,e,e,e,e,e,e,e,e,e,e,e,e,e,e,e,e,e,e,e,e,e,e,e,e,e,e,e,e,e,e,e,e,e,e,e,e,e,e,e,e,0.26,0.75,1.56,2.53,3.46,4.35,4.32,3.71,2.77,1.79,0.86,0.55,0.93,1.83,2.76,3.63,4.31,4.69,5.06,5.43,5.85,6.29,6.70,7.15,7.68,8.26,8.87,9.70,11.59,14.07,16.45,17.32,17.93,18.41,18.81,19.21,19.77,20.46,21.09,21.57,22.10,22.64,23.27,23.88,24.13,24.25,23.97,23.70,24.15,25.44,26.21,26.25,25.73,25.55,26.14,26.85,27.47,28.00,28.45,28.75,29.33,30.86,33.98,33.94,32.33,30.79,31.48,33.33,35.18,36.09,34.98,32.62,30.20,28.14,26.93,27.61,30.33,34.52,39.73,45.52,50.95,55.74,59.26,60.73,60.63,58.82,55.90,52.20,48.24,44.27,40.36,37.05,35.61,37.30,40.52,44.59,49.27,53.64,51.46,46.45,41.13,37.92,37.91,40.78,45.31,50.66,55.90,59.18,61.18,62.17,62.23,62.22,62.29,62.59,63.36,64.78,66.72,68.70,70.30,71.03,71.69,73.56,76.42,79.06,82.72,86.87,91.13,95.27,99.13,103.72,107.88,110.71,111.50,110.22,107.64,104.28,100.58,97.57,94.89,92.41,89.86,86.47,83.24,80.83,79.33,78.45,77.60,75.55,72.00,67.28,64.65,62.07,59.22,56.16,53.26,51.47,49.73,47.54,44.44,40.23,35.56,30.69,25.93,22.34,20.32,19.36,19.15,19.45,20.49,24.02,28.91,33.62,37.84,39.58,39.37,37.51,34.67,32.44,29.72
e,e,e,e,e,e,e,e,e,e,e,e,e,e,e,e,e,e,e,e,e,e,e,e,e,e,e,e,e,e,e,e,e,e,e,e,e,e,e,e,e,e,e,e,e,e,e,e,e,e,e,e,e,e,e,e,e,e,e,e,e,e,e,e,e,e,e,e,e,e,e,e,e,e,e,0.30,0.35,0.47,1.10,1.99,2.93,3.70,4.13,3.62,2.75,1.92,1.33,0.41,0.13,0.52,1.07,1.90,2.79,3.48,3.86,4.25,4.66,5.09,5.56,6.01,6.53,7.13,7.75,8.39,8.98,10.12,11.68,13.35,14.32,15.01,15.53,15.97,16.40,16.86,17.36,17.86,18.42,19.26,20.37,21.67,22.83,23.09,23.19,22.85,22.43,22.52,23.18,23.44,23.29,23.00,23.34,24.43,25.88,27.43,28.93,30.43,31.71,33.15,35.24,38.08,37.65,35.41,33.31,34.44,36.38,38.13,38.94,37.95,35.81,33.23,30.77,28.87,28.16,29.77,33.58,38.91,44.63,49.61,54.52,58.63,60.89,61.69,61.35,59.56,56.24,52.00,47.68,43.18,39.14,36.95,37.65,40.47,44.41,49.05,53.73,51.86,47.23,42.26,39.10,38.61,41.19,45.82,51.76,57.88,62.07,64.84,66.34,66.44,66.38,66.39,66.63,67.42,68.88,70.87,72.84,74.26,74.54,74.50,75.23,76.90,79.12,82.48,86.50,90.75,94.89,98.87,103.67,108.11,111.31,112.57,111.30,108.54,104.96,100.99,97.61,94.57,91.89,89.51,86.82,84.44,82.71,81.68,81.33,80.97,79.50,76.71,72.58,68.36,65.05,61.99,58.90,56.01,53.80,51.82,49.35,45.35,40.63,35.81,31.22,27.15,23.78,21.40,20.21,19.96,20.02,21.08,24.03,28.11,32.41,36.70,39.10,40.09,40.12,39.97,38.66,35.82
e,e,e,e,e,e,e,e,e,e,e,e,e,e,e,e,e,e,e,e,e,e,e,e,e,e,e,e,e,e,e,e,e,e,e,e,e,e,e,e,e,e,e,e,e,e,e,e,e,e,e,e,e,e,e,e,e,e,e,e,e,e,e,e,e,e,e,e,e,e,e,e,e,e,e,0.35,0.43,0.81,1.57,2.45,3.27,3.77,3.50,2.72,1.86,1.17,e,e,e,e,0.40,1.07,1.92,2.64,3.04,3.43,3.88,4.35,4.84,5.38,6.04,6.68,7.32,7.99,8.56,9.27,9.92,10.47,11.25,11.87,12.33,12.70,13.07,13.49,13.94,14.39,14.93,15.64,16.27,17.05,17.81,17.78,17.74,17.47,17.28,17.71,18.51,19.06,19.58,20.29,21.45,23.13,25.52,28.36,31.15,34.02,36.44,38.62,40.62,41.72,40.76,38.33,36.05,37.37,39.27,40.73,41.35,40.73,39.05,36.47,33.64,31.09,29.46,29.84,32.98,38.09,43.23,47.23,52.02,56.92,60.64,62.27,62.43,61.60,59.58,55.69,51.06,45.97,41.30,38.50,38.09,40.48,44.34,48.96,53.72,52.38,48.39,43.89,40.65,39.81,42.12,46.54,52.34,58.80,64.07,67.91,70.11,70.53,70.58,70.60,70.86,71.80,73.34,75.41,77.32,78.44,78.45,78.05,77.82,78.23,80.05,83.13,86.95,90.92,94.70,98.42,103.28,108.11,111.90,113.42,111.64,108.56,105.00,101.19,97.69,94.25,91.37,89.38,87.66,85.79,84.31,83.35,82.80,82.17,81.38,80.36,78.25,71.94,67.59,64.11,60.73,57.70,54.75,52.17,49.28,44.79,39.86,35.07,30.97,27.83,24.80,22.33,21.03,20.76,20.81,22.27,24.73,27.88,31.63,35.73,38.64,40.07,40.17,40.09,39.85,38.27
e,e,e,e,e,e,e,e,e,e,e,e,e,e,e,e,e,e,e,e,e,e,e,e,e,e,e,e,e,e,e,e,e,e,e,e,e,e,e,e,e,e,e,e,e,e,e,e,e,e,e,e,e,e,e,e,e,e,e,e,e,e,e,e,e,e,e,e,e,e,e,e,e,0.01,0.30,0.60,0.76,1.19,2.00,2.77,3.29,3.37,2.71,1.83,1.30,1.04,e,e,e,e,0.27,0.43,1.07,1.79,2.26,2.66,3.14,3.71,4.31,4.91,5.59,6.24,6.88,7.56,8.16,8.75,9.21,9.49,9.88,10.15,10.36,10.55,10.74,10.95,11.17,11.40,11.66,11.99,12.33,12.93,13.67,13.91,14.06,14.06,14.20,14.88,15.79,16.56,17.48,18.74,20.33,22.70,25.66,29.15,33.20,37.22,39.81,41.60,43.12,43.80,42.47,40.15,38.23,39.18,40.93,42.35,43.02,42.48,40.79,38.37,35.66,33.02,31.12,30.77,33.05,37.30,41.66,45.38,49.39,54.31,59.76,61.84,63.10,62.97,61.05,57.66,53.11,48.03,43.15,39.60,38.80,41.00,44.65,48.95,53.38,53.25,50.33,46.37,43.56,42.68,44.43,47.97,52.68,58.12,63.68,68.50,71.92,73.41,74.01,74.57,75.45,76.90,78.67,80.63,82.28,83.18,83.22,82.47,81.70,81.54,82.87,85.43,88.51,91.82,95.27,98.73,103.93,108.99,112.72,114.32,112.14,108.69,105.02,101.41,97.87,94.28,91.26,89.27,87.78,86.30,85.11,84.28,83.59,82.89,82.17,81.32,79.55,74.04,69.14,64.93,61.17,57.64,54.17,50.96,47.49,42.82,38.20,33.69,29.99,27.50,25.05,22.95,21.78,21.55,21.89,23.69,26.00,28.60,31.73,35.91,38.73,40.07,40.18,40.16,39.97,38.18
e,e,e,e,e,e,e,e,e,e,e,e,e,e,e,e,e,e,e,e,e,e,e,e,e,e,e,e,e,e,e,e,e,e,e,e,e,e,e,e,e,e,e,e,e,e,e,e,e,e,e,e,e,e,e,e,e,e,e,e,e,e,e,e,e,e,e,e,e,e,e,e,e,0.17,0.45,0.80,1.15,1.58,2.30,2.88,3.10,2.72,1.84,1.19,0.80,e,e,e,e,e,e,0.00,0.57,1.22,1.53,1.99,2.53,3.15,3.83,4.46,5.14,5.79,6.43,7.12,7.75,8.29,8.69,8.93,9.08,9.11,9.12,9.14,9.20,9.30,9.41,9.52,9.62,9.72,9.88,10.29,10.88,11.25,11.46,11.60,11.92,12.71,13.85,15.02,16.36,17.98,19.82,22.72,26.07,29.91,34.71,39.16,41.88,43.67,45.16,45.74,44.18,41.94,40.28,40.81,42.32,43.74,44.52,44.04,42.20,39.95,37.48,34.92,32.83,31.66,33.09,36.58,40.07,43.45,46.96,51.70,57.88,61.03,63.37,63.85,62.09,59.07,54.82,50.04,45.26,41.31,39.88,41.59,44.82,48.71,52.79,54.26,52.66,49.26,46.99,46.19,47.36,49.80,53.07,57.35,62.66,67.90,72.27,74.94,76.82,78.49,80.25,82.30,84.36,86.25,87.73,88.55,88.52,87.55,86.41,85.80,86.71,88.69,91.11,93.84,96.97,100.46,105.64,110.42,113.76,115.56,113.11,109.36,105.52,101.89,98.22,94.48,91.23,88.89,87.20,85.77,84.72,83.96,83.27,82.75,82.13,81.33,79.70,75.03,69.83,64.91,60.48,56.50,52.68,48.98,45.07,40.44,36.17,32.19,28.99,26.90,24.92,23.39,22.52,22.37,22.96,24.85,26.99,29.32,32.34,36.73,39.14,40.12,40.23,40.15,39.62,37.49
e,e,e,e,e,e,e,e,e,e,e,e,e,e,e,e,e,e,e,e,e,e,e,e,e,e,e,e,e,e,e,e,e,e,e,e,e,e,e,e,e,e,e,e,e,e,e,e,e,e,e,e,e,e,e,e,e,e,e,e,e,e,e,e,e,e,e,e,e,e,e,e,0.26,0.49,0.79,1.14,1.52,1.97,2.42,2.74,2.66,1.88,0.95,0.69,e,e,e,e,e,e,e,e,e,e,0.85,1.44,2.06,2.71,3.38,4.01,4.70,5.34,5.99,6.67,7.29,7.80,8.20,8.48,8.63,8.66,8.60,8.51,8.53,8.66,8.85,9.04,9.18,9.32,9.43,9.57,9.75,9.93,9.99,10.06,10.32,11.08,12.58,14.38,16.21,18.04,19.97,23.18,26.72,30.63,35.45,39.45,42.48,45.05,47.19,47.81,46.17,43.94,42.28,42.44,43.65,45.05,45.98,45.60,43.55,41.45,39.25,36.81,34.53,32.36,33.01,35.92,38.47,41.33,44.81,49.26,54.80,59.91,63.14,64.20,63.02,60.11,56.33,52.11,47.82,43.96,41.52,42.27,44.80,48.17,51.94,55.26,55.21,52.53,50.80,50.18,50.84,52.08,53.67,56.93,61.36,66.26,71.07,74.89,78.85,82.25,85.17,87.85,90.25,92.19,93.71,94.63,94.29,93.22,91.85,90.83,91.44,92.87,94.89,97.28,100.14,104.00,108.62,112.48,115.14,117.22,114.70,110.76,106.68,102.72,98.76,94.84,91.23,88.21,85.93,84.12,82.89,82.14,81.63,81.52,81.19,80.56,79.15,74.69,69.42,63.89,58.52,54.25,50.23,46.27,42.19,37.82,33.86,30.66,28.13,26.20,24.52,23.71,23.31,23.24,23.97,25.61,27.45,29.83,33.52,38.10,39.81,40.25,40.33,40.08,38.91,36.59
e,e,e,e,e,e,e,e,e,e,e,e,e,e,e,e,e,e,e,e,e,e,e,e,e,e,e,e,e,e,e,e,e,e,e,e,e,e,e,e,e,e,e,e,e,e,e,e,e,e,e,e,e,e,e,e,e,e,e,e,e,e,e,e,e,e,e,e,e,e,0.30,0.37,0.47,0.75,1.03,1.31,1.63,1.96,2.27,2.27,1.84,1.05,0.69,0.50,e,e,e,e,e,e,e,e,e,e,0.54,1.10,1.68,2.29,2.94,3.57,4.25,4.90,5.54,6.22,6.80,7.27,7.68,8.02,8.14,8.20,8.13,8.03,8.09,8.26,8.45,8.63,8.79,8.94,9.07,9.19,9.31,9.46,9.59,9.72,9.95,10.61,12.16,14.08,16.08,18.09,20.30,23.62,27.26,31.05,35.27,39.13,42.87,46.23,48.60,49.16,47.65,45.61,44.06,43.97,45.06,46.48,47.60,47.59,45.78,43.59,41.12,38.39,36.05,33.73,33.35,34.83,36.96,39.31,42.45,46.49,51.72,58.04,62.07,64.29,64.39,61.08,57.33,53.73,50.34,47.20,44.71,44.30,45.42,47.73,50.91,54.41,56.18,55.95,54.70,54.47,54.89,55.41,55.88,57.39,60.55,64.69,69.36,74.06,79.34,84.17,88.47,92.28,95.17,97.53,99.43,100.43,99.55,97.50,95.75,94.99,95.69,97.13,99.33,102.00,105.08,108.86,112.80,115.89,117.81,118.82,116.56,112.35,107.55,103.46,99.39,95.47,91.80,88.52,85.78,83.20,81.27,80.16,79.93,79.95,79.50,78.41,76.25,71.93,66.44,60.83,55.63,51.19,47.09,43.15,39.18,35.08,31.61,29.05,27.21,26.00,25.21,24.93,24.53,24.16,24.75,26.21,27.95,30.79,35.57,39.02,40.12,40.34,40.35,40.06,38.67,36.34
e,e,e,e,e,e,e,e,e,e,e,e,e,e,e,e,e,e,e,e,e,e,e,e,e,e,e,e,e,e,e,e,e,e,e,e,e,e,e,e,e,e,e,e,e,e,e,e,e,e,e,e,e,e,e,e,e,e,e,e,e,e,e,e,e,e,e,e,e,e,0.30,0.37,0.57,0.85,1.10,1.34,1.58,1.80,1.97,1.66,1.03,0.39,e,e,e,e,e,e,e,e,e,e,e,e,0.39,0.89,1.43,1.99,2.58,3.19,3.85,4.48,5.11,5.77,6.31,6.75,7.17,7.55,7.66,7.73,7.73,7.74,7.90,8.13,8.32,8.48,8.64,8.79,8.94,9.08,9.22,9.38,9.57,9.81,10.15,10.76,12.05,13.89,15.93,18.08,20.50,23.89,27.61,31.39,35.16,39.13,43.52,47.39,49.64,50.03,48.72,47.01,45.66,45.48,46.45,47.88,49.25,49.76,48.17,45.75,42.88,39.78,37.35,35.12,33.85,33.96,35.88,37.79,40.37,43.95,49.05,55.87,60.67,64.18,65.67,62.27,58.59,55.58,53.12,50.83,48.41,46.92,46.64,47.83,50.38,53.58,56.67,58.68,58.16,58.47,58.83,58.90,58.64,58.75,60.73,63.95,68.19,73.43,79.43,85.36,90.99,96.07,99.50,102.38,104.61,105.57,104.44,101.56,99.54,99.13,100.08,101.75,104.27,107.41,110.88,114.10,117.07,119.24,120.27,120.08,118.08,113.66,108.28,104.13,100.02,96.11,92.38,88.81,85.45,82.03,79.36,77.89,77.82,77.69,76.96,75.32,72.33,68.13,62.62,57.17,52.35,47.88,43.80,39.97,36.23,32.53,29.73,27.95,26.90,26.47,26.41,26.30,25.71,25.00,25.47,26.82,28.67,32.06,37.60,39.72,40.31,40.43,40.37,40.06,38.68,36.46
e,e,e,e,e,e,e,e,e,e,e,e,e,e,e,e,e,e,e,e,e,e,e,e,e,e,e,e,e,e,e,e,e,e,e,e,e,e,e,e,e,e,e,e,e,e,e,e,e,e,e,e,e,e,e,e,e,e,e,e,e,e,e,e,e,e,e,e,e,e,e,e,0.31,0.54,0.83,1.09,1.32,1.52,1.50,0.93,0.34,e,e,e,e,e,e,e,e,e,e,e,e,e,0.39,0.89,1.43,1.94,2.45,3.00,3.57,4.13,4.71,5.32,5.81,6.27,6.70,7.05,7.20,7.24,7.44,7.80,8.18,8.49,8.73,8.93,9.09,9.24,9.35,9.44,9.54,9.69,9.80,10.25,10.96,11.73,12.15,13.70,15.74,17.88,20.26,23.72,27.62,31.67,35.85,40.35,44.95,48.58,50.15,50.13,49.14,47.92,46.98,47.01,47.78,49.16,50.85,52.10,50.41,47.57,44.27,40.90,38.24,36.12,34.46,33.90,35.78,37.40,39.15,42.16,47.41,53.43,58.98,63.72,66.38,64.06,60.83,58.28,56.53,55.05,52.36,50.15,48.95,49.21,51.23,53.98,57.02,59.61,60.47,61.56,62.08,62.06,61.76,61.82,63.00,65.23,68.72,73.81,79.55,85.90,92.61,99.00,102.99,106.35,108.64,109.25,108.73,106.02,104.06,103.81,105.15,107.21,110.03,113.67,117.71,119.39,120.80,121.56,121.40,120.59,118.55,114.17,108.80,104.69,100.60,96.58,92.58,88.45,83.97,79.75,76.63,74.94,74.71,73.90,72.72,70.77,67.43,63.32,58.36,53.35,48.70,44.46,40.55,36.93,33.54,30.52,28.71,28.20,28.22,28.26,28.18,27.50,26.49,25.71,26.17,27.52,29.92,33.83,39.00,40.12,40.44,40.54,40.42,40.09,39.01,37.08
e,e,e,e,e,e,e,e,e,e,e,e,e,e,e,e,e,e,e,e,e,e,e,e,e,e,e,e,e,e,e,e,e,e,e,e,e,e,e,e,e,e,e,e,e,e,e,e,e,e,e,e,e,e,e,e,e,e,e,e,e,e,e,e,e,e,e,e,e,e,e,e,0.23,0.31,0.56,0.83,1.06,1.28,1.33,0.72,0.10,e,e,e,e,e,e,e,e,e,e,e,e,e,0.90,1.43,2.00,2.56,3.10,3.63,4.21,4.76,5.21,5.50,5.84,6.20,6.52,6.79,6.98,7.16,7.51,8.00,8.45,8.85,9.15,9.38,9.55,9.84,10.07,10.31,10.63,11.18,11.58,12.43,13.49,14.16,13.77,14.07,15.31,17.40,19.70,23.05,26.90,31.04,35.57,40.34,44.94,48.49,50.03,49.78,48.71,47.71,47.22,47.57,48.25,49.92,52.39,54.49,52.28,49.21,45.63,41.69,38.80,36.87,35.34,34.52,35.58,37.00,38.51,41.11,45.81,51.30,57.23,62.56,66.22,66.53,64.13,61.95,60.39,58.64,55.84,53.34,51.88,51.96,53.43,55.64,58.15,60.58,62.44,64.17,65.19,65.57,65.48,65.45,66.08,67.63,70.40,74.67,79.76,86.22,93.39,99.96,104.69,108.09,110.13,110.65,110.51,109.04,108.00,108.14,109.77,112.09,114.71,117.46,119.96,120.88,121.63,121.81,121.27,120.42,117.78,113.33,108.30,104.35,100.36,95.98,91.37,86.60,81.70,77.43,74.10,71.86,70.84,69.56,68.17,66.24,63.18,59.49,55.02,50.37,45.89,41.79,38.42,35.15,32.08,29.91,29.13,29.73,30.57,30.78,30.07,28.81,27.46,26.54,26.93,28.30,32.25,36.99,39.94,40.55,40.69,40.66,40.44,40.05,38.94,37.14
e,e,e,e,e,e,e,e,e,e,e,e,e,e,e,e,e,e,e,e,e,e,e,e,e,e,e,e,e,e,e,e,e,e,e,e,e,e,e,e,e,e,e,e,e,e,e,e,e,e,e,e,e,e,e,e,e,e,e,e,e,e,e,e,e,e,e,e,e,e,e,e,e,0.12,0.33,0.57,0.81,1.06,e,e,e,e,e,e,e,e,e,e,e,e,e,e,e,e,1.56,2.26,2.90,3.50,4.09,4.64,5.25,5.76,6.02,5.92,6.11,6.34,6.55,6.72,6.94,7.27,7.72,8.25,8.72,9.18,9.59,9.94,10.23,10.68,11.07,11.51,12.15,13.15,14.09,15.46,16.80,17.13,16.02,14.98,15.14,16.84,18.99,22.12,25.80,29.91,34.55,39.38,43.86,47.38,49.14,48.80,47.86,47.28,47.34,47.94,48.52,50.64,54.01,56.90,54.27,50.96,47.11,42.66,39.39,37.61,36.36,35.48,35.53,36.67,38.12,40.41,44.37,49.45,55.53,61.27,65.97,69.04,67.60,65.72,64.03,61.72,58.92,56.43,55.07,55.30,56.28,58.02,59.90,61.92,64.42,66.61,68.25,69.30,69.65,69.65,69.90,70.85,72.83,76.06,80.38,86.62,93.78,100.12,105.53,108.85,110.58,111.11,111.28,111.22,111.28,111.81,113.35,115.35,117.22,118.56,119.14,119.87,120.70,120.92,120.36,119.44,116.12,111.68,107.14,103.30,99.33,94.55,89.31,84.05,79.14,75.07,71.61,68.75,66.75,65.13,63.63,61.83,59.29,56.04,52.08,47.81,43.52,39.71,37.05,34.32,31.72,30.40,30.69,32.21,33.59,33.70,32.12,30.14,28.39,27.34,27.79,29.55,34.90,40.03,40.62,40.97,40.95,40.73,40.39,39.90,38.61,36.86
e,e,e,e,e,e,e,e,e,e,e,e,e,e,e,e,e,e,e,e,e,e,e,e,e,e,e,e,e,e,e,e,e,e,e,e,e,e,e,e,e,e,e,e,e,e,e,e,e,e,e,e,e,e,e,e,e,e,e,e,e,e,e,e,e,e,e,e,e,e,e,e,e,e,0.13,0.28,0.53,e,e,e,e,e,e,e,e,e,e,e,e,e,e,e,e,e,2.02,3.40,4.13,4.69,5.29,5.84,6.45,6.71,6.63,6.38,6.55,6.74,6.90,7.07,7.24,7.50,7.92,8.45,8.96,9.44,10.14,10.94,11.67,12.21,12.63,13.25,14.11,15.12,17.06,19.13,20.43,19.95,18.40,17.12,16.33,16.41,18.25,20.91,24.36,28.27,32.18,36.67,40.84,44.24,46.27,46.10,46.69,47.69,48.63,49.06,49.36,51.95,56.07,59.27,57.24,53.39,49.16,44.90,40.52,38.61,37.54,36.71,36.27,36.59,37.79,39.96,43.44,48.16,54.06,60.55,66.73,70.59,70.16,68.32,66.14,63.75,61.19,59.20,58.31,58.76,59.64,61.22,62.85,64.59,67.00,69.12,71.33,73.35,74.66,75.17,75.26,75.47,76.32,78.71,82.42,87.71,93.95,100.17,105.86,109.19,110.84,111.44,111.97,112.34,112.89,113.53,113.68,113.41,113.21,113.17,113.54,115.10,117.45,118.83,118.42,116.41,112.95,108.99,104.94,100.98,96.52,91.50,86.24,81.10,76.65,72.60,68.95,65.70,62.97,61.17,59.58,57.89,55.77,52.60,49.33,45.58,41.56,38.80,36.91,35.21,33.67,32.95,34.41,36.33,37.52,37.07,34.66,31.35,28.87,27.92,28.95,32.51,37.13,40.57,40.97,41.34,41.09,40.64,40.16,39.39,37.89,36.07
e,e,e,e,e,e,e,e,e,e,e,e,e,e,e,e,e,e,e,e,e,e,e,e,e,e,e,e,e,e,e,e,e,e,e,e,e,e,e,e,e,e,e,e,e,e,e,e,e,e,e,e,e,e,e,e,e,e,e,e,e,e,e,e,e,e,e,e,e,e,e,e,e,e,0.00,0.15,0.40,e,e,e,e,e,e,e,e,e,e,e,e,e,e,0.10,0.62,1.59,2.46,4.09,5.23,5.97,6.52,7.06,7.46,7.46,7.16,6.84,6.99,7.17,7.32,7.48,7.66,7.79,8.13,8.65,9.19,9.77,10.74,11.90,12.98,13.72,14.20,14.87,15.82,17.10,20.48,23.14,24.39,24.08,22.90,20.78,18.54,17.12,17.96,19.92,22.84,26.27,29.62,33.56,37.48,40.95,43.43,44.36,46.15,48.28,50.20,51.25,51.92,54.62,58.53,61.12,58.94,55.25,51.54,48.12,44.42,42.08,39.98,38.10,37.38,36.90,37.77,39.86,43.13,47.52,53.04,59.50,66.20,71.00,72.35,70.93,68.30,66.02,63.92,62.65,62.29,62.77,63.45,64.74,66.08,67.52,69.61,71.98,74.63,77.06,78.71,79.37,79.72,79.91,80.34,82.18,85.19,89.43,94.69,100.76,106.69,109.73,111.00,111.47,111.91,112.30,112.67,112.78,112.04,110.66,109.44,108.74,108.94,110.48,112.93,114.63,114.62,112.65,109.43,105.80,101.93,97.66,93.04,88.10,83.16,78.50,74.34,70.21,66.28,62.76,60.00,58.13,56.35,54.52,52.52,49.83,47.16,44.56,42.12,40.17,38.38,37.07,36.20,35.90,37.67,39.45,40.36,39.68,36.90,32.30,29.23,28.71,30.50,35.27,38.97,40.91,41.36,41.50,41.07,40.47,39.77,38.61,36.98,35.17
e,e,e,e,e,e,e,e,e,e,e,e,e,e,e,e,e,e,e,e,e,e,e,e,e,e,e,e,e,e,e,e,e,e,e,e,e,e,e,e,e,e,e,e,e,e,e,e,e,e,e,e,e,e,e,e,e,e,e,e,e,e,e,e,e,e,e,e,e,e,e,e,e,e,e,e,e,e,e,e,e,e,e,e,e,e,e,e,e,e,e,0.17,0.74,1.74,2.97,4.55,6.19,7.25,7.74,8.25,8.30,8.06,7.66,7.28,7.45,7.63,7.79,7.95,8.16,8.15,8.36,8.83,9.39,10.11,11.33,12.77,14.10,15.13,15.75,16.40,17.38,19.33,24.25,27.34,28.54,29.06,28.67,25.49,21.69,18.91,18.16,19.23,21.45,24.28,27.30,30.63,34.38,38.02,41.07,43.56,46.14,48.97,51.84,54.13,55.63,58.18,61.20,62.64,59.84,56.87,54.28,52.07,50.20,47.40,43.73,40.26,38.96,37.59,38.03,40.06,43.34,47.42,52.42,58.28,64.68,70.39,73.90,73.50,70.89,68.75,67.08,66.53,66.61,67.00,67.43,68.29,69.28,70.41,72.03,74.84,77.72,80.16,81.75,82.46,83.39,84.10,84.69,86.19,88.45,91.67,96.01,101.74,107.78,110.31,111.00,111.19,111.22,111.39,111.14,110.35,109.16,107.63,106.26,105.38,105.37,106.22,107.75,109.12,109.66,108.53,105.72,102.25,98.31,93.69,89.21,84.59,80.19,76.19,72.19,68.00,63.88,60.26,57.96,56.12,54.15,52.02,49.84,47.97,45.92,44.81,44.65,43.39,41.41,39.99,39.22,38.98,40.34,41.66,42.28,41.61,38.79,33.18,29.75,29.88,32.50,37.66,40.39,41.24,41.76,41.50,40.94,40.23,39.26,37.66,35.97,34.26
e,e,e,e,e,e,e,e,e,e,e,e,e,e,e,e,e,e,e,e,e,e,e,e,e,e,e,e,e,e,e,e,e,e,e,e,e,e,e,e,e,e,e,e,e,e,e,e,e,e,e,e,e,e,e,e,e,e,e,e,e,e,e,e,e,e,e,e,e,e,e,e,e,e,e,e,e,e,e,e,e,e,e,e,e,e,e,e,e,e,e,0.61,1.57,2.88,4.07,5.52,7.03,8.26,9.03,9.18,8.98,8.61,8.15,7.75,7.94,8.16,8.34,8.50,8.67,8.61,8.64,8.90,9.46,10.21,11.61,13.30,14.88,16.20,17.16,17.98,19.36,22.95,28.27,31.35,32.56,33.27,32.82,30.27,26.36,22.02,19.35,19.39,21.18,23.89,26.81,29.98,33.61,37.33,40.73,43.62,46.43,49.52,52.98,56.60,58.96,61.32,63.57,64.50,61.93,59.56,57.81,56.51,55.24,52.88,49.78,46.15,42.08,39.06,38.76,40.57,43.92,47.78,52.30,57.52,63.22,68.56,73.07,75.40,75.34,72.89,70.55,69.83,69.92,70.21,70.50,70.93,71.54,72.36,73.56,76.19,78.81,81.16,83.27,85.16,86.74,87.92,88.86,90.16,91.89,94.48,98.06,102.84,108.03,110.05,110.44,110.39,110.04,109.94,109.35,108.11,106.52,104.94,103.46,102.34,101.99,102.38,103.49,104.76,105.56,104.73,102.02,98.48,94.44,89.92,85.69,81.52,77.62,74.08,70.33,66.47,62.87,59.88,58.00,56.30,54.50,52.25,49.57,48.52,47.64,47.45,47.98,47.99,47.15,45.38,43.22,41.71,42.20,43.28,43.81,42.88,40.05,34.62,31.54,32.25,35.54,39.08,40.88,41.60,42.05,41.52,40.81,39.87,38.55,36.88,35.17,33.45
e,e,e,e,e,e,e,e,e,e,e,e,e,e,e,e,e,e,e,e,e,e,e,e,e,e,e,e,e,e,e,e,e,e,e,e,e,e,e,e,e,e,e,e,e,e,e,e,e,e,e,e,e,e,e,e,e,e,e,e,e,e,e,e,e,e,e,e,e,e,e,e,e,e,e,e,e,e,e,e,e,e,e,e,e,e,e,e,e,e,e,0.90,2.16,3.81,5.15,6.57,8.00,9.39,10.40,10.26,9.72,9.16,8.65,8.22,8.42,8.68,8.90,9.07,9.19,9.09,8.99,9.05,9.54,10.25,11.76,13.62,15.36,16.93,18.28,19.66,21.72,25.92,30.89,34.14,35.91,36.86,36.20,33.96,30.28,25.52,21.60,20.30,21.48,24.22,27.19,30.38,33.91,37.54,41.00,44.01,46.95,50.19,53.91,57.95,61.02,63.77,65.96,66.56,64.64,62.88,61.60,60.61,59.19,56.78,53.85,50.00,44.22,40.14,39.63,41.60,44.96,48.58,52.58,57.13,62.19,67.29,72.85,77.45,79.25,76.19,73.23,72.21,72.09,72.14,72.26,72.36,72.58,73.01,73.89,76.21,78.47,80.64,83.06,85.80,88.28,90.19,91.53,92.84,94.42,96.69,99.64,103.27,107.05,108.48,108.66,108.45,107.99,107.70,106.98,105.67,103.89,102.12,100.25,98.67,97.94,98.12,99.24,100.65,101.73,101.41,98.71,95.15,91.21,86.86,82.77,78.91,75.33,72.03,68.72,65.72,63.23,61.22,59.53,58.05,56.68,54.91,52.62,52.09,51.62,51.57,52.06,52.35,51.84,49.80,46.84,44.40,44.07,44.91,45.34,44.10,40.95,36.30,34.08,35.19,38.20,40.25,41.38,41.98,42.20,41.47,40.66,39.55,38.02,36.31,34.61,32.87
e,e,e,e,e,e,e,e,e,e,e,e,e,e,e,e,e,e,e,e,e,e,e,e,e,e,e,e,e,e,e,e,e,e,e,e,e,e,e,e,e,e,e,e,e,e,e,e,e,e,e,e,e,e,e,e,e,e,e,e,e,e,e,e,e,e,e,e,e,e,e,e,e,e,e,e,e,e,e,e,e,e,e,e,e,e,e,e,e,e,e,0.89,2.27,4.24,6.02,7.59,9.13,10.69,11.86,11.59,10.61,9.79,9.18,8.73,8.87,9.16,9.48,9.76,9.85,9.70,9.46,9.33,9.65,10.33,11.90,13.78,15.52,17.26,19.02,21.34,24.34,27.65,31.52,35.28,38.32,39.69,38.81,36.20,32.86,29.12,24.94,22.03,22.33,25.14,28.29,31.61,35.02,38.37,41.55,44.57,47.61,50.95,54.54,57.86,61.43,65.29,68.28,68.72,67.81,66.63,65.42,64.00,61.75,58.52,54.78,50.38,44.80,40.60,40.70,43.31,46.60,49.97,53.38,57.26,61.85,67.16,73.92,79.59,81.69,77.79,74.60,73.30,72.79,72.44,72.31,72.25,72.10,72.06,72.79,74.75,76.63,78.54,80.90,83.79,87.42,90.31,92.07,93.70,95.53,97.77,100.28,102.71,104.63,105.35,105.40,105.13,104.91,104.54,103.93,102.92,101.20,99.04,96.47,94.19,93.10,93.36,94.88,96.67,98.14,98.64,95.99,92.59,88.98,84.80,80.72,76.98,73.48,70.23,67.57,65.99,65.14,64.37,62.68,61.57,60.86,60.20,59.41,58.93,57.80,57.03,56.84,56.01,54.53,52.36,49.69,47.05,46.07,46.66,46.99,45.48,41.70,38.27,37.28,38.58,40.18,41.34,42.06,42.39,42.19,41.35,40.49,39.33,37.75,36.01,34.29,32.55
e,e,e,e,e,e,e,e,e,e,e,e,e,e,e,e,e,e,e,e,e,e,e,e,e,e,e,e,e,e,e,e,e,e,e,e,e,e,e,e,e,e,e,e,e,e,e,e,e,e,e,e,e,e,e,e,e,e,e,e,e,e,e,e,e,e,e,e,e,e,e,e,e,e,e,e,e,e,e,e,e,e,e,e,e,e,e,e,e,e,e,0.73,2.14,4.20,6.19,8.04,9.82,11.55,12.93,13.09,12.08,10.89,9.88,9.25,9.29,9.71,10.73,12.12,12.32,11.62,10.58,9.78,10.06,11.29,12.91,14.42,15.71,17.47,19.35,21.74,24.64,27.56,30.98,35.27,39.25,40.98,40.25,37.79,34.59,31.01,27.15,24.01,23.62,25.74,28.95,32.13,35.27,38.28,41.18,44.22,47.17,50.27,53.59,57.08,60.88,65.16,68.68,69.65,69.39,68.83,67.63,65.45,62.48,58.71,54.51,50.02,45.35,41.83,42.67,45.89,49.41,52.82,55.58,58.79,63.18,69.09,74.60,78.47,79.34,75.77,73.24,71.85,70.94,70.28,70.01,69.86,69.78,69.93,70.77,72.32,74.16,76.15,78.35,81.01,84.54,87.70,90.08,92.16,94.06,96.31,98.68,100.45,101.49,101.93,101.98,101.77,101.60,101.34,101.08,100.47,98.52,95.84,93.06,90.80,89.77,90.09,91.44,93.24,95.13,96.40,94.59,91.81,88.57,84.59,80.77,77.14,73.69,70.61,68.57,67.84,67.86,68.08,67.69,67.28,66.80,66.22,65.40,64.06,62.62,61.35,60.22,58.61,56.46,53.94,51.19,48.53,47.69,48.36,49.00,48.19,44.90,41.71,40.52,41.22,42.14,42.75,42.98,42.78,42.08,41.22,40.27,39.03,37.46,35.77,34.04,32.35
e,e,e,e,e,e,e,e,e,e,e,e,e,e,e,e,e,e,e,e,e,e,e,e,e,e,e,e,e,e,e,e,e,e,e,e,e,e,e,e,e,e,e,e,e,e,e,e,e,e,e,e,e,e,e,e,e,e,e,e,e,e,e,e,e,e,e,e,e,e,e,e,e,e,e,e,e,e,e,e,e,e,e,e,e,e,e,e,e,e,e,0.51,1.91,3.99,6.06,8.13,10.12,12.08,13.83,14.67,13.74,12.30,10.95,10.14,10.28,11.21,13.05,15.27,15.52,14.34,12.63,11.25,11.45,13.13,14.67,15.74,16.51,17.99,19.82,22.05,24.63,27.32,30.49,35.21,39.86,41.88,41.48,39.30,36.19,32.58,29.04,26.04,24.98,26.09,29.25,32.20,35.04,37.76,40.41,43.37,46.23,49.11,52.25,56.12,60.12,64.66,68.59,70.09,70.27,70.11,68.85,65.97,62.48,58.23,53.72,49.34,45.68,43.31,44.80,48.35,52.13,55.79,58.30,60.97,64.80,70.34,73.89,75.61,75.27,72.36,70.52,69.09,67.88,66.97,66.53,66.31,66.33,66.75,67.97,69.53,71.44,73.49,75.59,78.03,81.13,84.21,86.98,89.59,91.77,94.10,96.31,97.73,98.34,98.62,98.67,98.52,98.37,98.29,98.51,98.38,96.23,93.25,90.45,88.27,87.17,87.41,88.50,90.28,92.52,94.25,93.58,91.62,88.77,85.03,81.54,78.24,75.08,72.31,70.79,70.50,70.89,71.66,72.54,72.94,72.69,71.98,70.83,68.59,66.72,64.92,62.95,60.74,58.11,55.31,52.48,50.01,49.46,50.20,51.04,50.79,48.13,45.29,43.81,43.72,43.97,43.88,43.50,42.80,41.78,40.97,39.91,38.58,37.06,35.50,33.83,32.21
19.60,e,e,e,e,e,e,e,e,e,e,e,e,e,e,e,e,e,e,e,e,e,e,e,e,e,e,e,e,e,e,e,e,e,e,e,e,e,e,e,e,e,e,e,e,e,e,e,e,e,e,e,e,e,e,e,e,e,e,e,e,e,e,e,e,e,e,e,e,e,e,e,e,e,e,e,e,e,e,e,e,e,e,e,e,e,e,e,e,e,e,0.19,1.59,3.66,5.67,7.70,9.75,12.08,14.55,16.34,15.54,14.14,12.80,11.91,12.64,14.94,17.49,19.29,19.38,18.20,16.52,15.06,14.98,16.48,17.69,18.39,18.79,19.31,20.86,22.95,25.29,27.79,30.85,35.71,40.61,42.82,42.93,40.99,37.99,34.41,30.84,28.07,26.23,26.04,28.99,31.62,34.21,36.75,39.23,41.91,44.78,47.73,50.98,55.13,59.47,64.33,68.49,70.09,70.41,70.20,68.68,65.47,61.89,57.09,52.39,48.35,45.46,44.90,46.77,50.02,53.95,58.19,61.37,63.85,66.10,68.73,70.11,70.62,70.02,67.82,66.21,64.75,63.46,62.45,61.70,61.36,61.28,61.80,63.86,66.47,68.54,70.40,72.59,75.03,77.68,80.26,82.84,85.98,89.11,91.61,93.52,94.93,95.59,95.78,95.74,95.58,95.45,95.64,96.47,96.97,94.86,92.17,89.53,87.14,85.39,85.16,86.19,88.11,90.46,91.99,92.66,91.71,89.30,85.86,82.70,80.26,78.01,75.83,74.65,74.13,74.10,74.60,75.83,77.15,77.33,76.68,75.41,72.73,69.96,67.37,64.93,62.39,59.62,56.77,54.11,52.17,51.79,52.43,52.93,52.29,49.94,48.32,47.22,46.35,45.50,44.13,42.97,41.99,41.04,40.46,39.24,37.80,36.40,35.08,33.66,32.15
20.00,16.12,6.84,e,e,e,e,e,e,e,e,e,e,e,e,e,e,e,e,e,e,e,e,e,e,e,e,e,e,e,e,e,e,e,e,e,e,e,e,e,e,e,e,e,e,e,e,e,e,e,e,e,e,e,e,e,e,e,e,e,e,e,e,e,e,e,e,e,e,e,e,e,e,e,e,e,e,e,e,e,e,e,e,e,e,e,e,e,e,e,e,0.10,1.62,3.02,4.96,6.90,8.90,11.21,14.10,17.63,17.68,16.55,15.25,14.54,15.99,18.44,20.80,22.42,22.89,22.57,21.23,19.56,19.13,19.93,20.81,21.43,21.68,21.67,22.53,24.21,26.45,28.82,32.26,36.88,41.31,43.74,44.43,42.69,39.86,36.67,33.42,30.41,27.97,26.85,28.51,30.76,33.24,35.78,38.34,41.00,43.98,47.06,50.42,54.77,59.49,64.54,68.75,70.37,70.38,69.40,67.31,64.01,60.27,55.09,50.70,47.72,46.09,46.12,47.82,50.61,54.07,57.66,60.47,62.62,64.25,65.54,65.94,65.66,64.78,63.38,62.41,61.59,60.86,60.24,59.75,59.72,59.82,60.30,61.97,64.14,66.08,67.90,69.84,71.94,74.36,76.88,79.52,82.55,85.79,88.44,90.50,92.11,92.81,92.94,92.85,92.72,92.69,93.27,94.47,95.42,94.15,91.63,88.77,85.98,83.70,82.86,83.70,85.50,87.80,89.80,91.11,90.90,89.32,86.80,84.20,82.19,80.44,78.88,78.05,77.42,76.81,76.59,77.60,78.97,79.86,79.89,78.59,75.94,72.55,69.36,66.61,63.85,61.10,58.48,56.25,54.89,54.70,55.18,55.09,53.54,50.84,49.39,48.14,46.61,44.93,43.25,41.84,40.69,39.80,38.91,37.50,35.96,34.54,33.43,32.33,31.05
20.30,16.61,8.29,e,e,e,e,e,e,e,e,e,e,e,e,e,e,e,e,e,e,e,e,e,e,e,e,e,e,e,e,e,e,e,e,e,e,e,e,e,e,e,e,e,e,e,e,e,e,e,e,e,e,e,e,e,e,e,e,e,e,e,e,e,e,e,e,e,e,e,e,e,e,e,e,e,e,e,e,e,e,e,e,e,e,e,e,e,e,e,e,e,1.57,2.30,4.16,6.01,7.93,10.12,13.32,18.59,19.76,19.02,17.84,17.46,19.41,21.60,23.56,25.13,26.11,26.74,25.94,24.34,23.73,23.66,24.11,24.65,24.88,24.58,24.59,25.66,27.73,30.06,33.97,38.27,42.16,44.86,46.08,44.57,42.02,39.28,36.33,33.00,30.09,28.21,28.28,30.00,32.43,35.11,37.88,40.60,43.68,46.87,50.35,54.90,59.95,65.11,69.23,70.62,70.08,68.16,65.46,62.15,58.13,52.93,49.23,47.53,47.26,47.49,48.77,50.83,53.38,55.97,58.12,59.91,61.27,61.96,61.95,61.26,60.30,59.60,59.30,59.25,59.22,59.13,59.13,59.62,60.19,60.82,61.83,63.05,64.48,66.03,67.67,69.37,71.64,74.15,76.72,79.30,82.30,85.02,87.34,89.20,90.15,90.28,90.12,89.97,90.09,91.14,92.66,93.93,93.54,91.21,88.07,84.82,82.06,80.61,81.13,82.67,84.85,87.40,89.02,89.36,88.69,87.29,85.42,83.78,82.42,81.36,80.75,79.98,78.72,77.51,77.91,78.92,80.31,81.02,79.89,77.66,74.20,70.84,68.04,65.25,62.64,60.40,58.67,57.81,57.72,57.95,57.28,54.87,51.63,49.83,48.17,46.12,43.83,42.09,40.53,39.20,38.18,36.86,35.31,33.72,32.29,31.36,30.54,29.50
20.93,18.95,15.11,e,e,e,e,e,e,e,e,e,e,e,e,e,e,e,e,e,e,e,e,e,e,e,e,e,e,e,e,e,e,e,e,e,e,e,e,e,e,e,e,e,e,e,e,e,e,e,e,e,e,e,e,e,e,e,e,e,e,e,e,e,e,e,e,e,e,e,e,e,e,e,e,e,e,e,e,e,e,e,e,e,e,e,e,e,e,e,e,e,0.89,1.59,3.45,5.30,7.21,9.49,12.96,18.84,21.11,20.98,20.15,20.19,21.74,23.83,25.84,27.50,28.76,29.47,29.49,29.18,29.09,28.40,27.97,28.01,28.36,28.08,27.24,27.27,28.69,31.32,35.28,39.57,43.63,46.80,48.19,47.22,45.17,42.60,39.39,36.04,32.93,30.41,29.29,30.03,32.38,35.44,38.54,41.34,44.30,47.44,51.09,55.98,61.12,66.22,70.00,70.46,69.05,66.49,63.54,60.16,55.53,51.42,49.05,48.48,49.25,49.95,50.65,51.28,52.03,54.04,55.96,57.45,58.46,59.07,59.18,58.95,58.54,58.11,58.05,58.29,58.61,58.94,59.40,60.62,62.32,64.04,65.03,65.55,65.44,65.73,67.30,68.88,71.01,73.06,74.80,76.55,79.12,81.68,83.99,86.05,88.02,88.28,87.84,87.57,87.84,89.56,91.52,92.84,92.44,90.52,87.34,83.69,80.46,78.59,78.54,79.64,81.62,84.15,85.78,86.36,86.28,85.94,85.16,84.33,83.41,82.39,81.46,80.39,78.30,75.79,74.97,75.28,76.00,76.50,76.22,75.13,73.31,71.18,68.94,66.74,64.52,62.69,61.39,60.72,60.31,60.11,59.24,56.89,53.24,50.65,48.41,46.15,43.72,41.47,39.48,37.64,35.90,34.46,32.90,31.43,30.26,29.47,28.65,27.66
21.23,20.32,18.65,14.69,6.36,1.10,e,e,e,e,e,e,e,e,e,e,e,e,e,e,e,e,e,e,e,e,e,e,e,e,e,e,e,e,e,e,e,e,e,e,e,e,e,e,e,e,e,e,e,e,e,e,e,e,e,e,e,e,e,e,e,e,e,e,e,e,e,e,e,e,e,e,e,e,e,e,e,e,e,e,e,e,e,e,e,e,e,e,e,e,e,e,0.60,1.35,2.92,4.71,6.63,8.80,12.09,17.99,20.98,22.15,22.56,23.08,24.36,26.21,28.00,29.45,30.60,31.34,31.73,32.02,32.41,31.69,31.01,30.84,31.17,30.84,29.74,29.30,30.34,33.33,37.33,41.66,45.73,48.73,50.01,49.49,48.07,45.96,42.60,38.99,35.62,32.75,31.01,31.35,33.62,36.72,39.82,42.59,45.39,48.61,52.65,57.95,63.25,67.80,70.59,70.25,68.13,65.23,62.09,58.56,53.83,50.72,49.74,50.56,52.34,53.28,53.52,53.27,52.88,53.67,54.74,55.67,56.34,56.81,57.07,57.31,57.52,57.71,58.05,58.44,58.81,59.13,59.71,62.07,64.92,67.30,68.24,68.13,67.02,66.47,67.90,70.14,72.81,75.00,76.41,77.47,79.00,80.58,82.19,84.08,86.34,87.01,86.99,87.08,87.57,89.20,90.88,91.87,91.30,89.13,85.64,81.88,78.86,76.72,76.06,76.77,78.62,80.79,82.57,83.49,83.80,83.96,83.72,83.28,82.65,81.80,80.72,79.13,76.52,73.45,71.67,71.14,71.28,71.68,72.04,71.88,71.16,69.97,68.44,66.95,65.39,63.98,62.79,61.81,61.08,60.48,59.68,58.08,54.55,51.67,49.27,47.04,44.63,42.19,39.84,37.64,35.67,33.84,31.73,30.04,29.03,28.21,27.29,26.27
21.17,20.75,19.39,14.44,6.45,1.19,e,e,e,e,e,e,e,e,e,e,e,e,e,e,e,e,e,e,e,e,e,e,e,e,e,e,e,e,e,e,e,e,e,e,e,e,e,e,e,e,e,e,e,e,e,e,e,e,e,e,e,e,e,e,e,e,e,e,e,e,e,e,e,e,e,e,e,e,e,e,e,e,e,e,e,e,e,e,e,e,e,e,e,e,e,e,e,e,2.53,4.25,6.17,8.14,10.97,16.36,19.72,22.41,24.50,25.59,26.86,28.44,29.89,31.00,31.89,32.67,33.13,33.49,34.22,33.90,33.44,33.30,33.52,33.05,32.14,31.72,32.62,35.90,39.97,44.32,48.19,50.56,51.59,51.37,50.55,49.04,45.75,41.83,38.18,35.15,33.21,33.62,35.77,38.62,41.50,44.15,46.83,50.31,54.93,60.56,65.94,69.56,71.06,70.07,67.49,64.45,61.18,57.50,53.19,50.98,51.33,53.55,56.14,57.10,57.03,56.37,55.34,54.66,54.62,54.89,55.25,55.46,55.73,56.28,57.10,58.09,58.97,59.46,59.67,59.75,60.22,63.85,67.63,70.24,71.12,70.53,68.99,67.99,69.05,72.20,75.87,78.70,80.23,80.82,81.11,81.36,81.94,83.35,85.32,86.41,87.05,87.63,88.31,89.43,90.40,90.81,89.93,87.10,83.25,79.64,77.22,74.88,73.66,73.96,75.57,77.09,79.05,80.37,81.03,81.34,81.28,80.93,80.45,79.82,78.73,76.58,73.70,70.59,68.14,66.76,66.50,66.94,67.75,68.31,68.21,67.68,66.87,66.08,65.23,64.17,62.82,61.20,60.23,59.31,58.77,58.33,55.58,52.89,50.62,48.59,46.35,44.02,41.42,38.96,37.02,34.63,31.74,29.61,28.65,27.74,26.69,25.68
20.57,20.31,19.10,14.76,7.04,1.75,e,e,e,e,e,e,e,e,e,e,e,e,e,e,e,e,e,e,e,e,e,e,e,e,e,e,e,e,e,e,e,e,e,e,e,e,e,e,e,e,e,e,e,e,e,e,e,e,e,e,e,e,e,e,e,e,e,e,e,e,e,e,e,e,e,e,e,e,e,e,e,e,e,e,e,e,e,e,e,e,e,e,e,e,e,e,e,e,2.27,4.06,6.04,8.02,10.49,14.52,17.75,20.71,23.31,25.28,27.28,29.11,30.63,31.84,33.13,34.01,34.61,35.17,35.95,36.05,35.89,35.82,35.88,35.31,34.79,34.72,35.67,38.75,43.02,47.11,50.30,52.01,53.08,52.82,51.89,50.47,48.03,44.49,40.77,37.49,35.66,36.27,38.20,40.64,43.23,45.81,48.69,52.79,58.13,63.53,68.07,70.74,71.49,70.22,67.77,64.67,61.33,57.96,54.82,53.65,54.84,57.53,59.80,60.62,60.43,59.48,57.97,57.06,56.93,57.09,57.21,56.89,56.36,56.66,57.72,59.10,60.50,61.20,61.40,61.38,61.89,65.91,69.61,71.87,73.03,72.56,71.30,70.05,69.81,72.24,76.98,80.79,82.55,83.33,83.63,83.91,84.26,84.81,86.37,86.81,86.70,86.69,86.98,88.20,89.06,88.93,87.28,84.12,80.82,77.85,75.31,72.66,71.27,70.88,71.22,71.79,73.36,75.07,76.50,77.28,77.55,77.40,76.93,76.15,75.05,72.82,69.84,66.58,63.87,62.25,61.89,62.43,63.58,64.77,65.21,65.17,64.77,64.09,63.38,62.23,60.49,58.21,57.38,56.54,56.29,56.92,56.55,54.57,52.37,50.49,48.88,46.95,44.31,41.42,38.84,36.33,33.37,31.09,29.95,29.11,28.34,27.63
19.06,18.86,17.59,14.00,7.00,2.10,e,e,e,e,e,e,e,e,e,e,e,e,e,e,e,e,e,e,e,e,e,e,e,e,e,e,e,e,e,e,e,e,e,e,e,e,e,e,e,e,e,e,e,e,e,e,e,e,e,e,e,e,e,e,e,e,e,e,e,e,e,e,e,e,e,e,e,e,e,e,e,e,e,e,e,e,e,e,e,e,e,e,e,e,e,e,e,e,2.12,4.02,6.08,8.12,10.39,13.44,16.37,19.14,21.75,24.20,26.61,28.71,30.44,31.91,33.55,34.74,35.75,36.70,37.59,38.28,38.68,38.86,38.76,38.05,37.57,37.55,38.49,41.48,45.83,49.54,52.09,53.45,54.49,53.94,52.70,51.29,49.51,46.27,42.73,39.66,38.11,38.87,40.60,42.68,44.94,47.44,50.85,55.45,60.97,66.09,69.59,71.49,71.90,70.66,68.76,65.91,62.62,59.39,57.20,56.78,58.34,61.05,63.10,63.92,63.81,62.90,61.32,60.21,60.05,60.07,59.77,58.77,57.55,57.44,58.44,60.20,62.21,63.40,63.77,63.48,63.33,66.93,70.43,72.76,74.54,74.69,73.78,72.41,71.37,72.52,77.15,81.26,83.47,85.16,86.14,86.76,87.06,87.05,87.96,87.88,87.33,86.91,86.70,87.41,87.59,86.72,84.59,81.60,78.89,76.46,74.05,71.64,70.20,69.38,68.93,68.58,68.83,70.01,71.60,72.64,73.19,73.29,73.02,72.42,71.54,69.41,66.33,62.87,60.09,57.87,57.06,57.28,58.27,60.40,61.71,62.30,62.30,61.75,61.00,59.49,57.20,54.55,53.91,53.49,53.67,54.91,56.09,55.28,53.74,52.15,50.91,49.39,47.16,44.37,41.26,38.38,35.37,33.04,31.75,30.94,30.34,29.85
16.44,16.24,14.71,11.72,6.02,2.03,e,e,e,e,e,e,e,e,e,e,e,e,e,e,e,e,e,e,e,e,e,e,e,e,e,e,e,e,e,e,e,e,e,e,e,e,e,e,e,e,e,e,e,e,e,e,e,e,e,e,e,e,e,e,e,e,e,e,e,e,e,e,e,e,e,e,e,e,e,e,e,e,e,e,e,e,e,e,e,e,e,e,e,e,e,e,e,e,2.04,4.07,6.24,8.36,10.60,13.31,15.83,18.12,20.37,22.75,25.02,27.29,29.35,31.15,32.97,34.67,36.35,37.90,39.05,40.59,41.88,42.56,42.39,41.52,40.59,40.16,40.91,43.95,48.22,51.49,53.61,54.97,55.83,54.74,53.10,51.68,50.13,46.98,43.93,41.63,40.54,41.36,42.94,44.74,46.67,49.07,53.28,58.13,63.12,67.98,70.40,71.78,72.27,71.40,70.39,68.18,65.08,61.78,60.09,60.01,61.44,63.81,65.95,66.98,67.13,66.61,65.47,64.03,63.72,63.42,62.47,60.67,59.03,58.40,59.04,61.22,63.96,65.97,66.73,65.95,64.38,66.68,69.89,72.90,75.66,76.94,76.39,75.05,73.95,73.53,76.61,80.11,82.97,86.23,88.43,89.56,89.93,89.81,89.85,89.63,89.28,88.88,88.23,87.58,86.33,84.46,82.33,79.97,77.73,75.68,73.87,72.39,71.02,70.12,69.58,68.49,66.53,66.04,66.84,67.70,68.39,68.79,69.00,69.01,68.60,66.75,63.61,59.93,57.17,53.85,52.14,51.55,51.78,55.08,57.55,58.96,59.41,59.15,58.24,56.15,53.25,50.62,50.15,50.42,51.17,52.45,53.87,54.64,54.41,53.35,52.12,50.94,49.59,47.54,44.20,40.59,37.45,35.17,33.84,32.98,32.38,31.86
13.10,12.81,11.38,8.63,4.14,1.09,e,e,e,e,e,e,e,e,e,e,e,e,e,e,e,e,e,e,e,e,e,e,e,e,e,e,e,e,e,e,e,e,e,e,e,e,e,e,e,e,e,e,e,e,e,e,e,e,e,e,e,e,e,e,e,e,e,e,e,e,e,e,e,e,e,e,e,e,e,e,e,e,e,e,e,e,e,e,e,e,e,e,e,e,e,e,e,e,1.56,3.54,5.83,8.15,10.47,12.86,15.15,17.31,19.43,21.66,23.85,26.11,28.31,30.38,32.25,34.10,35.99,37.78,39.47,42.36,45.09,46.81,47.00,46.42,45.20,43.95,43.61,45.96,49.74,53.17,55.67,56.86,57.25,55.86,53.95,52.19,50.43,47.78,45.30,43.60,43.34,44.56,45.93,47.32,49.04,51.50,55.51,60.00,64.54,68.92,70.72,71.74,72.35,72.19,71.47,69.73,67.22,64.48,63.04,63.08,64.41,66.52,68.53,69.54,69.78,69.56,68.99,68.03,67.55,66.77,65.27,63.00,60.34,58.99,59.35,61.65,65.05,67.85,69.20,68.64,66.83,66.97,68.87,71.96,75.39,78.20,78.59,77.53,76.19,75.21,76.94,79.66,82.75,86.55,89.43,91.21,92.00,91.96,92.08,92.00,91.76,91.37,90.61,89.34,87.38,84.90,82.43,79.97,78.36,77.29,76.42,75.87,74.77,73.53,72.29,70.78,68.49,66.39,64.86,64.24,64.77,65.51,66.06,66.26,66.09,65.14,62.74,59.16,55.57,51.80,49.51,48.46,48.53,50.57,52.96,54.85,55.87,55.91,54.80,52.77,50.25,47.98,47.24,47.54,48.45,49.83,51.66,53.05,53.57,53.33,52.75,51.73,50.61,48.82,45.50,41.55,38.95,37.18,35.93,35.02,34.31,33.59
9.59,8.47,7.70,5.50,2.55,0.30,e,e,e,e,e,e,e,e,e,e,e,e,e,e,e,e,e,e,e,e,e,e,e,e,e,e,e,e,e,e,e,e,e,e,e,e,e,e,e,e,e,e,e,e,e,e,e,e,e,e,e,e,e,e,e,e,e,e,e,e,e,e,e,e,e,e,e,e,e,e,e,e,e,e,e,e,e,e,e,e,e,e,e,e,e,e,e,e,1.19,3.11,5.45,7.85,10.19,12.34,14.49,16.59,18.67,20.76,22.92,25.12,27.38,29.59,31.49,33.39,35.29,37.18,39.26,42.91,47.13,50.17,50.82,50.59,49.33,47.56,46.27,47.59,50.81,54.61,57.63,58.55,58.51,56.86,54.70,52.60,50.58,48.46,46.60,45.51,46.12,47.75,49.04,50.29,52.10,54.54,58.00,61.77,65.55,68.98,70.48,71.41,72.19,72.66,72.37,71.16,69.30,67.19,65.98,66.10,67.23,68.97,70.69,71.68,72.02,72.05,71.91,71.43,70.82,69.75,68.00,65.43,61.86,59.74,59.68,61.99,65.89,69.27,71.19,71.06,69.25,67.62,68.15,70.90,74.86,78.97,80.48,79.93,78.33,77.12,77.73,79.67,82.72,86.64,89.82,92.09,93.47,93.95,94.38,94.51,94.43,94.12,93.38,91.90,89.61,86.78,84.01,81.44,80.27,79.91,79.69,79.78,78.84,77.28,75.40,73.46,70.98,67.56,63.95,61.71,61.82,62.69,63.45,63.75,63.77,63.58,61.90,58.59,54.42,50.55,47.87,46.39,46.16,46.82,48.86,50.93,52.24,52.47,51.31,49.55,47.60,45.73,44.66,44.65,45.35,46.70,49.00,51.02,52.22,52.66,52.75,51.96,50.98,49.28,45.93,41.81,39.66,38.23,36.88,35.95,35.19,34.40
2.74,2.56,3.50,2.74,2.21,e,e,e,e,e,e,e,e,e,e,e,e,e,e,e,e,e,e,e,e,e,e,e,e,e,e,e,e,e,e,e,e,e,e,e,e,e,e,e,e,e,e,e,e,e,e,e,e,e,e,e,e,e,e,e,e,e,e,e,e,e,e,e,e,e,e,e,e,e,e,e,e,e,e,e,e,e,e,e,e,e,e,e,e,e,e,e,e,e,1.31,3.24,5.42,7.60,9.74,11.84,13.94,15.99,18.03,20.13,22.28,24.45,26.63,28.78,30.77,32.61,34.41,36.23,38.20,41.06,46.50,51.18,52.29,52.33,51.51,50.10,48.66,48.61,51.40,55.62,59.08,59.61,59.38,57.41,54.97,52.75,50.53,48.78,47.60,47.29,48.63,50.55,52.07,53.81,56.35,58.51,61.19,63.83,66.03,67.61,69.28,70.61,71.61,72.41,73.18,72.69,71.34,69.71,68.90,69.09,69.83,70.86,72.08,73.14,73.70,73.91,73.82,73.39,72.75,71.89,70.49,67.79,63.96,61.08,60.21,62.42,66.52,70.08,72.37,72.77,70.86,68.80,68.40,70.22,74.49,79.19,81.88,82.22,80.44,79.16,79.10,80.33,82.96,86.66,89.52,91.90,94.06,95.93,96.64,97.01,97.23,97.18,96.55,95.32,93.21,90.40,87.61,85.33,84.10,83.47,83.07,83.10,82.00,80.31,78.27,75.69,72.29,68.17,63.87,60.49,59.72,60.19,60.91,61.42,61.68,61.50,60.02,57.19,53.58,49.97,47.17,45.13,43.95,44.32,46.09,47.84,48.86,48.95,48.08,46.75,45.20,43.62,42.33,41.62,41.55,42.51,45.28,48.53,50.53,51.21,51.66,51.37,50.70,48.97,45.28,41.16,38.99,37.20,35.27,34.36,33.72,33.30
0.50,0.99,2.40,2.00,1.80,e,e,e,e,e,e,e,e,e,e,e,e,e,e,e,e,e,e,e,e,e,e,e,e,e,e,e,e,e,e,e,e,e,e,e,e,e,e,e,e,e,e,e,e,e,e,e,e,e,e,e,e,e,e,e,e,e,e,e,e,e,e,e,e,e,e,e,e,e,e,e,e,e,e,e,e,e,e,e,e,e,e,e,e,e,e,e,e,e,1.39,2.94,4.88,7.04,9.16,11.27,13.33,15.38,17.43,19.49,21.64,23.81,25.98,28.17,30.27,32.12,33.90,35.68,37.55,39.76,45.65,50.99,52.30,53.20,53.36,52.72,51.77,52.10,54.90,57.84,59.75,59.80,58.72,56.16,53.42,51.01,48.30,46.36,45.75,46.55,48.80,51.21,53.44,55.86,58.53,59.84,60.89,61.82,62.64,63.57,65.22,67.27,69.28,70.80,72.01,72.51,72.46,72.00,71.46,71.53,72.00,72.72,73.59,74.51,74.97,75.16,75.28,75.33,74.87,74.05,72.67,69.99,66.54,63.81,62.62,63.97,67.48,70.80,73.41,74.59,72.73,70.63,69.73,70.78,74.71,79.52,82.83,84.02,82.98,82.06,81.79,82.20,83.58,86.40,89.05,91.60,94.22,96.84,98.39,99.53,100.37,100.70,100.26,98.93,96.91,94.54,92.30,90.13,88.68,87.67,86.78,85.97,84.37,82.31,79.80,76.46,72.39,68.12,63.99,60.53,59.03,58.53,58.59,59.00,59.10,58.83,57.45,54.94,51.83,48.64,45.96,43.72,42.06,41.77,42.83,44.11,44.97,45.04,44.42,43.51,42.43,41.10,39.72,38.61,38.13,38.86,41.38,44.75,47.51,49.34,50.60,50.66,49.77,47.70,44.08,40.39,37.89,35.60,33.36,32.30,31.90,31.76
e,e,e,e,e,e,e,e,e,e,e,e,e,e,e,e,e,e,e,e,e,e,e,e,e,e,e,e,e,e,e,e,e,e,e,e,e,e,e,e,e,e,e,e,e,e,e,e,e,e,e,e,e,e,e,e,e,e,e,e,e,e,e,e,e,e,e,e,e,e,e,e,e,e,e,e,e,e,e,e,e,e,e,e,e,e,e,e,e,e,e,e,e,e,e,2.46,4.20,6.40,8.58,10.71,12.73,14.78,16.83,18.87,21.00,23.16,25.37,27.63,29.87,31.75,33.52,35.29,37.07,38.82,44.52,49.92,51.53,53.35,54.61,55.03,55.01,56.12,58.69,59.95,60.04,59.56,57.29,54.05,50.96,48.28,45.09,42.97,42.86,44.61,47.65,50.64,53.63,56.59,59.00,59.25,58.66,58.04,57.87,58.67,60.25,62.80,65.68,68.00,69.67,71.28,72.65,73.45,73.28,73.29,73.58,74.09,74.65,75.29,75.50,75.59,75.91,76.45,76.30,75.77,74.69,72.20,69.38,67.06,65.72,66.11,68.77,71.72,74.56,76.45,74.96,73.07,71.95,72.38,75.59,80.03,83.56,85.52,85.65,85.27,84.93,84.59,84.65,86.31,88.67,91.35,94.28,97.39,99.99,102.06,103.60,104.41,104.19,102.60,100.58,98.64,97.06,95.03,93.32,91.82,90.23,88.36,86.17,83.69,80.72,76.79,72.24,68.07,64.47,61.47,59.30,57.72,56.90,56.87,56.57,55.98,54.61,52.44,49.86,47.44,45.19,43.01,40.96,39.70,39.67,40.25,40.95,41.07,40.66,40.14,39.48,38.38,36.95,35.58,34.87,35.48,37.69,40.89,44.28,47.36,49.35,49.84,48.67,46.25,42.93,39.74,36.80,33.97,31.50,30.30,30.04,30.07
e,e,e,e,e,e,e,e,e,e,e,e,e,e,e,e,e,e,e,e,e,e,e,e,e,e,e,e,e,e,e,e,e,e,e,e,e,e,e,e,e,e,e,e,e,e,e,e,e,e,e,e,e,e,e,e,e,e,e,e,e,e,e,e,e,e,e,e,e,e,e,e,e,e,e,e,e,e,e,e,e,e,e,e,e,e,e,e,e,e,e,e,e,e,e,1.95,3.67,5.93,8.16,10.21,12.17,14.17,16.21,18.28,20.32,22.50,24.78,27.13,29.46,31.40,33.17,34.91,36.69,38.50,42.73,47.14,49.74,51.93,54.06,56.12,57.87,58.81,59.77,60.16,59.97,58.84,55.01,51.12,47.60,44.37,41.16,39.65,39.88,41.62,44.81,48.34,51.71,54.46,55.89,55.20,53.95,53.11,53.09,54.13,55.68,57.53,59.74,62.58,65.67,68.47,70.69,72.11,72.89,73.31,73.58,73.77,73.92,74.01,73.93,73.89,74.14,74.66,75.04,75.89,76.58,74.69,72.52,70.38,68.85,68.93,70.87,73.48,76.23,78.38,78.13,76.91,76.02,76.15,78.09,81.12,84.05,86.54,88.24,88.51,88.01,87.30,86.80,87.18,88.82,91.42,94.58,98.01,101.67,104.59,106.80,108.17,108.24,106.25,103.87,101.88,100.63,99.09,97.25,95.04,92.34,89.59,86.92,84.20,81.18,77.38,72.84,68.92,66.00,64.07,61.23,58.92,57.20,55.93,54.77,53.27,51.76,50.20,48.33,47.59,46.70,45.02,42.25,39.50,37.50,36.72,37.12,37.44,37.12,36.80,36.41,35.43,33.99,32.49,31.70,32.41,34.94,38.36,42.10,45.49,47.37,48.77,47.84,45.41,42.64,39.62,36.30,32.98,30.20,29.11,28.56,28.41
e,e,e,e,e,e,e,e,e,e,e,e,e,e,e,e,e,e,e,e,e,e,e,e,e,e,e,e,e,e,e,e,e,e,e,e,e,e,e,e,e,e,e,e,e,e,e,e,e,e,e,e,e,e,e,e,e,e,e,e,e,e,e,e,e,e,e,e,e,e,e,e,e,e,e,e,e,e,e,e,e,e,e,e,e,e,e,e,e,e,e,e,e,e,e,1.71,3.46,5.68,7.80,9.78,11.72,13.70,15.71,17.74,19.72,21.91,24.23,26.63,29.00,31.01,32.81,34.53,36.30,38.07,41.13,44.53,47.36,50.11,53.04,56.12,58.82,59.86,60.20,60.22,59.52,57.06,52.47,48.32,44.64,41.31,38.37,36.85,36.89,38.43,41.59,45.33,48.90,51.55,52.47,51.37,49.76,48.73,48.68,49.62,51.14,52.82,54.84,57.76,61.80,65.28,67.99,69.92,71.24,71.98,72.28,72.34,72.33,72.23,72.07,72.00,72.19,72.64,73.24,74.52,75.92,75.40,75.00,73.93,72.67,72.43,73.85,76.00,78.33,80.29,80.63,79.97,79.38,79.34,80.23,82.08,84.57,87.27,89.69,90.98,90.82,90.07,89.27,89.06,90.15,92.47,95.52,98.92,103.13,106.54,108.86,109.94,109.99,108.24,105.98,103.96,102.66,101.09,98.99,96.30,93.02,89.91,87.20,84.54,81.60,78.00,73.89,70.55,68.38,67.28,65.05,61.98,59.23,57.49,56.06,54.24,52.63,51.34,50.14,50.14,49.72,48.13,44.92,41.34,38.06,35.49,34.00,33.95,33.72,33.59,33.37,32.56,31.48,30.30,29.73,30.48,32.81,36.35,40.21,43.67,45.76,47.70,47.10,44.90,42.51,39.96,36.63,33.00,29.85,28.67,27.82,27.19
e,e,e,e,e,e,e,e,e,e,e,e,e,e,e,e,e,e,e,e,e,e,e,e,e,e,e,e,e,e,e,e,e,e,e,e,e,e,e,e,e,e,e,e,e,e,e,e,e,e,e,e,e,e,e,e,e,e,e,e,e,e,e,e,e,e,e,e,e,e,e,e,e,e,e,e,e,e,e,e,e,e,e,e,e,e,e,e,e,e,e,e,e,e,e,1.64,3.40,5.52,7.47,9.41,11.35,13.32,15.30,17.24,19.13,21.25,23.55,25.97,28.38,30.51,32.36,34.06,35.80,37.43,39.60,42.02,44.60,48.09,51.77,55.43,58.52,59.87,60.28,60.13,58.62,54.50,49.81,45.67,42.04,38.89,36.33,34.39,33.94,35.20,38.24,41.96,45.59,48.26,49.01,47.88,46.08,44.84,44.60,45.18,46.59,48.48,50.68,53.47,57.97,61.81,64.88,67.17,68.64,69.57,70.05,70.21,70.19,70.10,69.99,69.93,70.00,70.35,70.97,72.01,73.35,74.45,76.18,76.69,76.19,75.83,76.95,78.58,80.38,82.01,82.62,82.40,82.11,81.99,82.11,83.01,85.10,87.71,90.22,92.67,93.33,92.96,92.15,91.76,92.46,94.38,97.08,100.24,104.59,108.05,109.98,110.26,110.03,108.75,106.86,104.82,103.19,101.15,98.61,95.64,92.35,89.44,87.07,84.69,81.94,78.65,75.24,72.68,71.16,70.55,69.53,65.96,62.41,60.67,59.36,57.68,56.10,54.89,54.26,54.24,53.60,51.76,48.32,44.39,40.46,36.05,31.89,30.93,30.70,30.70,30.59,29.99,29.46,28.84,28.66,29.44,31.17,34.75,38.66,42.08,44.53,46.66,46.45,44.67,42.56,40.62,37.58,33.89,30.39,28.83,27.67,26.46
e,e,e,e,e,e,e,e,e,e,e,e,e,e,e,e,e,e,e,e,e,e,e,e,e,e,e,e,e,e,e,e,e,e,e,e,e,e,e,e,e,e,e,e,e,e,e,e,e,e,e,e,e,e,e,e,e,e,e,e,e,e,e,e,e,e,e,e,e,e,e,e,e,e,e,e,e,e,e,e,e,e,e,e,e,e,e,e,e,e,e,e,e,e,e,1.51,3.14,5.17,7.11,9.08,11.03,12.97,14.92,16.80,18.37,19.92,21.91,24.49,27.16,29.59,31.53,33.13,34.73,36.14,37.44,39.11,41.82,46.10,50.53,54.79,58.33,59.84,60.22,59.37,56.70,51.59,47.25,43.19,39.60,36.65,34.04,31.95,31.23,32.23,35.30,38.95,42.50,45.06,45.73,44.77,42.79,41.34,40.91,41.17,42.03,43.83,46.32,49.36,53.52,58.00,61.70,63.94,64.94,65.97,67.06,67.86,67.80,67.60,67.33,67.02,66.74,66.92,67.55,68.48,69.65,70.97,72.70,74.28,75.48,76.28,77.56,79.02,80.72,82.66,84.40,84.56,84.37,84.27,84.22,84.35,85.59,87.59,90.03,92.92,95.20,96.35,96.19,95.31,95.79,97.37,99.71,102.77,106.87,109.22,110.16,110.04,109.21,107.42,105.28,103.12,101.01,97.98,94.58,91.48,89.32,87.81,86.19,84.21,81.84,79.31,76.75,74.77,73.36,72.28,70.92,68.47,65.82,63.72,62.41,61.04,59.89,59.08,58.58,58.28,57.11,54.74,50.98,46.82,42.86,38.02,32.69,30.12,29.26,29.14,29.11,28.71,28.38,27.96,28.01,28.91,30.14,33.77,37.96,41.59,43.82,45.61,45.92,44.95,43.11,41.39,38.96,35.80,32.28,29.66,28.12,26.85
e,e,e,e,e,e,e,e,e,e,e,e,e,e,e,e,e,e,e,e,e,e,e,e,e,e,e,e,e,e,e,e,e,e,e,e,e,e,e,e,e,e,e,e,e,e,e,e,e,e,e,e,e,e,e,e,e,e,e,e,e,e,e,e,e,e,e,e,e,e,e,e,e,e,e,e,e,e,e,e,e,e,e,e,e,e,e,e,e,e,e,e,e,e,e,1.41,2.87,4.79,6.76,8.73,10.68,12.61,14.50,16.22,17.52,18.71,20.32,22.64,25.41,28.05,30.20,31.85,33.06,33.93,34.94,36.73,39.99,44.72,49.56,54.16,57.93,59.64,59.67,57.75,53.99,48.64,44.50,40.70,37.31,34.48,31.86,29.83,29.07,29.88,32.70,36.26,39.59,41.93,42.60,41.86,39.98,38.44,37.82,37.98,38.64,40.28,42.79,46.14,50.22,54.94,58.70,60.52,61.10,62.45,64.11,65.37,65.20,64.86,64.42,63.90,63.38,63.39,63.87,64.70,65.84,67.37,69.13,71.20,73.29,74.99,76.67,78.64,80.93,83.50,86.06,86.64,86.59,86.45,86.27,85.98,86.48,87.81,90.06,93.12,96.38,98.70,99.47,98.76,99.18,100.56,102.64,105.33,108.50,109.83,109.97,109.42,108.01,105.80,103.49,101.12,98.18,94.40,90.70,87.79,86.31,85.76,84.84,83.34,81.34,79.26,77.12,75.46,74.11,72.61,70.97,69.27,67.37,65.41,64.34,63.36,62.58,61.99,61.44,60.93,59.60,57.07,53.00,48.57,44.69,40.04,34.47,30.16,28.65,28.21,28.00,27.66,27.41,27.19,27.47,28.47,29.46,32.75,36.96,40.83,42.84,44.34,45.13,44.98,43.65,42.10,40.28,37.88,34.75,31.29,29.12,27.70
e,e,e,e,e,e,e,e,e,e,e,e,e,e,e,e,e,e,e,e,e,e,e,e,e,e,e,e,e,e,e,e,e,e,e,e,e,e,e,e,e,e,e,e,e,e,e,e,e,e,e,e,e,e,e,e,e,e,e,e,e,e,e,e,e,e,e,e,e,e,e,e,e,e,e,e,e,e,e,e,e,e,e,e,e,e,e,e,e,e,e,e,e,e,e,1.35,2.63,4.46,6.43,8.36,10.30,12.22,14.00,15.46,16.61,17.76,18.99,20.58,23.16,25.80,28.25,30.12,30.73,30.83,32.29,35.16,39.34,44.08,48.96,53.52,57.22,59.10,58.44,55.23,50.61,45.82,41.61,38.23,35.22,32.38,29.91,28.12,27.52,28.22,30.50,33.93,36.86,38.89,39.69,39.16,37.64,36.19,35.38,35.68,36.66,38.16,40.43,44.07,48.46,52.87,55.92,56.95,57.28,59.13,61.23,62.64,62.41,61.92,61.27,60.61,60.11,59.99,60.20,60.91,62.24,64.17,66.35,68.33,70.20,72.28,74.63,77.83,81.38,84.82,87.68,88.72,88.87,88.62,88.27,87.94,87.93,88.64,90.60,93.59,96.86,99.69,101.51,101.82,102.37,103.64,105.45,107.38,108.95,109.56,109.35,108.33,106.52,104.20,101.88,99.22,95.16,90.97,87.65,85.21,83.73,83.38,83.03,82.03,80.27,78.22,76.02,74.42,73.16,71.51,69.89,68.14,66.51,65.28,64.73,64.16,63.60,63.04,62.35,61.76,60.81,58.60,54.24,49.52,45.75,41.77,36.80,30.91,28.81,27.88,27.17,26.72,26.42,26.45,26.97,28.01,29.05,31.53,35.39,39.50,41.44,42.83,43.99,44.58,44.01,42.70,41.44,39.93,37.62,33.77,30.77,28.98
e,e,e,e,e,e,e,e,e,e,e,e,e,e,e,e,e,e,e,e,e,e,e,e,e,e,e,e,e,e,e,e,e,e,e,e,e,e,e,e,e,e,e,e,e,e,e,e,e,e,e,e,e,e,e,e,e,e,e,e,e,e,e,e,e,e,e,e,e,e,e,e,e,e,e,e,e,e,e,e,e,e,e,e,e,e,e,e,e,e,e,e,e,e,e,1.44,2.70,4.40,6.20,8.01,9.95,11.74,13.29,14.56,15.70,16.86,18.01,19.29,21.07,23.24,25.46,27.27,28.03,28.80,31.10,34.65,39.10,43.89,48.57,52.88,56.14,56.89,55.75,52.61,48.32,43.83,39.80,36.46,33.42,30.63,28.39,26.61,26.06,26.87,28.98,31.80,34.35,36.35,37.38,36.73,35.30,33.82,32.88,33.34,34.70,36.95,39.93,43.60,47.65,51.29,53.32,53.33,53.21,54.84,57.14,59.15,59.65,58.92,57.84,57.02,56.86,57.25,57.57,58.42,60.07,62.19,64.37,66.45,68.50,70.89,74.56,78.64,82.86,86.91,89.94,91.34,91.68,91.37,90.86,90.38,90.23,90.84,92.61,94.97,97.60,100.13,102.30,103.76,104.46,104.87,105.24,105.72,106.18,106.51,106.61,106.23,104.97,102.92,100.46,97.47,93.28,88.28,84.39,81.94,80.97,80.80,80.78,79.65,77.37,75.72,74.03,72.68,71.48,69.91,67.69,65.50,63.71,62.61,62.23,61.88,61.63,61.45,61.16,60.92,60.41,58.42,53.89,49.40,45.90,42.48,38.27,32.38,29.63,28.26,27.33,26.52,25.76,25.77,26.33,27.20,28.14,30.00,33.32,37.34,39.80,41.47,42.74,43.59,43.68,43.13,42.29,41.17,39.52,36.86,33.51,31.09
e,e,e,e,e,e,e,e,e,e,e,e,e,e,e,e,e,e,e,e,e,e,e,e,e,e,e,e,e,e,e,e,e,e,e,e,e,e,e,e,e,e,e,e,e,e,e,e,e,e,e,e,e,e,e,e,e,e,e,e,e,e,e,e,e,e,e,e,e,e,e,e,e,e,e,e,e,e,e,e,e,e,e,e,e,e,e,e,e,e,e,e,e,e,e,1.53,2.77,4.38,6.00,7.70,9.57,11.19,12.53,13.70,14.86,16.00,17.10,18.16,19.26,20.84,22.61,24.28,25.62,27.45,30.66,34.78,39.38,43.96,48.34,52.14,54.61,54.37,53.12,50.44,46.73,42.58,38.92,35.44,32.14,29.23,27.04,25.13,24.50,25.29,27.41,29.75,32.02,34.03,35.25,34.56,33.10,31.52,30.48,31.26,33.26,36.38,40.02,43.52,46.91,49.59,50.69,50.01,49.54,50.74,52.97,55.35,56.44,55.62,54.29,53.40,53.62,54.74,55.69,56.98,58.82,60.98,63.11,65.29,67.52,70.09,74.74,79.72,84.66,89.20,92.37,94.12,94.72,94.52,93.95,93.42,93.30,93.85,95.27,96.89,98.76,100.75,102.79,104.62,104.99,104.43,103.53,102.83,102.58,102.90,103.47,103.89,103.39,101.75,99.29,96.16,92.23,86.80,82.24,79.35,78.48,77.97,77.65,76.18,73.67,72.55,71.52,70.51,69.42,67.89,65.26,62.40,60.04,58.68,58.27,57.95,57.88,58.00,58.08,58.17,57.98,56.38,52.37,48.58,45.45,42.48,38.97,33.78,30.49,28.71,27.66,26.54,25.35,25.09,25.47,26.21,27.18,28.63,31.29,34.84,37.77,39.90,41.39,42.39,42.91,42.99,42.55,41.79,40.77,39.35,36.31,33.56
e,e,e,e,e,e,e,e,e,e,e,e,e,e,e,e,e,e,e,e,e,e,e,e,e,e,e,e,e,e,e,e,e,e,e,e,e,e,e,e,e,e,e,e,e,e,e,e,e,e,e,e,e,e,e,e,e,e,e,e,e,e,e,e,e,e,e,e,e,e,e,e,e,e,e,e,e,e,e,e,e,e,e,e,e,e,e,e,e,e,e,e,e,e,e,1.53,2.73,4.29,5.86,7.49,9.12,10.53,11.78,13.00,14.16,15.23,16.14,16.96,17.96,18.99,20.09,21.56,24.00,27.04,31.08,35.75,40.54,44.35,48.34,51.17,52.29,52.01,51.36,49.27,46.06,42.47,39.45,35.67,31.80,28.41,25.79,23.64,22.61,23.06,25.39,27.72,29.95,31.92,33.20,32.83,31.22,29.39,28.34,29.77,32.92,36.71,40.41,43.42,45.87,47.41,47.91,47.38,46.85,47.57,49.29,51.30,52.29,51.69,50.63,49.93,50.39,52.42,54.91,57.08,58.85,60.84,63.01,65.20,67.38,69.89,74.45,80.51,86.58,91.54,94.85,96.97,98.01,98.18,97.78,97.52,97.57,97.91,98.56,99.53,100.68,102.03,103.34,103.77,102.71,101.37,100.15,99.22,98.90,99.52,100.56,101.56,101.78,100.64,98.53,95.72,92.39,87.59,82.57,78.62,76.64,74.70,72.83,70.91,69.23,68.72,68.37,67.79,66.84,65.27,62.93,59.12,55.50,53.41,52.65,52.09,51.86,51.95,52.03,52.16,52.05,51.21,49.16,46.78,44.21,41.49,38.45,34.64,31.11,28.98,27.82,26.60,25.32,24.39,24.20,25.00,26.33,27.79,29.66,32.06,35.04,37.82,39.85,41.11,41.59,41.70,41.68,41.50,41.09,40.24,38.68,36.35
e,e,e,e,e,e,e,e,e,e,e,e,e,e,e,e,e,e,e,e,e,e,e,e,e,e,e,e,e,e,e,e,e,e,e,e,e,e,e,e,e,e,e,e,e,e,e,e,e,e,e,e,e,e,e,e,e,e,e,e,e,e,e,e,e,e,e,e,e,e,e,e,e,e,e,e,e,e,e,e,e,e,e,e,e,e,e,e,e,e,e,e,e,e,0.48,1.61,2.87,4.30,5.76,7.26,8.71,9.96,11.06,12.09,13.05,13.92,14.77,15.66,16.68,17.57,18.68,20.55,24.02,27.71,32.44,37.37,41.58,44.73,47.33,48.84,49.07,48.47,47.85,46.68,44.89,42.45,39.72,36.06,32.41,29.33,26.63,23.38,21.18,20.82,23.02,25.41,27.84,30.05,31.52,31.28,29.19,27.15,26.60,29.17,32.52,36.19,39.60,41.99,43.77,44.86,45.19,44.78,44.34,44.97,46.08,47.26,48.05,47.86,47.53,47.93,49.75,52.35,55.28,57.71,59.51,61.42,63.54,65.61,67.69,70.22,74.72,80.86,87.27,92.87,96.77,98.84,99.83,100.12,100.00,99.94,100.10,100.37,100.69,101.26,102.16,103.00,103.38,102.65,100.84,98.80,96.97,95.75,95.50,96.31,97.61,98.93,99.63,99.46,98.15,95.86,93.06,89.82,86.18,82.32,78.59,75.88,73.23,70.64,68.37,66.87,65.66,64.83,64.07,62.65,59.86,55.46,51.55,49.55,48.64,47.72,47.20,47.14,47.22,47.40,47.41,46.98,45.80,44.18,42.20,39.93,37.28,34.16,31.01,28.97,27.76,26.52,25.22,24.04,23.43,23.79,24.88,26.06,27.52,29.43,31.88,34.40,36.62,38.38,39.48,40.04,40.35,40.51,40.43,39.86,38.61,36.63
e,e,e,e,e,e,e,e,e,e,e,e,e,e,e,e,e,e,e,e,e,e,e,e,e,e,e,e,e,e,e,e,e,e,e,e,e,e,e,e,e,e,e,e,e,e,e,e,e,e,e,e,e,e,e,e,e,e,e,e,e,e,e,e,e,e,e,e,e,e,e,e,e,e,e,e,e,e,e,e,e,e,e,e,e,e,e,e,e,e,e,e,e,e,0.50,1.73,3.06,4.37,5.69,7.06,8.35,9.38,10.15,10.74,11.47,12.35,13.31,14.33,15.40,16.45,17.88,20.26,24.52,28.63,33.78,38.72,42.19,44.61,45.65,45.85,45.40,44.38,43.70,43.41,43.03,41.87,39.63,36.50,33.43,30.84,28.21,23.89,20.37,18.88,20.44,22.89,25.53,27.95,29.57,29.21,26.65,24.74,25.20,29.02,32.23,35.49,38.39,40.03,41.23,41.98,42.19,41.85,41.53,42.22,42.86,43.27,43.88,44.34,45.16,47.00,50.27,53.24,56.22,58.77,60.78,62.65,64.59,66.45,68.41,71.12,75.57,81.39,87.71,93.75,98.25,100.17,100.97,101.34,101.52,101.60,101.78,101.98,102.14,102.41,103.17,103.57,103.12,101.56,99.25,96.56,94.05,92.54,92.37,93.26,94.64,96.13,97.20,98.02,97.71,96.17,93.90,92.11,90.13,87.00,82.31,79.11,75.75,72.39,69.26,66.47,63.83,62.17,61.17,59.81,56.48,52.02,48.36,46.61,45.48,44.17,43.30,43.01,43.06,43.26,43.36,43.16,42.46,41.34,39.92,38.08,35.75,33.08,30.55,28.77,27.53,26.27,24.98,23.72,22.80,22.58,23.19,24.01,25.21,26.83,28.66,30.66,32.82,34.94,36.67,37.74,38.44,38.89,39.04,38.68,37.44,35.77
e,e,e,e,e,e,e,e,e,e,e,e,e,e,e,e,e,e,e,e,e,e,e,e,e,e,e,e,e,e,e,e,e,e,e,e,e,e,e,e,e,e,e,e,e,e,e,e,e,e,e,e,e,e,e,e,e,e,e,e,e,e,e,e,e,e,e,e,e,e,e,e,e,e,e,e,e,e,e,e,e,e,e,e,e,e,e,e,e,e,e,e,e,e,0.78,1.90,3.19,4.47,5.73,6.99,8.11,8.64,8.55,8.06,8.80,10.45,11.99,13.05,14.17,15.90,17.84,20.41,24.70,29.16,33.98,38.40,41.45,42.83,42.87,42.23,41.16,39.80,39.39,39.42,39.46,39.19,38.55,36.93,34.78,32.39,29.90,25.60,21.22,17.99,17.54,19.98,22.59,24.82,26.21,25.12,22.49,21.86,24.49,29.35,32.47,35.19,37.28,37.87,38.36,38.39,38.12,37.72,37.45,38.34,39.03,39.38,40.12,41.77,44.60,48.13,51.78,54.80,57.75,60.70,63.42,65.28,66.75,68.15,70.08,73.46,77.81,83.04,88.67,94.24,98.88,100.72,101.55,102.11,102.47,102.54,102.53,102.51,102.56,102.64,102.97,103.05,102.47,100.92,98.22,94.89,91.79,90.10,89.87,90.55,91.71,93.14,94.44,95.72,96.54,96.44,94.73,92.92,91.38,89.84,87.71,84.22,79.53,75.31,72.05,68.88,64.61,60.80,58.03,56.23,52.85,49.70,47.14,45.21,43.46,41.73,40.48,39.81,39.73,39.86,39.83,39.67,39.40,38.64,37.53,35.91,33.76,31.53,29.63,28.15,26.90,25.61,24.34,23.06,22.01,21.44,21.34,21.93,22.91,24.16,25.73,27.34,29.01,30.71,32.35,33.67,34.95,35.88,36.29,36.22,35.30,33.92
e,e,e,e,e,e,e,e,e,e,e,e,e,e,e,e,e,e,e,e,e,e,e,e,e,e,e,e,e,e,e,e,e,e,e,e,e,e,e,e,e,e,e,e,e,e,e,e,e,e,e,e,e,e,e,e,e,e,e,e,e,e,e,e,e,e,e,e,e,e,e,e,e,e,e,e,e,e,e,e,e,e,e,e,e,e,e,e,e,e,e,e,e,e,1.17,2.26,3.45,4.62,5.76,6.86,7.81,7.83,7.30,7.03,7.97,9.52,10.93,11.96,13.20,15.20,17.38,19.91,23.65,28.07,32.51,36.43,39.23,40.42,40.04,38.81,37.13,35.45,34.94,35.07,35.41,35.66,35.84,35.52,34.64,33.12,30.91,27.04,22.45,18.06,15.51,17.16,19.52,21.51,22.54,21.33,19.52,20.14,24.01,29.41,32.45,34.17,34.95,34.69,34.29,33.75,33.27,33.01,33.15,34.52,36.06,37.43,38.86,41.52,45.45,49.90,54.09,57.19,60.23,63.37,66.36,68.45,70.10,71.74,73.89,77.14,80.92,85.36,90.23,95.19,99.35,101.06,101.86,102.31,102.34,102.22,102.01,101.83,101.78,101.74,101.93,102.05,101.76,100.56,97.76,93.98,90.42,88.64,88.02,88.45,89.56,91.10,92.53,93.94,95.11,95.70,95.00,93.55,92.33,91.43,90.35,87.46,82.53,77.92,74.47,71.15,66.21,61.26,57.31,54.99,51.71,49.23,47.38,45.78,44.01,42.42,40.93,39.59,38.66,38.03,37.25,36.68,36.69,36.10,35.17,33.69,31.74,30.07,28.54,27.30,26.19,24.90,23.63,22.44,21.41,20.64,20.04,20.38,21.02,21.76,22.86,24.27,25.74,27.23,28.77,30.18,31.67,32.85,33.51,33.70,33.09,31.83
e,e,e,e,e,e,e,e,e,e,e,e,e,e,e,e,e,e,e,e,e,e,e,e,e,e,e,e,e,e,e,e,e,e,e,e,e,e,e,e,e,e,e,e,e,e,e,e,e,e,e,e,e,e,e,e,e,e,e,e,e,e,e,e,e,e,e,e,e,e,e,e,e,e,e,e,e,e,e,e,e,e,e,e,e,e,e,e,e,e,e,e,e,e,1.57,2.67,3.73,4.75,5.75,6.68,7.38,7.02,6.52,7.17,8.30,9.25,10.09,11.03,12.39,14.37,16.53,18.86,21.71,25.57,29.36,32.91,35.98,37.59,37.22,35.66,33.45,31.36,30.41,30.46,31.01,31.53,32.04,32.85,33.42,33.14,31.34,28.11,23.77,18.74,14.20,14.51,16.40,18.15,18.78,17.92,17.59,19.45,23.81,29.24,32.08,32.63,31.96,30.99,29.64,28.71,28.25,28.36,29.30,31.48,34.27,37.15,39.59,43.03,47.36,52.16,56.82,59.99,63.16,66.31,69.28,71.75,73.99,76.31,78.78,81.42,84.45,88.15,92.33,96.61,99.81,101.32,101.98,102.07,101.53,101.06,100.60,100.23,100.05,99.98,100.26,100.72,101.02,100.36,97.65,93.65,89.81,87.94,86.68,86.77,87.88,89.64,91.12,92.49,93.55,94.30,94.72,93.94,93.05,92.19,91.07,89.20,84.69,80.01,76.28,72.95,68.15,62.97,58.47,55.62,52.52,50.30,48.83,47.76,46.30,45.17,43.63,41.56,39.45,37.67,35.83,34.56,34.45,33.79,32.90,31.55,29.84,28.72,27.38,26.31,25.38,24.17,22.90,21.85,20.94,20.07,19.22,19.31,19.55,19.75,20.33,21.55,22.92,24.31,25.74,27.13,28.56,29.80,30.66,31.09,30.74,29.54
e,e,e,e,e,e,e,e,e,e,e,e,e,e,e,e,e,e,e,e,e,e,e,e,e,e,e,e,e,e,e,e,e,e,e,e,e,e,e,e,e,e,e,e,e,e,e,e,e,e,e,e,e,e,e,e,e,e,e,e,e,e,e,e,e,e,e,e,e,e,e,e,e,e,e,e,e,e,e,e,e,e,e,e,e,e,e,e,e,e,e,e,0.30,0.76,1.65,2.65,3.62,4.60,5.58,6.42,6.38,6.51,6.97,7.62,8.36,8.98,9.56,10.29,11.57,13.35,15.30,17.29,19.26,21.09,22.94,26.52,32.26,34.54,34.45,33.09,30.76,27.73,26.02,25.67,26.10,26.83,27.77,29.83,31.65,32.18,31.09,28.36,24.49,19.50,13.60,12.35,13.50,14.98,15.44,14.97,16.73,20.08,24.42,28.75,30.77,30.83,29.68,27.90,26.04,25.02,24.85,25.74,28.23,32.05,35.77,39.06,42.22,45.96,50.41,55.05,59.21,62.17,65.27,68.39,71.37,74.16,76.98,79.72,82.26,84.59,87.47,91.34,95.40,98.79,100.55,101.71,101.97,101.47,100.71,99.67,98.64,97.80,97.32,97.29,97.96,99.09,100.20,100.00,97.59,93.89,90.24,88.10,85.90,85.34,86.16,87.95,89.44,90.87,92.00,92.86,93.56,93.47,93.05,92.41,91.35,89.81,85.37,80.50,76.46,73.20,69.46,65.35,61.30,57.93,55.09,53.27,51.97,50.75,49.28,48.36,47.07,45.07,42.43,39.76,37.38,35.34,33.64,32.13,31.06,29.93,28.65,27.65,26.34,25.25,24.34,23.34,22.25,21.30,20.38,19.48,19.06,19.03,19.00,18.97,19.26,19.93,20.69,21.57,22.76,24.08,25.40,26.55,27.43,27.97,27.81,26.83
e,e,e,e,e,e,e,e,e,e,e,e,e,e,e,e,e,e,e,e,e,e,e,e,e,e,e,e,e,e,e,e,e,e,e,e,e,e,e,e,e,e,e,e,e,e,e,e,e,e,e,e,e,e,e,e,e,e,e,e,e,e,e,e,e,e,e,e,e,e,e,e,e,e,e,e,e,e,e,e,e,e,e,e,e,e,e,e,e,e,e,e,0.68,1.04,1.87,2.67,3.49,4.41,5.35,6.02,5.87,6.33,7.16,7.69,8.19,8.66,9.12,9.70,10.73,12.29,14.08,15.81,17.11,17.84,18.72,21.67,27.48,31.34,31.84,30.46,27.81,24.19,21.98,21.27,21.49,22.22,23.47,26.26,29.03,30.53,30.13,27.91,24.59,19.79,12.77,10.65,11.15,12.15,12.63,13.34,16.51,20.49,24.40,27.69,28.79,28.43,27.06,24.86,22.90,22.01,22.33,24.20,27.96,33.03,37.53,41.20,44.74,48.63,53.13,57.51,60.97,63.61,66.09,68.61,71.24,74.08,77.73,81.30,84.47,87.16,90.45,94.48,98.07,100.30,101.14,101.82,101.68,100.74,99.49,97.83,96.30,95.09,94.37,94.39,95.39,96.96,98.53,98.80,96.98,93.98,90.78,88.26,85.42,83.93,83.96,85.37,86.83,88.74,90.44,91.68,92.41,92.63,92.48,92.04,91.15,89.54,85.42,80.69,76.41,72.98,69.78,66.50,63.11,59.73,57.06,55.14,53.72,52.62,51.44,50.73,49.71,47.93,45.03,42.01,39.24,36.42,33.31,31.09,29.85,28.84,27.78,26.78,25.82,25.03,24.31,23.48,22.64,21.70,20.61,19.55,19.30,19.20,19.07,18.94,18.98,19.10,19.25,19.62,20.45,21.48,22.47,23.32,24.01,24.55,24.57,23.91
e,e,e,e,e,e,e,e,e,e,e,e,e,e,e,e,e,e,e,e,e,e,e,e,e,e,e,e,e,e,e,e,e,e,e,e,e,e,e,e,e,e,e,e,e,e,e,e,e,e,e,e,e,e,e,e,e,e,e,e,e,e,e,e,e,e,e,e,e,e,0.61,1.05,2.91,7.67,4.87,2.37,e,e,e,e,e,e,e,e,e,e,e,e,e,e,e,0.67,1.18,1.84,2.34,2.85,3.47,4.28,5.11,5.49,5.97,6.43,6.84,7.27,7.79,8.28,8.75,9.24,9.89,11.23,12.92,14.52,15.42,16.37,17.58,19.17,21.94,27.95,29.30,27.68,24.43,20.75,18.37,17.42,17.38,17.89,19.29,22.20,25.55,28.15,28.32,26.64,23.91,19.34,11.59,9.51,9.50,9.88,10.50,13.14,16.81,20.42,23.53,25.94,26.19,25.42,23.98,21.87,20.22,19.66,20.67,23.63,28.16,33.87,38.98,43.12,46.69,50.61,55.09,59.13,61.84,64.06,65.38,66.77,68.70,71.32,75.95,80.81,85.21,89.03,93.27,97.31,99.99,100.88,101.50,101.59,101.12,99.95,97.79,95.50,93.66,92.27,91.41,91.45,92.66,94.33,95.92,96.67,95.70,93.72,91.17,88.22,85.12,82.52,81.27,81.83,83.21,85.93,88.65,90.63,91.33,91.50,91.37,91.06,90.36,88.38,84.89,80.69,76.29,72.44,69.07,66.16,63.43,60.57,57.81,55.18,53.39,52.80,52.30,51.83,51.06,49.56,46.64,43.81,40.81,37.30,33.29,30.67,29.32,28.30,27.26,26.24,25.97,25.84,25.52,24.79,24.25,23.23,21.88,20.57,20.11,19.95,19.85,19.71,19.48,19.10,18.75,18.64,19.01,19.51,19.95,20.32,20.66,21.09,21.27,20.99
e,e,e,e,e,e,e,e,e,e,e,e,e,e,e,e,e,e,e,e,e,e,e,e,e,e,e,e,e,e,e,e,e,e,e,e,e,e,e,e,e,e,e,e,e,e,e,e,e,e,e,e,e,e,e,e,e,e,e,e,e,e,e,e,e,e,e,e,e,e,6.33,7.35,10.03,12.74,11.29,10.35,10.15,9.73,9.34,7.62,5.80,5.20,3.03,2.40,e,e,1.79,4.76,5.58,4.40,3.87,2.22,2.47,3.06,3.22,3.66,4.17,4.76,5.27,5.32,5.63,6.03,6.44,6.88,7.41,7.93,8.41,8.89,9.45,10.34,11.62,13.06,14.19,15.41,16.74,18.07,19.81,23.79,25.64,24.66,21.41,17.96,15.40,14.14,13.84,14.28,15.94,18.90,22.15,24.73,25.21,24.03,21.46,17.16,10.81,9.05,9.06,9.37,9.99,13.23,16.98,20.20,22.50,23.63,23.32,22.42,21.22,19.76,18.49,18.60,20.25,23.66,28.61,34.59,39.74,43.75,47.12,50.81,54.80,58.25,60.35,61.87,62.88,64.16,66.05,68.59,73.02,78.28,83.81,89.25,94.02,97.99,100.43,101.07,101.57,101.31,100.63,99.18,96.07,93.22,91.30,90.03,89.23,89.21,90.35,91.95,93.57,94.64,94.00,92.56,90.46,87.38,84.19,81.24,79.17,78.64,79.83,81.94,84.81,87.78,89.41,90.20,90.28,89.76,88.54,86.45,83.42,79.59,75.23,71.34,68.32,65.72,63.23,60.39,55.77,52.57,50.99,50.70,50.56,50.31,49.79,48.62,46.08,43.56,40.69,37.18,33.05,30.30,28.94,28.14,27.57,27.16,27.20,27.30,27.20,26.73,26.49,25.59,24.45,23.51,22.84,22.46,22.16,21.79,21.14,20.28,19.48,18.91,18.73,18.77,18.95,19.18,19.41,19.65,19.86,19.81
e,e,e,e,e,e,e,e,e,e,e,e,e,e,e,e,e,e,e,e,e,e,e,e,e,e,e,e,e,e,e,e,e,e,e,e,e,e,e,e,e,e,e,e,e,e,e,e,e,e,e,e,e,e,e,e,e,e,e,e,e,e,e,e,e,e,e,e,e,e,11.06,12.79,16.67,18.00,17.84,15.61,12.46,11.82,11.18,9.46,7.73,7.08,5.15,5.40,e,e,4.91,7.09,7.60,6.23,5.29,3.98,4.03,4.39,4.23,4.64,5.10,5.47,5.63,5.41,5.39,5.63,6.03,6.51,7.04,7.58,8.09,8.57,9.12,9.65,10.55,11.81,13.20,14.58,15.97,17.30,18.64,20.39,22.23,21.77,18.77,15.46,12.61,11.06,10.65,11.22,12.93,15.82,18.85,21.13,21.67,20.69,18.09,14.24,10.13,8.85,8.91,9.26,9.93,13.11,16.56,19.29,20.88,21.11,20.57,19.73,18.78,17.87,17.18,17.96,20.02,23.43,28.27,33.93,39.10,43.33,46.53,49.95,53.35,56.14,57.76,58.83,59.90,61.40,63.52,66.38,70.70,75.96,81.92,88.34,93.50,97.68,100.29,101.07,101.55,101.12,100.30,98.60,94.66,91.39,89.44,88.26,87.44,87.27,88.33,89.88,91.47,92.62,92.17,91.00,89.15,86.19,82.95,79.76,77.07,75.58,76.38,77.77,80.45,83.97,86.64,88.19,88.72,88.17,86.32,84.20,81.28,77.58,73.41,69.87,67.40,65.16,62.87,59.96,53.60,50.03,48.66,48.40,48.35,48.09,47.64,46.70,44.54,42.29,39.59,36.31,32.67,30.36,29.09,28.45,28.30,28.38,28.68,29.06,29.34,29.23,29.22,28.54,27.70,27.04,26.16,25.52,24.93,24.23,23.21,21.93,20.66,19.59,18.91,18.59,18.56,18.63,18.74,18.81,19.01,19.14
e,e,e,e,e,e,e,e,e,e,e,e,e,e,e,e,e,e,e,e,e,e,e,e,e,e,e,e,e,e,e,e,e,e,e,e,e,e,e,e,e,e,e,e,e,e,e,e,e,e,e,e,e,e,e,e,e,e,e,e,e,e,e,e,e,e,e,e,e,e,11.24,13.67,19.20,21.39,21.79,20.92,19.35,18.21,16.78,15.08,13.62,12.83,11.61,12.39,13.45,13.26,13.21,14.22,13.76,11.80,9.33,6.42,5.75,5.77,5.28,5.66,6.12,6.32,6.20,5.90,5.54,5.45,5.66,6.19,6.73,7.22,7.72,8.26,8.79,9.33,10.05,11.04,12.43,13.82,15.17,16.48,17.76,18.93,19.91,19.26,16.68,13.21,9.86,8.11,7.93,8.97,10.24,12.85,15.69,17.69,17.84,16.47,13.71,10.67,9.47,8.80,8.78,9.15,10.00,12.36,14.99,17.01,18.10,18.40,18.23,17.68,16.84,15.98,16.23,17.56,19.57,22.31,26.19,30.48,35.88,41.40,44.59,47.75,50.53,52.70,54.07,55.28,56.82,58.72,61.27,65.19,70.21,75.07,80.05,85.89,91.38,96.37,99.71,100.87,101.46,101.09,100.28,98.40,93.92,90.48,88.48,87.19,86.08,85.62,86.72,88.30,89.73,90.60,90.28,89.03,87.14,84.64,81.34,77.83,74.69,72.62,72.72,73.83,76.03,79.13,82.51,84.75,86.16,86.08,83.83,81.65,78.21,74.26,70.50,67.92,66.13,64.36,62.38,59.47,52.49,48.90,47.52,46.79,46.43,45.68,44.94,44.01,42.04,39.95,37.27,34.40,32.07,31.26,30.27,29.58,29.46,29.55,30.13,31.14,32.17,32.54,32.65,32.32,31.70,30.84,29.76,28.85,27.89,26.80,25.52,23.95,22.14,20.48,19.45,19.00,18.69,18.41,18.24,18.25,18.44,18.65
e,e,e,e,e,e,e,e,e,e,e,e,e,e,e,e,e,e,e,e,e,e,e,e,e,e,e,e,e,e,e,e,e,e,e,e,e,e,e,e,e,e,e,e,e,e,e,e,e,e,e,e,e,e,e,e,e,e,e,e,e,e,e,e,e,e,e,e,e,1.00,7.76,13.13,19.09,22.20,24.25,24.68,23.72,22.79,21.63,20.02,18.39,17.25,16.36,16.42,16.98,17.83,18.93,19.24,18.13,15.82,12.84,9.72,8.11,7.14,6.29,6.62,6.97,7.00,6.70,6.28,5.82,5.48,5.44,5.88,6.42,6.89,7.39,7.94,8.47,9.02,9.63,10.43,11.69,13.02,14.37,15.71,16.90,17.52,17.81,17.11,15.04,11.61,9.12,7.72,7.33,7.99,9.02,10.75,12.58,13.85,13.60,12.65,11.08,9.51,9.07,8.58,8.54,8.88,9.63,10.99,12.90,14.38,15.14,15.51,15.54,15.27,14.80,14.48,15.33,16.73,18.46,20.66,23.76,27.36,31.95,36.96,40.77,43.17,45.32,47.56,49.93,52.31,54.63,57.08,60.09,64.56,69.83,74.46,78.81,83.94,89.50,94.67,98.54,100.52,101.21,101.04,100.42,98.56,93.59,89.55,86.91,85.16,83.99,83.59,84.74,86.26,87.59,88.56,88.23,86.88,84.94,82.64,79.56,75.93,72.57,70.34,69.96,70.70,72.28,74.84,78.69,81.73,83.97,84.39,82.01,79.25,75.26,71.32,68.14,65.89,64.15,62.65,60.84,57.56,51.69,48.60,47.20,46.34,46.01,44.94,43.52,41.89,40.07,38.52,37.03,35.71,34.92,35.27,35.18,34.71,33.92,32.84,33.31,34.57,35.90,36.59,36.75,36.59,36.09,35.15,33.80,32.34,30.84,29.28,27.61,25.80,23.80,21.85,20.31,19.55,19.10,18.75,18.46,18.28,18.22,18.30
e,e,e,e,e,e,e,e,e,e,e,e,e,e,e,e,e,e,e,e,e,e,e,e,e,e,e,e,e,e,e,e,e,e,e,e,e,e,e,e,e,e,e,e,e,e,e,e,e,e,e,e,e,e,e,e,e,e,e,e,e,e,e,e,e,e,e,e,e,1.02,5.65,12.15,17.96,21.90,25.90,27.63,27.07,26.66,26.07,24.73,23.09,21.85,21.24,21.33,22.15,23.43,23.91,23.37,21.71,19.18,16.13,13.22,10.69,8.61,7.33,7.57,7.73,7.58,7.14,6.61,6.13,5.62,5.33,5.59,6.10,6.58,7.09,7.63,8.16,8.70,9.25,9.92,10.98,12.26,13.62,14.92,15.90,15.98,15.73,15.05,13.49,10.40,9.02,8.04,7.37,7.50,8.27,9.10,9.92,10.48,9.96,9.57,9.30,9.05,8.72,8.36,8.36,8.65,9.16,9.67,10.89,11.86,12.31,12.72,12.92,13.13,13.39,13.83,14.96,16.14,17.43,19.09,21.59,24.75,28.32,32.31,36.58,38.38,40.16,42.70,46.22,49.96,53.06,56.03,59.43,64.04,69.23,73.72,77.83,82.52,88.12,93.25,97.45,100.18,100.94,100.95,100.55,98.76,93.41,88.72,85.30,82.94,81.62,81.40,82.59,84.05,85.33,86.54,86.22,84.83,82.88,80.64,77.73,74.06,70.67,68.46,67.66,68.13,69.27,71.34,75.30,78.97,81.83,82.76,80.59,77.36,72.99,69.12,66.30,63.95,61.99,60.52,58.72,55.25,50.99,48.62,47.37,46.63,46.49,45.37,43.57,41.50,39.78,38.69,38.33,38.41,38.84,39.98,40.66,40.38,38.90,36.70,36.89,38.15,39.54,40.28,40.49,40.42,40.01,39.08,37.59,35.64,33.59,31.56,29.52,27.49,25.43,23.32,21.36,20.32,19.70,19.27,18.92,18.54,18.22,18.11
e,e,e,e,e,e,e,e,e,e,e,e,e,e,e,e,e,e,e,e,e,e,e,e,e,e,e,e,e,e,e,e,e,e,e,e,e,e,e,e,e,e,e,e,e,e,e,e,e,e,e,e,e,e,e,e,e,e,e,e,e,e,e,e,e,e,e,e,e,1.07,5.43,11.31,16.27,20.70,26.45,29.60,29.80,30.08,29.95,29.42,28.82,28.53,28.52,28.71,28.99,29.08,28.29,26.74,24.59,22.04,19.32,16.43,13.34,10.46,8.50,8.50,8.36,7.98,7.46,6.93,6.41,5.87,5.43,5.32,5.78,6.30,6.83,7.36,7.85,8.38,8.95,9.59,10.38,11.66,13.01,14.05,14.43,14.01,13.48,12.81,11.76,9.88,8.82,7.90,7.25,7.28,7.50,8.08,8.75,9.19,8.90,8.63,8.43,8.31,8.28,8.33,8.53,8.72,8.82,9.24,9.74,10.04,10.16,10.46,10.91,12.34,14.23,15.61,16.39,16.90,17.44,18.43,20.68,23.48,26.53,29.79,33.23,35.53,37.81,40.68,44.54,49.06,52.56,55.81,59.31,63.30,67.74,72.26,76.99,82.39,88.26,93.21,97.23,100.05,100.81,100.87,100.50,98.70,93.30,88.22,84.28,81.22,79.10,79.04,80.27,81.76,83.19,84.56,84.54,83.39,81.52,79.07,75.86,72.25,69.16,67.16,65.92,66.56,67.96,69.93,73.05,76.64,79.52,80.88,79.84,76.97,72.98,69.08,65.65,62.48,60.01,57.95,55.86,53.20,50.30,48.80,48.24,48.21,48.38,47.93,47.31,46.41,44.63,43.23,42.51,42.30,42.54,43.57,43.93,43.40,41.97,40.19,39.82,40.68,41.81,41.95,42.19,42.16,41.85,41.18,39.99,38.05,35.72,33.27,31.03,28.83,26.71,24.62,22.68,21.63,20.63,19.84,19.36,18.93,18.59,18.33
e,e,e,e,e,e,e,e,e,e,e,e,e,e,e,e,e,e,e,e,e,e,e,e,e,e,e,e,e,e,e,e,e,e,e,e,e,e,e,e,e,e,e,e,e,e,e,e,e,e,e,e,e,e,e,e,e,e,e,e,e,e,e,e,e,e,e,e,e,0.90,4.53,9.52,14.14,19.39,25.76,29.81,31.17,32.13,32.81,32.95,32.95,33.29,33.69,34.10,34.22,33.68,32.12,29.91,27.40,24.78,22.18,19.25,15.95,12.68,10.10,9.31,8.82,8.32,7.79,7.25,6.71,6.17,5.66,5.31,5.52,6.00,6.54,7.08,7.60,8.14,8.71,9.30,9.98,11.08,12.22,12.98,12.98,12.44,11.80,11.16,10.44,9.43,8.65,7.88,7.25,7.12,7.41,7.66,7.94,8.20,8.07,8.12,8.19,8.25,8.34,8.50,8.80,8.93,8.72,8.97,9.16,9.23,9.29,9.67,10.76,13.11,15.86,17.64,18.18,18.32,18.33,18.61,20.32,22.91,25.70,28.49,31.38,34.01,36.71,39.87,43.91,48.74,52.56,56.01,59.54,63.36,67.34,72.05,77.45,83.33,89.23,94.03,97.73,100.10,100.77,100.73,100.16,98.26,93.34,88.28,83.81,79.83,76.66,76.07,77.36,79.32,81.35,82.75,82.86,81.80,79.87,77.24,73.89,70.62,67.87,65.82,64.22,65.14,66.94,69.06,71.77,75.13,77.88,79.37,78.86,76.44,73.06,69.45,65.78,61.98,59.11,56.74,54.56,52.46,50.60,49.81,49.86,50.50,51.01,51.12,51.14,50.85,49.56,48.20,47.17,46.60,46.61,47.10,47.01,46.25,44.91,43.41,42.81,43.22,43.93,43.83,43.90,43.80,43.30,42.25,40.88,38.81,36.48,34.11,31.84,29.66,27.74,25.90,24.05,22.83,21.57,20.54,19.88,19.33,18.97,18.66
e,e,e,e,e,e,e,e,e,e,e,e,e,e,e,e,e,e,e,e,e,e,e,e,e,e,e,e,e,e,e,e,e,e,e,e,e,e,e,e,e,e,e,e,e,e,e,e,e,e,e,e,e,e,e,e,e,e,e,e,e,e,e,e,e,e,e,e,e,0.63,3.38,7.30,11.90,18.03,24.27,28.83,31.44,32.98,34.54,35.26,35.68,36.53,37.27,37.92,38.09,37.38,35.55,32.98,30.22,27.47,24.80,21.79,18.50,15.12,12.00,10.05,9.19,8.63,8.10,7.55,7.01,6.48,5.94,5.47,5.33,5.70,6.22,6.78,7.39,7.94,8.48,9.03,9.66,10.47,11.30,11.77,11.59,11.18,10.58,9.99,9.47,9.00,8.45,7.85,7.28,6.98,7.67,7.67,7.52,7.55,7.53,7.92,8.38,8.70,8.77,8.85,9.15,9.24,8.86,8.90,9.03,9.13,9.29,9.94,11.87,14.85,17.86,19.59,20.01,20.04,19.72,19.36,20.40,22.88,25.55,28.06,30.57,33.40,36.41,39.82,43.97,48.79,52.84,56.46,60.03,64.09,67.93,72.94,78.89,84.96,90.66,95.34,98.63,100.25,100.76,100.57,99.64,97.54,93.34,88.52,83.55,78.58,74.25,72.85,74.19,76.76,79.52,80.89,81.00,79.93,77.95,75.20,71.88,69.05,66.58,64.34,62.53,63.76,66.01,68.45,71.11,74.17,76.65,78.01,77.64,75.79,73.13,70.01,66.41,62.22,59.08,56.60,54.54,52.89,51.94,51.73,52.25,53.38,54.20,54.69,54.92,54.83,54.20,53.04,51.78,50.86,50.63,50.45,49.93,49.02,47.77,46.46,45.83,45.82,46.04,45.92,45.68,45.28,44.30,42.51,40.66,38.39,36.19,34.13,31.95,29.95,28.39,26.92,25.26,23.84,22.49,21.32,20.43,19.71,19.33,19.03
e,e,e,e,e,e,e,e,e,e,e,e,e,e,e,e,e,e,e,e,e,e,e,e,e,e,e,e,e,e,e,e,e,e,e,e,e,e,e,e,e,e,e,e,e,e,e,e,e,e,e,e,e,e,e,e,e,e,e,e,e,e,e,e,e,e,e,e,e,e,3.96,5.96,10.42,16.67,22.49,27.13,30.31,32.04,33.61,34.92,36.41,38.45,39.68,40.33,40.44,39.90,38.59,36.11,33.21,30.21,27.19,24.11,20.88,17.49,14.00,10.85,9.54,8.90,8.36,7.82,7.28,6.77,6.24,5.68,5.27,5.48,5.97,6.52,7.13,7.69,8.20,8.70,9.21,9.75,10.22,10.46,10.33,10.09,9.77,9.41,9.00,8.51,7.93,7.42,7.00,6.81,7.45,8.02,8.18,7.97,8.09,8.32,8.87,9.47,9.50,9.53,9.63,9.67,9.52,9.48,9.51,9.54,9.80,10.98,13.61,16.80,19.50,20.61,21.12,21.25,20.99,20.54,21.07,23.40,26.11,28.50,30.34,33.41,36.72,40.25,44.35,49.05,53.24,57.04,60.89,65.57,70.03,75.35,81.22,86.83,91.95,96.51,99.48,100.34,100.58,100.35,99.08,96.57,92.70,88.02,82.76,77.04,71.67,70.19,71.46,74.02,76.83,78.19,78.24,77.30,75.59,73.06,70.03,67.22,64.65,62.38,60.84,62.15,64.78,67.84,70.78,73.52,75.31,76.10,75.91,75.11,73.09,70.44,67.24,63.25,59.91,57.52,55.93,55.11,55.29,55.67,56.31,57.26,58.02,58.51,58.72,58.58,57.86,56.58,55.00,53.72,53.30,52.96,52.35,51.48,50.40,49.35,48.77,48.54,48.44,48.16,47.57,46.05,43.95,41.65,39.51,37.09,34.75,32.62,30.67,29.09,27.84,26.70,25.50,24.39,23.26,22.11,20.95,19.93,19.56,19.32
e,e,e,e,e,e,e,e,e,e,e,e,e,e,e,e,e,e,e,e,e,e,e,e,e,e,e,e,e,e,e,e,e,e,e,e,e,e,e,e,e,e,e,e,e,e,e,e,e,e,e,e,e,e,e,e,e,e,e,e,e,e,e,e,e,e,e,e,e,e,3.80,5.08,8.38,14.76,20.22,24.68,28.16,30.30,31.96,33.48,35.58,38.75,40.77,41.77,42.15,41.94,41.00,38.80,35.99,32.89,29.63,26.43,23.16,19.74,16.09,12.29,10.22,9.19,8.64,8.10,7.54,7.03,6.50,5.92,5.34,5.35,5.71,6.26,6.85,7.38,7.90,8.39,8.80,9.19,9.44,9.52,9.41,9.26,9.09,8.88,8.60,8.14,7.57,7.06,6.75,6.84,7.44,8.25,8.69,8.59,8.54,8.48,9.54,11.09,11.20,11.27,11.32,11.33,11.32,11.25,11.21,11.14,11.44,13.26,15.99,18.66,20.61,21.36,21.97,22.31,22.34,22.13,22.23,24.40,26.84,28.78,30.20,33.36,36.84,40.53,44.70,49.31,53.54,57.56,61.80,67.00,71.96,77.26,82.71,87.75,92.57,97.15,99.97,100.35,100.41,100.19,98.53,95.50,91.77,87.26,81.81,75.69,69.93,68.11,69.18,71.37,73.66,74.75,74.83,74.19,72.91,70.86,68.28,65.54,62.92,60.76,59.79,61.27,64.13,67.52,70.48,72.71,73.84,74.20,74.11,73.88,72.57,70.52,67.78,64.33,61.14,59.05,58.06,58.10,58.95,59.75,60.52,61.36,62.14,62.72,62.84,62.35,61.17,59.55,57.78,56.37,55.79,55.36,54.63,53.70,52.68,51.79,51.20,50.73,50.28,49.73,48.71,46.39,43.59,40.98,38.59,36.04,33.49,31.16,29.42,28.04,26.93,25.95,25.02,24.09,23.11,22.01,20.85,19.94,19.60,19.38
e,e,e,e,e,e,e,e,e,e,e,e,e,e,e,e,e,e,e,e,e,e,e,e,e,e,e,e,e,e,e,e,e,e,e,e,e,e,e,e,e,e,e,e,e,e,e,e,e,e,e,e,e,e,e,e,e,e,e,e,e,e,e,e,e,e,e,e,e,e,e,e,5.52,12.04,17.22,21.44,25.04,27.82,29.69,31.02,33.16,37.26,40.49,42.25,43.22,43.53,42.75,40.97,38.45,35.42,32.08,28.75,25.34,21.86,18.23,14.40,11.30,9.55,8.96,8.41,7.82,7.25,6.71,6.16,5.55,5.30,5.47,5.99,6.54,7.04,7.57,8.10,8.43,8.81,8.99,8.99,8.84,8.68,8.48,8.31,8.17,7.89,7.41,6.85,6.59,7.08,7.69,8.30,8.88,9.25,8.90,8.64,10.63,13.60,13.96,14.18,14.29,14.34,14.33,14.26,14.19,13.98,14.25,16.64,18.84,20.27,21.19,21.95,22.64,23.23,23.73,24.00,23.83,25.77,27.59,28.76,30.08,33.14,36.66,40.52,44.88,49.43,53.63,57.85,62.49,68.04,73.21,78.20,83.01,87.53,92.40,97.19,100.08,100.29,100.30,100.00,97.94,94.35,90.63,86.31,80.75,74.60,69.14,66.68,67.31,68.81,70.10,70.67,70.93,70.71,69.97,68.61,66.57,64.04,61.52,59.61,59.41,61.18,64.09,67.42,70.09,71.61,72.20,72.34,72.28,72.02,71.46,70.14,67.94,65.34,62.70,61.17,60.87,61.67,62.66,63.67,64.64,65.52,66.45,67.26,67.17,66.02,64.08,61.92,60.06,58.68,57.90,57.40,56.51,55.45,54.44,53.64,52.99,52.24,51.41,50.52,49.06,46.49,43.55,40.80,38.21,35.57,32.81,30.23,28.59,27.12,25.91,24.87,23.88,22.94,21.97,20.98,20.12,19.75,19.45,19.19
e,e,e,e,e,e,e,e,e,e,e,e,e,e,e,e,e,e,e,e,e,e,e,e,e,e,e,e,e,e,e,e,e,e,e,e,e,e,e,e,e,e,e,e,e,e,e,e,e,e,e,e,e,e,e,e,e,e,e,e,e,e,e,e,e,e,e,e,e,e,e,e,3.12,7.36,12.28,17.11,21.34,24.06,25.30,26.53,29.03,33.88,39.22,41.67,43.02,44.04,43.97,42.37,40.13,37.34,33.66,30.60,27.41,23.97,20.23,16.27,12.69,10.33,9.24,8.68,8.07,7.50,6.96,6.41,5.80,5.36,5.30,5.70,6.27,6.80,7.27,7.71,8.14,8.45,8.52,8.42,8.27,8.12,7.90,7.72,7.58,7.39,7.10,6.65,6.49,7.17,7.83,8.44,9.05,9.82,11.04,12.14,14.14,16.43,17.11,17.34,17.41,17.45,17.48,17.46,17.39,17.10,17.14,19.02,20.29,21.12,21.82,22.62,23.29,23.92,24.50,24.96,25.16,26.38,27.65,28.69,29.95,32.92,36.29,39.96,44.16,48.63,52.79,56.91,61.39,66.77,71.94,77.06,82.05,86.70,91.67,96.89,100.08,100.22,100.15,99.27,96.83,93.17,89.35,85.05,79.54,73.64,68.63,66.01,65.48,65.96,66.79,67.19,67.63,67.71,67.34,66.42,64.72,62.51,60.31,58.80,59.02,60.87,63.51,66.36,68.69,69.91,70.22,70.18,70.14,69.94,69.48,68.86,67.98,66.39,64.61,63.88,64.23,65.33,66.39,67.49,68.60,69.60,70.27,70.87,70.14,68.03,65.40,62.68,60.11,57.90,56.40,55.73,55.29,54.95,54.69,54.44,53.83,52.99,52.06,51.09,49.88,47.58,44.68,41.69,39.16,36.78,34.13,31.38,29.30,27.72,26.10,24.39,22.80,21.71,20.90,20.26,19.81,19.56,19.30,19.03
e,e,e,e,e,e,e,e,e,e,e,e,e,e,e,e,e,e,e,e,e,e,e,e,e,e,e,e,e,e,e,e,e,e,e,e,e,e,e,e,e,e,e,e,e,e,e,e,e,e,e,e,e,e,e,e,e,e,e,e,e,e,e,e,e,e,e,e,e,e,e,e,1.62,3.58,7.71,12.45,16.57,18.84,19.53,20.96,24.09,29.63,36.67,40.20,42.19,43.71,44.35,43.25,41.38,38.82,35.10,32.31,29.41,26.06,22.18,18.03,14.23,11.31,9.52,8.93,8.33,7.75,7.21,6.65,6.07,5.50,5.24,5.46,6.00,6.54,6.96,7.34,7.82,8.04,8.00,7.85,7.70,7.54,7.33,7.13,6.97,6.82,6.68,6.45,6.48,7.22,7.93,8.58,9.21,10.30,13.24,15.72,17.56,18.84,19.61,19.86,19.91,19.93,19.99,20.04,20.00,19.74,19.62,20.67,21.24,21.79,22.48,23.28,23.92,24.54,25.11,25.61,26.11,26.71,27.52,28.51,29.80,32.55,35.68,39.05,42.88,47.22,51.35,55.38,59.64,64.69,69.76,75.13,80.52,85.44,90.47,95.99,99.61,100.10,99.97,98.42,95.64,92.05,88.24,84.07,78.68,73.01,68.39,65.74,64.04,63.37,63.64,63.97,64.53,64.81,64.70,64.13,62.80,60.98,59.17,57.98,58.50,60.31,62.60,64.98,67.05,67.95,68.05,67.82,67.58,67.40,67.03,66.98,67.24,66.95,66.44,66.59,67.50,68.95,70.17,71.44,72.70,73.72,74.03,73.76,71.95,68.82,65.63,62.43,59.12,56.08,53.94,53.20,53.25,53.61,54.08,54.43,54.05,53.37,52.54,51.58,50.64,48.80,46.12,42.99,40.73,38.68,36.22,33.38,30.79,28.86,26.69,24.28,22.04,20.68,20.09,19.80,19.62,19.39,19.17,18.96
