19.15,19.23,19.35,19.46,19.56,19.66,19.63,20.16,20.62,20.56,19.56,18.88,19.25,20.09,20.59,20.91,21.42,22.33,23.62,24.91,28.08,31.09,33.47,35.53,37.39,38.52,39.14,39.50,39.97,40.24,40.98,42.83,46.15,45.98,45.27,45.83,48.62,50.90,53.99,57.58,61.37,65.05,68.25,72.42,76.93,79.54,79.86,78.21,75.50,72.31,69.05,65.43,61.92,58.72,55.74,53.25,53.61,55.81,58.05,60.02,61.57,62.86,64.04,65.42,67.48,70.84,75.49,80.98,84.66,87.24,88.87,88.92,86.16,82.89,79.54,76.10,72.47,68.08,62.53,56.33,50.28,45.33,41.84,39.45,38.08,37.52,37.42,38.01,38.97,39.33,38.66,36.33,33.00,29.50,27.20,25.11,23.31,21.88,20.61,19.01,17.24,15.38,13.52,12.07,10.76,9.62,8.64,7.62,6.65,5.68,4.90,4.64,4.47,4.26,4.04,3.81,3.65,3.44,3.21,2.98,2.76,2.58,2.38,2.15,1.93,1.76,1.56,1.32,1.09,0.88,0.85,0.86,0.86,0.85,0.74,0.63,0.55,0.46,0.31,0.21,0.11,0.01,e,e,e,e,e,e,e,e,e,e,e,e,e,e,e,e,e,e,e,e,e,e,e,e,e,e,e,e,e,e,e,e,e,e,e,e,e,4.56,6.25,11.24,15.60,19.73,23.45,26.68,29.78,32.94,36.04,39.09,42.20,45.17,47.48,49.23,50.36,50.71,51.14,51.61,51.75,50.78,49.11,47.04,45.02,43.47,42.18,41.14,40.48,40.31,40.48,41.32,42.30,43.06,43.23,43.09,42.36,41.06,39.24,37.35,35.28,33.07,30.82,28.77,26.93,25.86,26.19,28.63,31.72,35.27,39.36,44.20,49.76,54.64,58.08,59.94,60.00,59.51,57.31,54.21,51.08,48.47,47.10,46.42,46.33,47.10,48.31,49.78,51.17,52.13,53.09,54.02,54.85,55.56,56.21,56.63,56.05,54.33
19.41,19.50,19.64,20.41,21.48,22.57,23.84,25.05,25.59,25.18,23.68,21.09,19.67,19.36,19.52,19.71,20.85,22.65,24.52,25.27,26.48,28.68,31.31,33.28,34.96,35.81,36.23,36.68,37.61,38.42,39.46,41.43,45.35,47.16,47.03,46.79,48.33,50.15,53.16,56.63,60.14,63.56,66.66,70.03,73.84,77.64,78.34,77.04,74.84,72.23,69.20,65.47,61.76,58.41,55.58,54.06,55.20,57.94,60.69,63.13,65.04,66.51,67.63,68.75,70.60,73.78,78.06,82.62,86.24,88.52,89.47,88.69,85.82,82.66,79.44,76.12,72.65,68.43,63.15,57.19,51.03,44.81,40.49,37.62,35.86,34.76,34.20,34.38,34.98,35.19,34.94,33.49,31.22,28.60,26.45,24.34,22.36,20.56,18.77,16.85,14.83,12.90,11.33,10.34,9.55,8.81,8.04,7.16,6.21,5.39,4.80,4.57,4.40,4.20,3.97,3.75,3.58,3.38,3.15,2.91,2.69,2.52,2.31,2.08,1.86,1.70,1.49,1.28,1.09,0.98,0.98,1.02,1.04,0.99,0.85,0.75,0.66,0.54,0.43,0.31,0.20,0.10,0.11,0.10,e,e,e,e,e,e,e,e,e,e,e,e,e,e,e,e,e,e,e,e,e,e,e,e,e,e,e,e,e,e,e,e,e,e,1.10,4.02,7.01,11.71,15.95,20.07,23.90,27.33,30.49,33.74,37.02,40.46,44.29,47.72,50.34,52.43,54.10,55.36,56.29,56.85,56.87,56.00,54.32,51.98,49.58,47.82,46.58,45.87,45.54,45.60,46.09,46.93,47.75,48.30,48.35,47.97,47.05,45.54,43.44,41.24,38.64,36.04,33.65,31.58,29.75,28.59,28.70,30.89,33.86,37.20,40.81,44.91,49.96,54.73,58.20,60.08,60.14,59.80,57.89,55.09,52.09,49.24,47.20,45.64,44.67,44.87,45.55,46.51,47.47,48.15,48.98,49.86,50.77,51.74,52.69,53.53,53.68,52.86
19.70,19.95,20.39,21.96,24.07,26.32,28.95,30.69,31.12,30.31,28.55,24.66,21.65,20.08,19.90,20.38,22.18,24.63,26.83,27.00,26.27,27.23,29.54,31.29,32.73,33.51,34.11,35.03,36.53,37.96,39.26,41.03,44.58,47.97,48.77,48.25,48.58,50.01,52.77,55.92,59.01,62.14,65.16,67.68,70.51,74.97,76.16,75.54,74.07,72.04,69.40,65.72,61.90,58.40,55.64,55.07,56.75,59.71,62.98,66.02,68.35,70.02,71.15,72.27,74.16,77.17,80.93,84.65,87.80,89.46,89.56,87.89,84.80,81.65,78.59,75.61,72.47,68.37,63.34,57.78,51.92,44.80,39.67,36.20,33.91,32.20,31.16,30.90,31.10,31.11,31.11,30.54,29.30,27.42,25.55,23.55,21.49,19.36,17.00,14.82,12.70,10.85,9.66,9.07,8.67,8.19,7.52,6.74,5.80,5.12,4.74,4.51,4.34,4.14,3.90,3.69,3.52,3.31,3.08,2.85,2.62,2.45,2.25,2.02,1.80,1.64,1.43,1.25,1.14,1.14,1.14,1.17,1.20,1.11,0.98,0.87,0.76,0.63,0.53,0.41,0.29,0.21,0.13,0.11,e,e,e,e,e,e,e,e,e,e,e,e,e,e,e,e,e,e,e,e,e,e,e,e,e,e,e,e,e,e,e,e,e,e,1.38,3.74,7.64,12.17,16.30,20.38,24.30,27.93,31.20,34.51,37.95,41.73,46.11,50.00,52.96,55.35,57.46,59.53,61.01,61.69,61.59,60.89,59.34,56.91,54.32,52.46,51.27,50.82,50.71,50.90,51.62,52.35,52.84,53.09,53.09,52.54,51.49,49.90,47.68,45.22,42.09,39.08,36.51,34.44,32.66,31.52,31.57,33.52,36.29,39.26,42.25,45.52,49.81,54.07,57.28,59.08,59.13,58.67,57.07,54.80,52.22,49.26,46.37,43.86,42.16,41.97,42.30,42.96,43.68,44.20,44.91,45.72,46.72,47.98,49.29,50.40,51.18,51.26
20.05,21.02,22.79,24.91,27.42,30.42,33.32,34.87,34.98,33.93,32.23,29.55,26.72,24.62,24.35,26.11,27.94,29.32,30.00,29.72,28.85,28.32,28.52,29.75,31.02,32.28,33.77,35.65,37.45,39.23,41.18,43.41,46.04,48.80,50.05,50.28,50.55,51.55,53.55,56.02,58.66,61.31,63.89,66.34,68.86,71.68,73.25,73.88,73.46,71.77,69.79,66.39,62.59,59.00,56.19,56.11,58.14,61.34,64.92,68.40,71.04,72.97,74.38,75.74,78.07,81.00,84.25,87.45,89.19,89.86,89.11,86.37,82.53,79.09,76.25,73.84,71.20,67.20,62.52,57.47,51.93,45.03,39.24,34.97,32.20,30.02,28.27,27.34,27.10,27.10,27.15,27.05,26.52,25.32,24.08,22.38,20.42,18.20,15.53,13.31,11.38,9.89,9.17,8.56,8.04,7.57,7.06,6.30,5.44,4.90,4.67,4.45,4.28,4.08,3.84,3.62,3.46,3.25,3.02,2.79,2.56,2.39,2.19,1.96,1.73,1.57,1.41,1.28,1.27,1.32,1.33,1.34,1.32,1.19,1.09,0.97,0.84,0.74,0.61,0.51,0.42,0.33,0.20,0.13,0.10,e,e,e,e,e,e,e,e,e,e,e,e,e,e,e,e,e,e,e,e,e,e,e,e,e,e,e,e,e,e,e,e,0.35,2.40,5.13,8.60,12.66,16.70,20.69,24.60,28.38,31.96,35.38,38.98,42.94,47.39,51.66,55.03,57.86,60.50,63.03,64.88,65.66,65.37,64.39,62.95,61.14,59.18,57.30,55.83,55.12,54.84,54.96,55.69,56.45,56.92,57.13,57.14,56.71,55.67,54.03,51.76,49.24,46.01,42.63,39.58,37.45,35.91,35.12,35.34,36.98,39.00,40.90,43.16,46.06,49.18,52.05,53.98,54.97,55.21,54.98,54.04,52.54,50.45,47.53,44.24,41.32,39.27,38.62,38.73,39.22,39.82,40.40,41.00,41.69,42.66,43.99,45.48,47.04,48.36,49.05
20.95,22.59,24.89,27.37,30.30,33.79,36.75,37.95,37.95,37.02,35.30,33.27,30.87,28.82,28.28,29.83,31.27,32.10,32.17,31.62,30.82,29.83,29.15,29.72,30.70,31.95,33.66,35.90,37.94,40.05,42.39,44.90,47.32,49.73,51.41,52.34,52.74,53.68,55.26,57.27,59.62,62.22,64.73,67.03,69.04,70.71,72.24,73.31,73.29,71.79,70.19,66.95,63.09,59.36,56.74,57.02,59.34,62.69,66.36,70.00,73.05,75.49,77.42,79.43,82.04,84.80,87.35,89.21,89.92,89.65,87.83,83.91,79.91,76.46,73.72,71.47,68.79,65.05,60.89,56.39,51.18,44.89,39.12,34.32,30.65,27.66,25.24,23.81,23.28,23.28,23.32,23.39,23.24,22.65,21.88,20.53,18.60,16.20,13.71,11.76,10.31,9.31,8.79,8.19,7.60,7.06,6.55,5.88,5.19,4.78,4.60,4.38,4.21,4.01,3.78,3.55,3.37,3.17,2.95,2.72,2.49,2.32,2.13,1.90,1.68,1.54,1.44,1.39,1.42,1.47,1.51,1.48,1.41,1.29,1.18,1.06,0.95,0.87,0.72,0.62,0.55,0.45,0.30,0.21,0.19,0.20,e,e,e,e,e,e,e,e,e,e,e,e,e,e,e,e,e,e,e,e,e,e,e,e,e,e,e,e,e,e,e,1.37,3.64,6.44,9.59,13.44,17.38,21.16,24.94,28.77,32.62,36.23,40.01,44.08,48.49,53.05,56.98,60.66,64.25,66.94,68.71,69.33,68.84,67.74,66.24,64.62,63.02,61.56,60.68,59.95,59.57,59.76,60.58,61.13,61.41,61.54,61.54,60.97,59.74,57.87,55.36,52.72,49.67,46.41,43.24,40.84,39.43,38.77,38.84,39.84,40.91,42.05,43.53,45.51,47.56,49.20,50.19,50.67,50.99,51.11,50.73,49.83,48.20,45.43,41.94,38.57,35.96,34.95,34.83,35.20,35.83,36.56,37.26,38.00,38.90,40.15,42.01,43.79,45.35,46.51
22.05,24.27,26.59,29.33,32.65,36.41,39.25,40.13,40.16,39.57,37.91,36.14,34.24,32.52,31.61,32.17,33.08,33.71,33.75,33.06,32.38,31.52,30.70,30.62,31.30,32.33,33.81,35.89,38.01,40.34,42.83,45.45,48.13,50.46,52.53,54.09,54.91,56.06,57.51,59.29,61.51,64.28,66.84,68.84,70.24,71.19,72.42,73.37,73.34,71.95,70.52,67.34,63.38,59.54,57.21,57.85,60.38,63.79,67.41,71.11,74.66,77.74,80.30,83.07,85.79,88.20,89.90,90.18,90.18,88.98,85.97,81.02,77.11,73.78,71.03,68.63,65.66,62.28,58.70,54.72,49.86,44.31,38.98,33.94,29.27,25.29,22.35,20.63,19.94,19.93,19.94,19.98,19.98,19.81,19.30,18.26,16.33,13.75,11.76,10.31,9.44,8.93,8.45,7.86,7.26,6.65,6.05,5.49,5.01,4.71,4.54,4.31,4.15,3.95,3.71,3.48,3.25,3.08,2.89,2.65,2.43,2.26,2.06,1.83,1.64,1.55,1.52,1.54,1.60,1.62,1.67,1.63,1.50,1.41,1.27,1.16,1.08,0.98,0.84,0.75,0.67,0.58,0.43,0.34,0.27,0.22,e,e,e,e,e,e,e,e,e,e,e,e,e,e,e,e,e,e,e,e,e,e,e,e,e,e,e,e,e,e,e,2.95,5.11,7.70,10.66,14.41,18.24,21.77,25.34,29.15,33.19,37.03,41.01,45.18,49.53,54.37,58.97,63.63,68.22,70.93,72.45,72.82,72.20,71.11,69.49,67.85,66.45,65.62,65.67,65.12,64.72,65.01,65.85,66.08,66.10,66.12,66.04,65.19,63.66,61.48,58.66,55.91,53.20,50.28,47.20,44.45,43.08,42.35,42.06,42.25,42.29,42.76,43.42,44.20,45.31,45.91,46.22,46.44,46.81,47.29,47.34,46.89,45.65,43.11,39.55,35.77,32.58,31.30,30.94,31.22,31.91,32.81,33.70,34.51,35.27,36.32,38.57,40.58,42.36,43.92
22.56,25.01,27.43,30.38,33.83,37.44,39.90,40.87,41.05,40.74,39.92,38.44,36.77,35.11,33.85,34.07,34.83,35.40,35.41,34.78,34.03,33.07,32.12,31.79,32.51,33.61,34.76,35.93,37.47,39.45,41.76,44.38,47.31,49.96,52.28,54.42,56.46,58.15,59.84,61.83,64.25,66.98,69.02,70.34,71.19,71.91,72.87,73.42,73.16,71.86,70.49,67.26,63.29,59.53,57.41,58.64,61.27,64.43,67.94,72.01,76.13,79.78,82.83,85.86,88.24,89.78,90.49,90.41,90.16,87.73,83.59,78.61,74.49,71.00,67.96,65.17,62.21,59.17,55.93,52.29,47.89,42.79,37.91,33.14,28.28,23.47,20.59,19.02,18.31,18.26,18.30,18.30,18.15,17.73,16.98,15.88,13.93,11.48,10.26,9.45,8.92,8.49,8.02,7.52,6.96,6.38,5.76,5.18,4.86,4.65,4.48,4.25,4.09,3.89,3.65,3.42,3.19,3.02,2.83,2.59,2.37,2.20,2.00,1.79,1.69,1.69,1.70,1.71,1.74,1.79,1.82,1.75,1.62,1.53,1.39,1.28,1.19,1.07,0.96,0.88,0.80,0.71,0.56,0.47,0.39,0.31,0.20,0.05,0.00,e,e,e,e,e,e,e,e,e,e,e,e,e,e,e,e,e,e,e,e,e,e,e,e,e,e,1.80,2.33,4.17,6.52,9.16,12.09,15.49,19.12,22.55,25.95,29.54,33.60,37.61,41.84,46.23,50.71,56.04,61.36,66.52,71.16,74.09,75.75,76.21,75.72,74.80,73.35,71.88,70.74,70.32,70.49,70.26,70.10,70.25,70.39,70.42,70.42,70.34,69.97,68.98,67.18,64.75,61.89,59.24,56.84,54.03,50.82,48.06,46.59,45.54,44.74,44.27,43.33,42.77,42.45,42.36,42.81,42.72,42.62,42.80,43.37,43.96,44.20,43.93,42.85,40.59,37.15,33.33,29.99,28.62,28.08,28.21,28.80,29.67,30.55,31.03,31.40,32.12,34.17,37.11,39.87,42.01
22.72,25.26,27.72,30.68,34.09,37.58,39.99,41.10,41.58,41.74,41.52,40.30,38.76,37.16,35.79,35.84,36.52,37.06,37.11,36.52,35.66,34.58,33.50,33.02,33.99,35.23,36.25,36.96,37.87,39.18,41.01,43.45,46.49,49.18,51.56,54.00,56.78,59.13,61.37,63.84,66.69,69.58,71.03,71.77,72.25,72.78,73.38,73.42,72.80,71.56,70.13,66.69,62.75,59.39,57.92,59.48,61.98,64.82,68.23,72.54,77.11,81.18,84.49,87.70,89.77,90.68,90.77,90.49,89.80,86.48,81.67,76.67,72.19,68.34,64.87,61.70,58.83,56.06,52.89,49.25,45.10,40.67,36.47,32.08,27.24,22.30,19.57,17.96,17.03,16.84,16.73,16.55,16.22,15.62,14.72,13.49,11.80,10.02,9.31,8.85,8.44,8.02,7.58,7.12,6.62,6.08,5.52,4.98,4.74,4.58,4.42,4.19,4.02,3.82,3.59,3.35,3.13,2.95,2.76,2.53,2.30,2.13,1.97,1.85,1.81,1.84,1.88,1.90,1.91,1.95,1.94,1.87,1.74,1.64,1.51,1.40,1.29,1.17,1.08,1.00,0.93,0.83,0.69,0.59,0.52,0.42,0.29,0.12,0.06,e,e,e,e,e,e,e,e,e,e,e,e,e,e,e,e,e,e,e,e,e,e,e,e,e,e,2.33,3.08,5.41,7.92,10.67,13.63,16.78,20.14,23.37,26.62,30.06,34.01,38.10,42.52,47.22,52.15,57.91,63.47,68.85,73.82,77.03,78.89,79.62,79.45,78.86,77.61,76.36,75.49,75.33,75.44,75.31,75.09,74.87,74.56,74.39,74.30,74.15,73.72,72.84,70.84,68.14,65.17,62.47,60.08,57.24,53.96,51.20,49.61,48.36,47.07,45.46,43.49,42.21,41.23,40.37,39.89,39.29,39.03,39.26,39.95,40.60,41.05,40.98,39.97,37.97,34.83,31.30,28.13,26.43,25.58,25.46,25.88,26.71,27.56,27.94,28.20,28.83,30.63,33.83,37.15,39.79
22.61,25.07,27.48,30.24,33.44,36.91,39.62,40.91,41.83,42.59,42.68,41.74,40.34,38.82,37.56,37.52,38.14,38.73,38.87,38.26,37.25,36.03,34.84,34.28,35.63,37.05,38.19,39.01,39.42,39.87,40.97,42.98,45.87,48.28,50.54,52.98,55.88,58.94,61.88,65.03,68.48,71.75,72.70,73.03,73.35,73.62,73.75,73.23,72.29,71.06,69.41,65.69,61.85,59.20,58.83,60.38,62.54,65.07,68.34,72.69,77.52,81.79,85.18,88.57,90.45,91.09,90.98,90.49,89.09,85.31,80.30,75.20,70.25,65.88,61.90,58.36,55.57,52.91,49.56,45.63,41.53,38.02,34.67,30.77,26.14,21.82,19.19,17.30,15.95,15.45,15.01,14.54,14.02,13.41,12.55,11.23,10.11,9.39,8.89,8.42,7.97,7.53,7.12,6.67,6.21,5.74,5.28,4.89,4.68,4.52,4.35,4.13,3.96,3.75,3.53,3.29,3.06,2.89,2.70,2.47,2.24,2.08,2.00,1.99,1.98,1.99,2.04,2.08,2.08,2.09,2.03,1.95,1.85,1.72,1.62,1.50,1.37,1.29,1.21,1.13,1.06,0.96,0.81,0.72,0.65,0.56,0.45,0.26,0.10,0.01,e,e,e,e,e,e,e,e,e,e,e,e,e,e,e,e,e,e,e,e,e,e,e,e,1.61,2.62,4.54,6.81,9.35,12.26,15.32,18.35,21.37,24.28,27.34,30.73,34.45,38.53,43.08,48.12,53.78,59.86,65.21,70.62,76.27,79.75,81.87,83.00,83.35,83.24,82.25,81.25,80.65,80.61,80.62,80.31,79.73,79.01,78.59,78.22,77.88,77.61,77.34,76.77,74.63,71.60,68.39,65.44,62.73,59.73,56.47,53.72,51.96,50.65,48.86,45.71,42.75,41.05,39.71,38.16,36.52,35.63,35.43,35.77,36.49,37.20,37.90,38.02,37.03,35.29,32.60,29.69,26.93,24.66,23.34,22.88,23.07,23.85,24.70,25.26,25.77,26.57,28.19,30.91,34.17,37.15
22.65,24.40,26.63,29.05,31.92,35.32,38.26,40.07,41.31,42.25,42.98,43.02,42.11,40.70,39.45,39.14,39.80,40.63,41.02,40.25,38.83,37.30,35.95,35.32,36.83,38.59,40.09,41.17,41.73,42.08,42.47,43.25,45.11,47.29,49.53,51.98,54.91,58.00,61.10,64.51,68.28,71.72,72.75,73.12,73.30,72.97,72.56,72.14,71.57,70.48,68.24,64.68,61.41,59.47,59.78,61.39,63.38,65.62,68.50,72.79,77.04,81.03,84.83,88.65,90.63,91.28,91.11,90.47,88.25,84.24,79.22,73.85,68.72,63.95,59.48,55.45,52.29,49.09,45.35,41.47,38.15,35.12,32.31,29.19,25.50,21.79,19.21,17.15,15.40,14.10,13.39,12.77,12.12,11.46,10.84,10.06,9.40,8.91,8.45,7.98,7.52,7.06,6.63,6.21,5.79,5.39,5.04,4.79,4.61,4.46,4.29,4.06,3.85,3.67,3.46,3.23,3.00,2.82,2.64,2.41,2.23,2.15,2.12,2.13,2.17,2.18,2.20,2.24,2.26,2.22,2.16,2.05,1.94,1.82,1.74,1.62,1.49,1.41,1.34,1.26,1.18,1.09,0.94,0.85,0.77,0.66,0.46,0.39,0.24,0.09,0.01,e,e,e,e,e,e,e,e,e,e,e,e,e,e,e,e,e,e,e,e,e,e,1.25,2.44,3.77,5.80,8.14,11.10,14.36,17.62,20.59,23.08,25.56,28.30,31.45,34.98,39.03,43.62,48.82,54.89,61.16,66.66,72.20,78.01,81.55,84.03,85.87,87.11,87.56,87.25,86.78,86.39,86.21,86.06,85.79,85.28,84.57,83.99,83.31,82.32,81.29,80.78,80.02,77.64,74.24,70.52,67.10,63.85,60.59,57.45,54.94,53.04,51.22,48.69,44.76,41.45,39.03,36.91,34.84,33.03,32.10,31.93,32.38,33.35,34.31,34.97,35.01,34.11,32.54,30.39,28.05,25.67,23.29,21.33,20.36,20.29,21.00,21.87,22.62,23.43,24.60,26.56,29.05,31.82,34.42
23.06,23.78,25.63,27.75,30.27,33.37,36.42,38.68,40.24,41.37,42.56,43.57,43.58,42.74,41.52,41.05,41.63,42.60,43.23,42.47,40.67,38.74,37.09,36.27,37.80,39.84,41.73,43.22,44.15,44.60,44.54,44.34,45.03,46.65,48.68,51.05,53.91,56.97,60.20,63.80,67.71,71.07,72.26,72.82,73.11,72.70,71.98,71.62,71.30,70.31,67.64,64.42,61.72,60.28,60.99,62.46,64.25,66.27,68.78,72.69,76.30,80.01,84.19,88.50,90.65,91.33,91.19,90.47,87.69,83.52,78.46,72.81,67.55,62.45,57.49,52.88,49.15,45.34,41.39,37.75,34.97,32.22,29.84,27.42,24.63,21.42,18.96,16.87,14.91,13.04,11.99,11.26,10.61,10.00,9.61,9.29,8.91,8.46,8.02,7.56,7.08,6.61,6.15,5.74,5.39,5.08,4.85,4.70,4.55,4.39,4.22,3.99,3.76,3.58,3.40,3.17,2.94,2.76,2.58,2.38,2.27,2.26,2.27,2.29,2.33,2.36,2.37,2.39,2.42,2.36,2.28,2.16,2.03,1.95,1.87,1.75,1.62,1.54,1.46,1.39,1.31,1.22,1.07,0.96,0.86,0.69,0.44,0.43,0.33,0.18,0.06,e,e,e,e,e,e,e,e,e,e,e,e,e,e,e,e,e,e,e,e,e,e,1.64,3.16,5.03,6.96,9.34,12.83,16.54,20.06,23.07,25.19,27.34,29.79,32.62,35.80,39.65,44.13,49.34,55.60,61.97,67.61,73.19,78.79,82.40,85.28,87.91,90.22,91.72,92.37,92.44,92.15,91.58,90.95,90.57,90.09,89.36,88.69,87.81,86.39,84.72,83.51,82.16,79.53,75.95,71.88,67.92,64.11,60.54,57.41,55.11,53.09,50.61,47.27,42.91,39.40,36.40,33.70,31.35,29.60,28.74,28.67,29.26,30.41,31.54,32.08,32.00,31.20,29.84,28.17,26.29,24.21,21.89,19.37,17.84,17.43,18.02,18.84,19.76,20.97,22.66,24.87,27.21,29.57,31.78
24.12,23.45,24.66,26.58,28.74,31.14,34.09,36.52,38.44,39.93,41.17,42.82,44.38,44.97,43.86,43.45,43.77,44.57,45.39,44.99,43.01,40.61,38.40,37.16,38.52,40.67,42.91,44.97,46.44,47.06,47.07,46.66,46.29,46.75,48.16,50.27,52.91,56.10,59.63,63.43,67.24,70.17,71.43,72.29,73.16,73.74,73.19,72.54,71.94,70.96,68.31,65.58,63.24,61.90,62.65,63.62,65.09,66.99,69.24,72.29,75.49,79.10,83.42,88.25,90.52,91.26,91.20,90.52,87.71,83.43,78.18,72.31,66.88,61.53,56.09,50.77,46.31,42.04,38.34,35.10,32.12,29.42,27.41,25.47,23.14,20.28,18.04,16.11,14.28,12.45,10.97,10.16,9.72,9.41,9.09,8.78,8.43,8.03,7.63,7.18,6.68,6.17,5.70,5.25,4.98,4.83,4.72,4.63,4.48,4.33,4.16,3.93,3.70,3.52,3.33,3.10,2.87,2.70,2.54,2.41,2.38,2.43,2.46,2.46,2.48,2.54,2.56,2.56,2.56,2.49,2.41,2.29,2.16,2.08,2.00,1.87,1.74,1.67,1.59,1.51,1.44,1.34,1.19,1.05,0.86,0.65,0.42,0.28,0.31,0.31,0.16,0.03,0.00,e,e,e,e,e,e,e,e,e,e,e,e,e,e,e,e,e,e,e,1.21,2.63,4.34,6.13,8.00,10.31,14.38,18.62,22.49,25.71,27.82,29.89,32.16,34.62,37.15,40.50,44.61,49.58,55.78,62.10,67.79,73.11,78.06,81.82,85.14,88.54,92.13,95.53,97.47,98.07,97.66,96.37,94.63,93.83,93.11,92.13,91.51,90.65,89.38,87.56,84.98,82.50,79.64,76.26,72.24,67.69,63.42,59.48,56.10,53.81,51.70,48.47,44.30,39.84,36.20,33.02,30.27,28.04,26.35,25.66,25.81,26.58,27.72,28.77,29.15,28.97,28.32,27.28,25.91,24.28,22.40,20.27,17.39,15.29,14.37,14.76,15.39,16.46,18.22,20.62,22.73,24.96,27.22,29.33
25.47,24.42,24.40,25.50,27.26,29.41,31.86,34.27,36.31,37.98,39.59,41.73,43.87,45.30,45.47,45.75,46.06,46.64,47.45,47.70,46.58,44.10,40.96,38.60,39.10,41.23,43.95,46.61,48.49,49.70,50.12,49.61,48.27,47.90,48.48,49.98,52.58,55.91,59.57,63.42,67.20,70.15,71.80,72.94,73.96,74.84,74.53,73.86,73.17,72.28,69.90,67.56,65.44,64.06,64.55,65.31,66.43,67.96,70.09,72.92,76.02,79.52,83.63,88.30,90.44,91.14,91.13,90.53,87.78,83.40,77.98,71.94,66.36,60.86,55.25,49.79,45.36,41.18,37.52,34.24,31.11,28.41,26.22,24.11,21.76,19.14,16.90,14.96,13.19,11.47,10.28,9.57,9.16,8.88,8.58,8.29,7.97,7.58,7.19,6.75,6.28,5.80,5.32,4.96,4.77,4.67,4.59,4.51,4.41,4.25,4.05,3.86,3.64,3.45,3.27,3.04,2.81,2.66,2.58,2.55,2.55,2.58,2.62,2.65,2.65,2.69,2.73,2.73,2.69,2.61,2.51,2.39,2.28,2.21,2.13,2.00,1.87,1.79,1.72,1.64,1.56,1.46,1.27,1.08,0.86,0.64,0.41,0.25,0.26,0.30,0.27,0.14,0.10,0.10,e,e,e,e,e,e,e,e,e,e,e,e,e,e,e,e,0.90,1.17,1.66,2.94,4.62,6.39,8.27,10.70,15.28,20.07,24.49,28.25,30.92,33.26,35.57,37.80,39.62,42.05,45.40,49.81,55.55,61.37,66.96,72.08,76.45,80.16,83.82,87.47,91.30,95.67,98.87,100.09,99.93,99.04,97.75,96.70,95.62,94.34,93.20,91.90,90.34,88.23,85.05,81.76,78.72,75.59,71.90,67.39,62.73,58.52,55.01,52.29,49.25,45.28,40.90,36.87,33.25,29.87,26.96,24.74,23.10,22.57,22.89,23.73,24.77,25.74,26.07,25.90,25.37,24.55,23.44,21.94,20.03,17.76,15.01,12.80,11.58,11.66,11.97,12.68,14.30,16.98,19.75,22.43,24.87,26.83
26.94,25.94,24.85,24.94,26.04,27.88,29.80,32.05,34.09,35.91,37.98,40.45,42.75,44.64,45.99,47.03,47.68,48.35,49.23,50.06,49.93,47.79,44.15,40.66,39.94,41.89,45.03,48.23,50.59,52.50,53.49,53.19,51.44,50.41,50.01,50.59,52.85,56.12,59.76,63.56,67.30,70.35,72.39,73.81,74.93,75.92,75.89,75.38,74.78,73.94,71.89,69.79,67.78,66.32,66.49,67.11,67.97,69.23,71.31,74.13,77.22,80.59,84.40,88.58,90.44,91.05,91.08,90.57,87.93,83.44,77.80,71.58,65.88,60.30,54.68,49.34,45.12,41.11,37.45,34.02,30.76,28.03,25.55,23.09,20.60,18.10,15.76,13.72,11.96,10.49,9.75,9.21,8.74,8.39,8.08,7.82,7.51,7.14,6.75,6.31,5.89,5.47,5.00,4.74,4.62,4.54,4.46,4.39,4.31,4.15,3.95,3.79,3.57,3.39,3.21,2.98,2.77,2.67,2.67,2.72,2.74,2.74,2.78,2.83,2.84,2.84,2.89,2.90,2.82,2.73,2.59,2.49,2.41,2.33,2.25,2.13,2.00,1.92,1.84,1.76,1.66,1.54,1.32,1.08,0.85,0.62,0.40,0.23,0.18,0.24,0.35,0.23,0.14,0.10,e,e,e,e,e,e,e,e,e,e,e,e,e,e,e,e,1.04,1.39,2.24,3.19,4.68,6.39,8.29,10.86,15.86,21.21,26.19,30.44,33.71,36.46,38.99,41.18,42.51,44.09,46.55,50.17,55.21,60.44,65.79,70.64,74.55,78.25,82.18,85.89,89.70,94.72,99.00,100.79,100.94,100.66,100.08,98.89,97.43,95.84,94.11,92.34,90.27,87.64,84.09,80.27,77.19,74.34,71.00,66.69,61.84,57.44,53.77,50.46,46.39,41.93,37.66,34.09,30.44,26.79,23.73,21.60,20.09,19.68,19.98,20.68,21.64,22.56,22.86,22.70,22.23,21.52,20.56,19.14,17.20,14.85,12.52,10.50,9.16,8.91,8.94,9.18,10.37,12.98,16.27,19.49,22.27,24.19
28.51,27.85,26.88,25.93,25.63,26.48,28.20,30.02,31.90,33.97,36.47,38.88,41.02,42.67,43.69,45.03,46.92,48.77,50.22,51.08,51.31,50.44,48.15,44.20,41.77,43.08,46.35,49.94,53.13,55.62,57.36,58.16,57.66,56.27,54.64,53.61,54.34,56.95,60.24,63.80,67.42,70.38,72.45,74.16,75.70,76.94,77.23,77.23,76.95,76.08,74.19,71.95,69.82,68.32,68.29,68.69,69.67,71.22,73.38,76.15,79.20,82.48,85.99,89.31,90.59,91.06,91.21,90.77,88.26,83.59,77.63,71.16,65.38,59.79,54.42,49.48,45.24,41.20,37.51,34.05,30.69,27.86,25.24,22.66,20.06,17.41,14.86,12.59,10.83,9.90,9.42,8.98,8.47,7.96,7.63,7.34,7.03,6.69,6.30,5.91,5.51,5.13,4.79,4.60,4.49,4.42,4.34,4.26,4.18,4.05,3.89,3.73,3.50,3.32,3.14,2.93,2.80,2.81,2.84,2.87,2.92,2.93,2.94,2.97,3.02,3.03,3.04,3.02,2.94,2.80,2.70,2.62,2.54,2.46,2.38,2.26,2.13,2.05,1.97,1.85,1.69,1.48,1.25,1.02,0.79,0.56,0.33,0.17,0.08,0.08,e,e,e,e,e,e,e,e,e,e,e,e,e,e,e,0.00,0.13,0.36,0.59,0.82,1.39,2.08,2.94,3.86,4.94,6.39,8.28,10.83,16.07,21.97,27.36,31.54,35.03,38.31,41.38,43.98,45.61,47.00,48.59,50.95,55.01,59.78,64.53,68.81,72.56,76.66,80.71,84.45,88.42,94.01,98.82,100.86,101.12,100.95,100.44,99.23,97.56,95.61,93.62,91.75,88.90,85.15,81.18,77.44,74.71,72.21,69.04,64.75,60.23,55.85,51.76,47.87,43.32,39.15,35.41,31.84,27.82,23.73,20.65,19.01,17.82,17.42,17.14,17.16,18.24,19.15,19.36,19.10,18.54,17.69,16.63,15.21,13.43,11.54,10.08,8.77,7.70,7.19,7.14,7.04,7.63,9.43,12.02,15.43,18.88,21.19
30.60,30.23,29.04,27.57,26.47,26.28,27.04,28.48,30.15,32.05,34.50,36.82,38.86,40.40,41.25,42.48,45.03,47.95,50.40,51.34,51.99,52.14,51.10,47.89,45.32,45.35,47.45,51.09,55.31,58.24,60.24,61.42,61.48,60.36,58.70,57.25,56.97,58.48,61.28,64.62,68.08,71.00,73.20,75.00,76.58,77.93,78.69,79.19,79.25,78.41,76.47,74.13,72.04,70.63,70.44,70.77,71.83,73.51,75.73,78.39,81.25,84.31,87.40,89.80,90.73,91.15,91.33,90.83,88.23,83.26,77.06,70.66,64.88,59.47,54.42,49.76,45.41,41.18,37.20,33.43,29.84,26.71,24.26,21.95,19.41,16.75,14.07,11.76,10.14,9.54,9.16,8.74,8.31,7.95,7.64,7.33,6.99,6.60,6.15,5.73,5.35,5.01,4.72,4.51,4.38,4.29,4.21,4.13,4.05,3.96,3.82,3.66,3.44,3.26,3.11,2.98,2.93,2.96,2.99,3.03,3.08,3.11,3.12,3.14,3.18,3.21,3.20,3.15,3.06,2.91,2.82,2.74,2.67,2.59,2.51,2.38,2.25,2.17,2.07,1.90,1.69,1.46,1.23,1.00,0.76,0.53,0.31,0.12,0.04,0.00,e,e,e,e,e,e,e,e,e,e,e,e,e,e,0.43,0.58,0.70,0.93,1.17,1.40,1.88,2.58,3.46,4.46,5.43,6.64,8.27,10.76,16.18,22.32,27.90,32.11,35.63,39.04,42.43,45.67,48.41,50.36,51.88,53.62,56.58,60.51,64.57,68.45,72.13,76.19,80.32,84.43,88.97,94.89,99.20,100.99,101.24,101.03,100.42,98.87,96.90,94.82,92.75,90.54,86.89,82.27,78.18,74.63,72.08,69.68,66.61,62.60,58.28,54.00,49.88,45.98,41.48,37.45,33.85,30.18,25.89,21.79,18.72,17.00,15.74,15.17,14.60,14.18,14.68,15.21,15.16,14.76,14.23,13.60,12.80,11.77,10.52,9.25,8.21,7.23,6.29,5.54,5.41,5.09,5.30,6.45,7.85,10.24,12.61,14.06
33.00,32.91,31.40,29.70,28.14,26.93,26.42,27.36,28.72,30.23,32.31,34.47,36.47,37.99,38.80,39.78,42.52,46.22,49.72,50.86,52.02,53.05,53.22,51.37,49.46,48.18,48.74,52.23,57.30,60.50,62.50,63.66,63.88,63.32,62.29,61.11,60.29,60.69,62.90,65.99,69.35,72.30,74.55,76.26,77.66,79.01,80.20,81.16,81.51,80.76,78.69,76.34,74.40,73.19,72.85,73.19,74.25,75.95,78.23,80.53,82.88,85.43,88.03,89.83,90.73,91.20,91.34,90.74,87.88,82.60,76.30,70.13,64.37,59.19,54.41,49.90,45.48,41.03,36.70,32.52,28.63,25.06,22.83,20.89,18.57,16.00,13.32,11.14,9.74,9.33,8.96,8.56,8.28,8.21,7.94,7.63,7.24,6.75,6.23,5.75,5.36,5.02,4.71,4.48,4.31,4.19,4.10,4.02,3.93,3.85,3.75,3.60,3.39,3.21,3.12,3.11,3.11,3.12,3.15,3.21,3.22,3.27,3.30,3.31,3.33,3.38,3.35,3.28,3.18,3.04,2.95,2.87,2.79,2.72,2.64,2.51,2.38,2.27,2.12,1.92,1.68,1.45,1.22,0.99,0.76,0.52,0.29,0.07,0.01,e,e,e,e,e,e,e,e,e,e,e,e,e,e,e,0.42,1.01,1.48,1.77,2.05,2.29,2.54,3.02,3.87,4.96,5.98,7.02,8.31,10.68,16.22,22.40,28.00,32.33,35.78,39.11,42.68,46.62,50.77,53.75,55.77,57.34,59.31,62.33,65.83,69.47,73.15,76.88,80.92,85.39,90.53,96.52,99.82,101.06,101.21,100.86,100.03,98.04,95.77,93.66,91.55,88.80,84.41,79.20,75.12,71.84,69.36,66.93,63.92,60.31,56.22,52.10,48.16,44.48,40.36,36.48,32.81,29.00,24.55,20.59,17.48,15.33,13.80,12.99,12.32,11.70,11.39,11.39,11.05,10.55,10.14,9.86,9.42,8.89,8.27,7.56,6.68,5.78,4.86,3.94,3.70,3.23,3.29,4.17,4.41,5.36,5.97,6.11
35.47,35.78,34.48,32.59,30.48,28.47,27.33,27.00,27.57,28.88,30.38,32.10,34.02,35.63,36.47,37.66,39.94,43.34,47.15,48.89,50.69,52.73,54.23,53.61,51.91,50.83,51.52,54.79,59.33,62.42,64.53,65.87,66.28,66.00,65.30,64.49,63.95,64.18,65.80,68.55,72.06,75.10,76.76,78.08,79.39,80.62,81.80,82.91,83.42,82.72,80.69,78.61,77.02,76.07,75.66,75.81,76.68,78.34,80.67,81.68,82.40,83.57,85.60,88.36,90.10,90.87,90.94,90.28,86.99,81.70,75.64,69.60,63.86,58.57,53.66,49.13,44.93,40.55,36.21,31.98,27.84,23.77,21.02,18.95,17.02,14.74,12.43,10.66,9.59,9.26,8.97,8.77,8.70,8.70,8.47,8.13,7.68,7.11,6.57,6.05,5.54,5.06,4.72,4.52,4.36,4.21,4.09,3.96,3.82,3.72,3.64,3.53,3.37,3.27,3.23,3.25,3.29,3.30,3.31,3.35,3.39,3.43,3.44,3.45,3.51,3.53,3.48,3.39,3.26,3.16,3.07,2.99,2.92,2.84,2.76,2.64,2.48,2.29,2.08,1.86,1.63,1.40,1.16,0.93,0.70,0.47,0.24,0.06,0.00,e,e,e,e,e,e,e,e,e,e,e,e,e,e,e,0.31,1.02,1.77,2.40,2.91,3.18,3.41,3.74,4.30,5.22,6.25,7.33,8.58,10.66,16.21,22.27,27.77,32.22,35.64,38.98,42.72,47.02,51.81,56.19,59.26,61.17,62.69,65.71,69.29,73.07,76.85,80.11,83.32,87.20,92.04,97.61,100.04,100.71,100.58,100.01,98.73,96.71,94.44,92.13,89.69,86.21,81.39,76.05,71.89,68.97,66.63,64.14,61.10,57.93,54.47,50.70,46.74,42.98,39.41,35.96,32.47,28.64,24.08,19.90,16.39,13.75,12.07,11.11,10.54,10.14,9.79,9.49,9.19,8.91,8.66,8.47,7.86,7.26,6.76,6.04,5.23,4.30,3.33,2.51,1.96,1.38,1.16,e,e,e,e,e
37.90,38.53,37.70,35.86,33.40,30.67,28.69,27.53,27.40,28.11,28.96,30.20,31.77,33.26,34.39,35.96,38.07,41.05,44.59,46.92,49.33,52.17,54.79,55.61,54.53,53.80,54.59,57.56,61.39,64.34,66.60,68.19,68.87,68.90,68.49,67.95,67.65,67.96,69.54,72.34,75.93,78.52,79.63,80.51,81.56,82.72,83.89,84.99,85.66,85.36,83.87,81.92,80.32,79.38,79.10,79.17,79.19,79.59,80.82,80.75,80.58,80.95,82.34,84.98,87.68,89.53,90.25,89.36,85.73,80.64,74.93,69.01,63.26,57.89,52.87,48.28,44.24,40.01,35.78,31.57,27.30,22.99,19.96,17.82,16.10,14.09,12.09,10.55,9.64,9.41,9.22,9.17,9.20,9.21,9.00,8.62,8.10,7.51,7.00,6.44,5.83,5.25,4.80,4.61,4.44,4.27,4.12,3.96,3.80,3.68,3.58,3.48,3.39,3.38,3.40,3.41,3.45,3.48,3.50,3.51,3.55,3.59,3.60,3.61,3.66,3.67,3.59,3.48,3.36,3.28,3.20,3.12,3.05,2.97,2.87,2.72,2.52,2.29,2.06,1.82,1.59,1.36,1.13,0.90,0.66,0.44,0.25,0.15,0.16,e,e,e,e,e,e,e,e,e,e,e,e,e,e,e,0.19,0.93,1.82,2.64,3.35,3.82,4.23,4.59,4.94,5.57,6.50,7.57,8.80,10.75,16.23,22.20,27.60,32.00,35.39,38.71,42.51,47.03,52.09,57.42,61.27,63.66,65.56,68.83,72.56,76.31,79.77,82.49,85.20,88.55,92.67,96.98,98.79,99.13,98.81,98.17,96.75,94.91,92.77,90.28,87.32,83.32,78.16,72.78,69.05,66.35,63.98,61.38,58.31,55.36,52.20,48.55,44.57,41.08,38.10,35.15,31.97,28.23,23.67,19.38,15.56,12.49,10.71,9.80,9.32,9.01,8.69,8.29,7.97,7.72,7.52,7.35,6.70,5.99,5.37,4.66,3.86,2.87,2.04,1.74,1.09,0.46,0.10,e,e,e,e,e
40.26,41.09,40.83,39.29,36.76,33.50,30.48,28.97,28.25,27.98,28.20,28.93,29.88,31.04,32.62,34.65,36.97,39.58,42.44,45.24,48.22,51.64,55.10,57.43,57.40,57.05,57.78,60.36,63.56,66.38,68.77,70.65,71.68,72.07,71.91,71.51,71.31,71.85,73.93,77.14,80.65,82.32,83.03,83.52,84.15,85.27,86.41,87.42,88.21,88.57,87.99,85.92,83.86,82.62,82.50,82.55,81.25,79.46,78.65,77.88,77.70,78.01,78.78,80.13,83.61,87.05,89.08,88.06,84.30,79.48,74.14,68.34,62.57,57.20,52.14,47.46,43.44,39.41,35.36,31.24,27.02,22.74,19.77,17.65,15.95,14.17,12.48,11.09,10.19,10.09,10.00,10.01,10.05,10.00,9.71,9.18,8.56,7.96,7.53,6.91,6.25,5.60,4.96,4.73,4.53,4.34,4.18,4.03,3.87,3.72,3.57,3.45,3.47,3.53,3.58,3.58,3.59,3.64,3.68,3.69,3.70,3.75,3.79,3.79,3.79,3.79,3.69,3.57,3.49,3.40,3.33,3.25,3.17,3.08,2.94,2.74,2.51,2.29,2.05,1.82,1.59,1.36,1.14,0.91,0.68,0.47,0.34,0.38,0.41,0.51,0.62,0.42,0.19,0.09,e,e,e,e,e,e,e,e,e,e,0.09,0.82,1.69,2.54,3.37,4.16,4.90,5.45,5.73,6.07,6.79,7.76,8.96,10.97,16.31,22.18,27.47,31.69,35.06,38.31,42.10,46.67,51.71,57.44,61.75,64.74,67.71,71.38,75.25,78.78,81.52,83.70,86.25,89.19,92.21,94.55,95.95,96.22,95.89,95.38,94.15,92.67,90.74,88.07,84.50,80.14,74.77,69.54,66.64,64.02,61.41,58.59,55.51,52.51,49.27,45.52,41.62,38.78,36.35,33.89,31.09,27.60,23.15,18.93,14.97,11.58,9.80,9.08,8.62,8.20,7.88,7.55,7.11,6.69,6.40,6.21,5.74,4.97,4.05,3.42,2.56,1.58,0.85,e,e,e,e,e,e,e,e,e
42.30,43.14,42.81,41.53,39.55,36.87,33.70,31.26,29.70,28.99,28.92,29.02,29.32,30.01,31.42,33.65,36.13,38.75,41.57,44.66,48.04,51.94,55.87,58.65,59.38,59.82,60.99,63.43,66.52,69.15,71.42,73.37,74.79,75.38,75.24,74.79,74.62,75.69,78.16,81.24,84.16,85.69,86.29,86.62,87.05,87.85,88.76,89.63,90.27,90.44,89.80,87.00,84.00,81.79,80.75,80.02,78.76,77.26,76.16,75.27,75.19,75.66,76.53,77.73,80.21,83.19,85.98,87.19,83.70,78.73,73.27,67.52,61.93,56.61,51.49,46.66,42.28,38.39,34.63,30.87,27.02,23.03,20.07,17.88,16.23,14.81,14.29,13.82,13.35,13.40,13.38,13.39,13.35,13.03,12.05,10.80,9.66,8.83,8.37,7.80,7.05,6.14,5.18,4.83,4.63,4.44,4.25,4.08,3.94,3.78,3.63,3.54,3.59,3.67,3.73,3.77,3.78,3.80,3.84,3.88,3.88,3.91,3.95,3.98,3.97,3.89,3.78,3.71,3.66,3.54,3.46,3.38,3.28,3.11,2.91,2.70,2.46,2.23,2.00,1.77,1.56,1.37,1.18,1.00,0.79,0.61,0.61,0.71,0.76,0.94,1.29,1.11,0.88,0.91,1.25,1.40,0.93,0.70,e,e,e,e,e,e,0.22,0.78,1.56,2.41,3.26,4.11,4.94,5.67,6.26,6.82,7.35,8.09,9.29,11.59,16.60,21.98,26.95,31.20,34.58,37.78,41.53,46.08,51.06,56.66,61.37,65.17,68.85,73.00,77.05,80.40,82.75,84.78,86.65,88.38,89.90,91.00,91.80,92.21,92.30,92.08,91.52,90.31,88.25,85.20,81.48,76.22,71.26,67.28,64.51,61.77,58.71,55.46,52.14,48.79,45.36,41.92,38.76,36.46,34.21,31.86,29.23,26.05,22.08,18.16,14.29,10.94,9.58,8.80,8.13,7.50,7.06,6.73,6.37,5.91,5.42,5.10,4.79,4.09,3.03,2.19,1.29,0.87,0.60,e,e,e,e,e,e,e,e,e
44.27,45.08,44.71,43.63,42.08,39.95,37.02,33.96,31.82,30.84,30.53,29.93,29.50,29.61,30.75,33.13,35.78,38.53,41.48,44.82,48.60,53.02,57.29,59.84,61.14,62.44,64.17,66.51,69.30,71.69,73.90,75.98,77.73,78.40,78.29,77.89,77.87,79.42,82.11,85.01,87.51,89.08,89.57,89.81,90.09,90.52,91.18,91.73,91.92,91.47,90.28,86.55,82.74,79.95,78.20,76.87,75.72,74.62,73.55,72.76,72.85,73.54,74.65,76.01,77.75,80.19,83.33,86.31,83.03,77.92,72.38,66.72,61.33,56.04,50.89,45.94,41.30,37.38,33.79,30.33,26.88,23.31,20.51,18.36,16.83,16.03,16.51,16.93,17.05,17.30,17.21,17.14,17.02,16.57,15.30,13.72,12.10,10.59,9.51,8.79,7.91,6.79,5.58,4.97,4.71,4.53,4.31,4.15,3.99,3.84,3.71,3.64,3.70,3.78,3.87,3.94,3.96,3.97,4.00,4.05,4.07,4.07,4.10,4.14,4.13,4.01,3.92,3.86,3.82,3.68,3.58,3.49,3.34,3.12,2.88,2.65,2.42,2.19,1.98,1.76,1.58,1.42,1.27,1.10,0.94,0.86,0.94,1.07,1.11,1.43,2.06,1.94,1.71,1.57,1.63,1.90,1.53,1.43,e,e,e,e,e,e,0.68,1.02,1.68,2.48,3.29,4.10,4.90,5.72,6.55,7.33,7.83,8.46,9.70,12.37,16.95,21.79,26.43,30.67,34.00,37.17,40.83,45.25,50.19,55.48,60.39,64.89,69.35,74.13,78.28,81.44,83.47,85.11,86.17,86.89,87.35,87.55,87.83,88.36,88.92,89.26,89.42,88.20,85.85,82.51,78.37,72.73,68.36,65.39,62.58,59.60,56.17,52.51,48.77,45.03,41.42,38.19,35.55,33.71,31.78,29.70,27.31,24.35,20.92,17.47,13.90,10.69,9.54,8.65,7.79,7.00,6.41,5.95,5.60,5.17,4.57,4.09,3.80,3.18,2.21,1.40,0.47,0.10,e,e,e,e,e,e,e,e,e,e
46.22,47.03,46.90,45.92,44.35,42.28,39.92,37.05,34.90,33.77,33.13,31.83,30.51,29.88,30.84,33.40,36.22,39.14,42.29,45.88,50.15,55.19,59.68,61.22,62.83,64.94,67.24,69.44,71.44,73.54,75.86,78.28,80.20,80.85,80.86,80.77,81.16,82.98,85.64,88.48,91.03,92.63,92.93,93.08,93.30,93.34,93.74,93.66,92.95,91.49,89.26,84.45,80.29,77.86,76.22,74.85,73.41,71.99,70.87,70.33,70.72,71.64,72.95,74.65,76.78,79.26,82.24,85.25,81.92,76.86,71.49,66.03,60.79,55.49,50.32,45.37,40.75,36.57,32.84,29.48,26.41,23.36,21.04,19.15,17.85,18.10,18.95,19.88,20.70,21.26,20.86,20.56,20.40,20.14,19.48,18.51,16.59,13.76,11.11,9.82,8.75,7.55,6.27,5.19,4.78,4.59,4.37,4.21,4.06,3.91,3.77,3.71,3.76,3.88,4.00,4.08,4.14,4.16,4.17,4.19,4.25,4.26,4.27,4.27,4.26,4.19,4.11,4.03,3.95,3.81,3.71,3.56,3.34,3.12,2.88,2.65,2.42,2.20,2.03,1.86,1.70,1.55,1.39,1.19,1.15,1.24,1.32,1.41,1.44,1.86,2.75,2.74,2.54,2.46,2.66,3.27,3.20,2.94,2.66,2.41,2.04,1.59,1.40,1.51,1.53,1.75,2.23,2.90,3.61,4.28,4.97,5.71,6.51,7.33,8.07,8.85,10.18,13.23,17.33,21.70,26.04,30.09,33.33,36.43,39.93,44.11,49.01,53.91,58.70,63.59,69.08,74.67,78.84,81.74,83.46,84.12,84.38,84.73,85.05,84.70,84.73,85.23,86.20,87.50,88.31,86.59,83.82,80.42,75.23,70.34,66.61,63.74,60.89,57.53,53.96,50.04,45.67,41.55,37.82,34.45,31.73,30.23,29.00,27.60,25.63,22.72,19.81,17.04,14.03,11.03,9.55,8.54,7.67,6.83,6.03,5.25,4.78,4.42,3.94,3.26,2.77,2.18,1.57,e,e,e,e,e,e,e,e,e,e,e,e,e
47.83,48.71,48.79,48.08,46.65,44.51,42.30,39.87,38.00,36.84,35.91,34.26,32.37,31.12,31.69,34.28,37.18,40.21,43.49,47.09,51.69,56.62,60.69,62.17,63.77,66.02,68.45,70.64,72.60,74.80,77.14,79.44,81.35,82.66,83.21,83.53,84.43,86.42,89.37,92.40,94.92,96.48,96.46,96.29,96.13,95.37,94.46,93.38,92.06,90.16,86.78,82.03,78.27,76.09,74.42,72.89,71.31,69.81,68.69,68.20,68.98,70.35,72.06,74.41,76.93,79.65,82.32,83.80,80.54,75.57,70.38,65.48,60.40,55.01,49.67,44.63,40.14,36.09,32.36,29.13,26.72,24.23,22.16,20.70,20.17,20.91,22.33,23.42,24.06,24.54,23.95,23.31,22.88,22.56,21.84,20.92,19.21,16.57,13.70,11.76,9.99,8.24,6.68,5.30,4.79,4.62,4.44,4.28,4.09,3.92,3.79,3.76,3.86,4.00,4.13,4.21,4.28,4.33,4.35,4.36,4.39,4.44,4.45,4.44,4.40,4.32,4.25,4.17,4.07,3.89,3.73,3.53,3.31,3.12,2.92,2.73,2.54,2.35,2.19,2.00,1.83,1.67,1.48,1.42,1.47,1.58,1.70,1.77,1.81,2.27,3.29,3.51,3.37,3.35,3.68,4.40,4.76,4.52,4.14,4.06,3.75,3.14,2.64,2.42,2.41,2.44,2.83,3.48,4.14,4.80,5.45,6.14,6.87,7.61,8.34,9.07,10.37,13.56,17.46,21.49,25.46,29.22,32.43,35.50,38.78,42.63,47.43,52.23,57.19,62.54,68.52,74.14,78.37,81.08,82.19,82.53,82.56,82.68,82.71,82.01,81.78,82.26,83.54,85.70,87.64,86.00,83.02,79.41,73.72,69.05,65.48,62.54,59.55,56.15,52.54,48.22,43.00,38.66,34.61,31.41,29.25,27.90,26.80,25.66,24.02,21.40,18.77,16.23,13.57,10.98,9.46,8.45,7.58,6.74,5.88,5.00,4.31,3.75,3.20,2.63,2.01,1.34,0.77,e,e,e,e,e,e,e,e,e,e,e,e,e
49.00,50.01,50.27,49.88,48.73,46.74,44.67,42.59,40.98,39.83,38.59,36.67,34.37,32.57,32.64,35.20,38.12,41.21,44.54,48.06,52.91,57.57,61.15,62.83,64.30,66.31,68.54,70.65,72.75,75.18,77.59,79.80,81.72,83.59,84.77,85.73,87.33,89.73,93.10,96.21,98.38,99.66,99.38,98.87,98.14,96.28,94.08,92.09,90.31,88.20,84.23,80.01,76.63,74.33,72.59,70.78,69.10,67.65,66.61,66.45,67.68,69.56,71.87,74.98,77.71,80.47,82.67,82.33,79.00,74.13,69.19,64.90,60.04,54.35,48.74,43.67,39.34,35.59,32.05,29.07,27.27,25.29,23.65,22.86,23.22,24.24,26.00,27.02,27.25,27.48,26.71,25.71,24.87,24.26,23.23,22.14,20.65,18.52,15.83,13.36,10.95,8.71,6.92,5.35,4.79,4.64,4.48,4.32,4.11,3.92,3.80,3.83,3.96,4.11,4.24,4.33,4.41,4.48,4.53,4.54,4.55,4.60,4.63,4.61,4.53,4.45,4.38,4.29,4.17,3.94,3.72,3.50,3.30,3.14,2.99,2.83,2.67,2.51,2.35,2.14,1.95,1.79,1.64,1.71,1.82,1.92,2.06,2.15,2.17,2.67,3.78,4.28,4.20,4.26,4.70,5.45,6.16,6.21,6.05,6.16,5.96,5.22,4.33,3.60,3.33,3.13,3.44,4.11,4.74,5.42,6.06,6.70,7.36,7.95,8.59,9.18,10.33,13.52,17.29,21.07,24.73,28.20,31.39,34.45,37.56,41.09,45.74,50.50,55.72,61.50,67.71,73.09,77.24,79.73,80.29,80.48,80.48,80.44,80.22,79.41,79.07,79.69,81.35,84.14,87.06,85.68,82.59,78.80,72.90,68.27,64.65,61.53,58.35,54.99,51.28,46.58,40.75,36.26,32.02,29.01,27.34,25.98,24.83,23.77,22.35,20.05,17.59,15.09,12.70,10.63,9.27,8.32,7.48,6.63,5.78,4.88,4.02,3.23,2.54,2.05,1.38,0.69,0.14,e,e,e,e,e,e,e,e,e,e,e,e,e
49.19,50.35,50.80,50.67,50.13,49.13,47.44,45.26,43.56,42.35,40.74,38.56,35.98,33.74,33.18,35.66,38.50,41.52,44.79,48.18,53.08,57.72,61.23,62.95,64.30,65.55,66.91,68.57,70.63,73.29,76.12,78.79,80.89,82.33,84.03,86.24,89.09,92.72,96.59,99.25,100.09,100.43,100.23,99.55,97.91,94.39,91.97,89.82,87.72,85.56,82.85,79.57,75.83,72.28,70.45,68.11,66.33,65.11,64.43,65.62,67.38,69.79,73.09,77.03,79.36,81.38,82.69,81.18,77.22,72.48,67.98,64.05,59.60,53.09,46.96,42.13,38.06,34.67,31.84,29.53,27.83,26.21,25.70,26.18,27.37,28.55,29.71,30.23,30.20,29.96,28.95,27.63,26.21,24.76,23.34,21.91,20.22,18.10,15.52,12.99,10.65,8.56,6.86,5.34,4.79,4.64,4.48,4.33,4.11,3.92,3.81,3.88,4.03,4.18,4.32,4.46,4.54,4.62,4.68,4.73,4.74,4.75,4.75,4.73,4.65,4.58,4.50,4.38,4.17,3.95,3.76,3.59,3.42,3.27,3.11,2.96,2.78,2.58,2.42,2.21,2.04,1.96,1.97,2.05,2.17,2.29,2.39,2.46,2.49,3.03,4.27,5.04,5.02,5.16,5.70,6.42,7.16,7.60,7.87,8.11,8.18,7.51,6.31,4.95,4.29,3.85,4.07,4.75,5.37,6.05,6.70,7.30,7.85,8.30,8.75,9.08,9.91,12.86,16.38,20.10,23.73,27.06,30.15,33.21,36.31,39.69,44.07,48.74,54.16,60.24,66.45,71.41,75.02,77.15,77.64,77.58,77.59,77.51,77.29,76.92,76.95,78.26,80.56,83.37,86.40,85.15,82.17,78.44,72.67,68.07,64.20,60.69,57.30,53.91,49.78,44.85,39.41,34.92,31.00,27.98,25.89,24.29,23.02,21.87,20.44,18.30,15.83,13.25,11.10,9.69,8.84,8.05,7.22,6.39,5.59,4.74,3.92,3.10,2.25,1.49,0.82,0.46,e,e,e,e,e,e,e,e,e,e,e,e,e,e
49.04,50.38,51.05,51.26,51.12,50.53,49.33,47.55,45.84,44.28,42.37,39.88,37.18,34.72,33.55,35.82,38.48,41.30,44.39,47.53,51.48,55.80,59.62,61.62,62.73,63.44,64.17,65.28,67.13,69.41,71.94,74.62,77.38,79.89,82.52,85.62,89.55,93.99,97.99,100.33,100.68,100.72,100.52,99.41,96.89,92.43,89.54,87.11,84.80,82.51,79.77,76.57,72.95,69.41,67.15,64.70,63.24,62.84,63.47,65.48,67.50,70.19,74.02,78.14,80.08,81.20,81.37,78.97,74.48,70.38,66.84,63.30,58.58,51.92,45.72,40.98,37.52,34.52,32.19,30.35,28.85,27.79,28.14,29.43,31.12,32.11,32.67,32.78,32.33,31.10,29.66,28.07,26.39,24.67,23.08,21.48,19.56,17.22,14.63,12.06,9.96,8.24,6.67,5.29,4.79,4.64,4.48,4.29,4.09,3.95,3.90,3.99,4.13,4.28,4.42,4.54,4.66,4.77,4.96,5.21,5.25,5.23,5.14,4.99,4.80,4.67,4.56,4.42,4.22,4.02,3.86,3.70,3.55,3.39,3.24,3.07,2.88,2.67,2.49,2.32,2.22,2.23,2.33,2.42,2.54,2.67,2.74,2.82,2.84,3.41,4.77,5.80,5.85,6.04,6.68,7.41,8.17,9.04,9.97,10.86,11.31,10.62,9.16,7.34,5.92,4.78,4.67,5.28,5.80,6.39,6.94,7.44,7.89,8.23,8.45,8.74,9.70,12.52,15.77,19.24,22.69,25.90,29.02,32.16,35.32,38.69,42.88,47.42,53.08,59.38,64.97,69.61,72.67,74.25,74.44,74.14,74.12,74.11,74.08,74.41,75.63,77.70,80.22,82.87,85.79,84.81,82.12,78.50,72.77,68.14,64.00,60.08,56.49,52.98,48.67,43.76,38.62,34.10,30.28,27.24,24.90,22.87,21.25,19.82,18.27,16.27,13.77,11.57,9.94,8.97,8.32,7.63,6.86,6.05,5.24,4.43,3.62,2.79,1.93,1.09,0.64,0.30,e,e,e,e,e,e,e,e,e,e,e,e,e,e
48.24,50.08,51.07,51.67,51.83,51.38,50.65,49.45,47.82,45.84,43.64,40.86,38.16,35.66,34.02,35.79,38.13,40.67,43.44,46.18,48.86,52.59,56.61,58.89,59.82,60.28,60.67,61.36,62.94,64.60,66.52,69.02,72.57,76.74,80.53,84.41,89.20,94.11,98.01,100.23,100.65,100.71,100.37,98.66,95.32,90.46,87.02,84.20,81.66,79.10,75.65,72.14,68.87,65.94,63.29,61.08,60.35,61.13,63.29,65.74,67.85,70.63,74.56,78.44,79.96,80.15,79.13,76.04,71.45,68.20,65.69,62.52,57.34,50.97,44.96,40.20,37.44,34.95,33.10,31.68,30.45,29.99,30.99,32.80,34.67,35.23,35.18,34.73,33.64,31.33,29.39,27.58,25.84,24.16,22.58,20.89,18.75,16.12,13.44,10.92,9.15,7.82,6.40,5.22,4.78,4.63,4.46,4.25,4.08,4.00,4.02,4.11,4.25,4.41,4.54,4.63,4.81,5.05,5.46,5.92,5.99,5.94,5.73,5.40,5.03,4.79,4.62,4.47,4.31,4.15,4.00,3.84,3.68,3.52,3.36,3.16,2.96,2.78,2.58,2.48,2.47,2.56,2.70,2.79,2.92,3.04,3.12,3.20,3.23,3.81,5.26,6.55,6.69,6.95,7.65,8.45,9.41,10.79,12.50,14.18,14.89,14.06,12.33,10.09,7.79,5.81,5.22,5.63,6.04,6.51,6.94,7.32,7.66,7.87,7.88,8.30,9.61,12.38,15.38,18.52,21.70,24.83,28.04,31.30,34.58,38.03,42.12,46.55,52.38,58.72,63.51,67.77,70.19,71.15,70.98,70.53,70.50,70.65,71.06,72.25,74.88,77.64,80.19,82.58,85.26,84.53,82.18,78.76,73.01,68.28,63.84,59.54,55.72,52.00,47.65,42.90,38.07,33.55,29.73,26.65,24.13,21.66,19.59,17.76,15.99,14.08,11.70,10.11,9.09,8.39,7.77,7.13,6.43,5.65,4.81,4.02,3.21,2.39,1.59,0.76,0.55,e,e,e,e,e,e,e,e,e,e,e,e,e,e,e
45.30,48.97,50.69,51.73,52.28,52.18,51.53,50.56,49.12,47.10,44.52,41.65,39.10,36.89,35.24,35.63,37.30,39.38,41.51,43.49,45.80,48.62,51.46,53.32,54.60,55.50,56.37,57.50,58.95,60.29,62.02,64.55,68.42,73.16,78.10,83.14,88.34,93.10,96.96,99.47,100.42,100.41,99.43,96.91,93.03,88.46,84.80,81.44,78.22,74.97,71.04,67.53,64.44,61.77,59.70,58.32,59.06,61.26,63.79,66.16,68.35,70.90,74.05,77.35,78.34,77.83,76.02,72.52,69.33,66.75,64.34,61.36,56.54,50.75,45.03,40.25,37.63,36.13,35.24,34.47,33.52,33.26,34.90,37.01,38.39,38.32,37.39,35.57,33.14,30.65,28.42,26.47,24.71,23.11,21.77,19.97,17.67,14.97,12.27,10.11,8.55,7.30,6.04,5.09,4.72,4.57,4.41,4.23,4.07,4.03,4.10,4.23,4.38,4.54,4.67,4.79,5.13,5.89,6.59,6.96,6.99,6.89,6.62,6.21,5.66,5.08,4.80,4.64,4.49,4.33,4.18,4.00,3.80,3.65,3.44,3.25,3.07,2.87,2.74,2.73,2.80,2.93,3.03,3.16,3.27,3.37,3.44,3.52,3.58,4.21,5.74,7.22,7.54,7.91,8.68,9.63,11.61,13.96,16.27,18.04,18.41,17.01,14.74,12.02,9.20,6.79,5.59,5.45,5.88,6.34,6.80,7.11,7.22,7.29,7.25,7.85,9.48,12.24,15.22,18.12,21.04,24.20,27.43,30.83,34.36,38.07,42.16,46.61,52.18,58.12,62.63,66.01,67.46,67.84,67.73,67.39,67.48,68.14,69.50,71.80,74.78,77.75,80.41,82.72,84.98,84.06,81.87,78.84,73.16,68.09,63.36,58.81,54.56,50.39,46.07,41.66,37.27,32.98,29.28,26.09,23.31,20.76,18.24,15.96,13.86,11.89,10.32,9.28,8.50,7.87,7.25,6.59,5.92,5.22,4.42,3.60,2.79,1.98,1.16,0.37,0.18,e,e,e,e,e,e,e,e,e,e,e,e,e,e,e
43.39,47.95,50.29,51.65,52.54,52.88,52.37,51.50,50.23,48.40,45.71,42.83,40.41,38.46,37.03,36.53,37.21,38.34,39.60,41.01,42.73,44.82,46.95,48.62,50.24,51.50,52.61,53.86,55.48,57.01,58.94,61.75,66.04,71.14,76.69,82.30,87.48,91.51,94.98,97.66,99.13,99.18,97.91,95.16,91.28,86.98,83.09,79.27,75.50,71.71,67.41,63.71,60.61,58.13,56.53,56.74,58.84,61.77,64.41,66.94,69.23,71.49,73.90,76.30,76.41,75.17,72.94,69.65,67.25,65.22,63.12,60.41,56.11,50.91,45.63,41.06,38.55,37.74,37.48,37.18,36.66,36.79,38.65,40.67,41.54,40.53,38.61,35.78,32.52,29.80,27.37,25.23,23.33,21.73,20.47,18.59,16.23,13.59,11.16,9.38,8.00,6.78,5.62,4.97,4.69,4.54,4.38,4.23,4.09,4.09,4.20,4.36,4.51,4.65,4.82,5.16,5.89,7.00,7.81,8.06,8.02,7.86,7.53,7.05,6.44,5.69,5.19,4.87,4.65,4.49,4.32,4.13,3.92,3.74,3.54,3.35,3.17,3.02,3.00,3.06,3.15,3.28,3.38,3.51,3.62,3.72,3.79,3.87,3.94,4.62,6.20,7.78,8.37,9.15,10.44,12.05,14.62,17.10,19.20,20.60,20.50,18.92,16.41,13.25,10.10,7.66,6.01,5.25,5.66,6.10,6.50,6.72,6.67,6.64,6.60,7.42,9.34,12.12,15.09,18.04,20.98,24.04,27.17,30.68,34.46,38.52,42.83,47.45,52.62,57.81,61.76,63.98,64.55,64.50,64.47,64.44,65.36,66.88,68.94,71.79,74.91,77.93,80.61,82.70,84.53,83.50,81.33,78.37,72.92,67.53,62.47,57.64,52.98,48.41,44.02,39.83,35.80,31.75,28.13,24.94,22.16,19.73,17.08,14.52,12.20,10.38,9.38,8.65,8.00,7.35,6.71,6.05,5.39,4.73,3.99,3.18,2.40,1.59,0.81,0.18,0.00,e,e,e,e,e,e,e,e,e,e,e,e,e,e,e
42.66,47.07,49.88,51.47,52.59,53.42,53.20,52.39,51.28,49.73,47.18,44.39,42.15,40.53,39.48,38.75,38.23,37.99,38.22,39.16,40.10,41.69,43.73,45.50,47.31,48.70,49.73,50.73,52.77,54.88,57.33,60.62,65.56,70.91,76.46,81.95,86.76,89.63,92.34,94.92,96.82,97.06,95.94,93.56,90.17,86.06,81.95,77.77,73.59,69.41,64.86,60.71,57.42,55.10,53.84,56.11,59.25,62.25,64.97,68.00,70.35,72.35,74.15,75.33,74.35,72.38,69.98,67.36,65.05,63.45,61.95,59.71,56.09,51.51,46.82,42.77,40.52,40.07,40.05,40.02,40.05,40.66,42.24,43.71,43.96,41.82,38.89,35.53,32.06,29.04,26.48,24.08,21.90,20.16,18.78,16.88,14.55,12.10,10.17,8.71,7.45,6.27,5.20,4.85,4.69,4.54,4.38,4.24,4.14,4.18,4.32,4.47,4.63,4.74,5.02,5.76,7.06,8.37,9.21,9.44,9.33,9.04,8.53,7.91,7.33,6.57,5.79,5.16,4.80,4.62,4.41,4.21,4.04,3.82,3.64,3.45,3.28,3.23,3.34,3.43,3.52,3.61,3.75,3.85,3.97,4.09,4.17,4.25,4.33,5.04,6.68,8.32,9.30,10.73,12.91,15.54,18.14,19.94,21.12,21.79,21.22,19.82,17.35,13.87,10.52,8.37,6.47,5.14,5.44,5.81,6.11,6.21,6.08,5.99,5.97,7.00,9.22,12.07,15.10,18.35,21.54,24.38,27.32,30.89,34.93,39.34,44.01,48.82,53.46,57.63,60.64,61.63,61.52,61.21,61.23,61.75,64.08,66.70,69.19,72.07,75.20,78.21,80.77,82.52,83.88,82.87,80.59,77.29,72.13,66.51,61.12,56.01,50.99,46.11,41.59,37.47,33.71,29.86,26.30,23.23,20.68,18.51,16.03,13.38,11.04,9.59,8.83,8.19,7.54,6.85,6.17,5.52,4.86,4.18,3.54,2.78,2.01,1.23,0.53,e,e,e,e,e,e,e,e,e,e,e,e,e,e,e,e,e
41.79,46.01,49.33,51.10,52.21,53.25,53.93,53.56,52.48,50.79,48.43,45.88,44.57,44.06,43.56,42.99,41.80,40.66,39.96,39.76,40.33,41.91,44.03,45.80,47.16,48.19,49.06,50.07,52.16,54.65,57.41,61.08,67.07,72.40,77.45,82.36,86.73,88.99,90.56,92.38,94.31,94.63,94.15,92.36,89.34,85.46,81.41,76.97,72.32,67.62,62.85,58.16,54.45,52.25,52.01,54.66,57.92,61.23,64.79,68.58,70.89,72.61,73.93,73.67,72.41,70.09,67.10,64.28,62.26,61.02,60.10,59.01,56.99,53.19,49.31,46.43,45.44,45.42,45.63,45.82,45.95,46.30,46.78,46.60,45.13,42.37,39.14,35.64,32.20,29.38,26.73,24.11,21.57,19.32,17.65,15.68,13.52,11.37,9.62,8.18,6.88,5.76,5.02,4.79,4.66,4.54,4.39,4.28,4.24,4.28,4.39,4.55,4.71,4.81,5.30,6.60,8.10,10.25,11.99,12.80,12.79,11.78,10.27,8.88,8.21,7.38,6.49,5.65,4.99,4.71,4.51,4.31,4.12,3.93,3.74,3.57,3.50,3.57,3.67,3.79,3.90,3.98,4.08,4.21,4.32,4.42,4.50,4.58,4.71,5.59,7.55,9.52,11.18,13.16,15.61,18.19,20.39,21.88,22.70,22.74,21.70,20.11,17.58,14.09,10.75,8.61,6.80,5.44,5.34,5.61,5.91,6.00,5.80,5.59,5.58,6.75,9.26,12.60,16.13,19.50,22.59,25.38,28.21,31.92,36.13,40.58,45.03,49.29,53.16,56.32,58.04,58.59,58.50,58.24,58.39,60.04,63.21,66.53,69.56,72.58,75.76,78.69,81.08,82.56,83.18,82.08,79.49,75.35,69.94,64.39,59.02,53.82,48.67,43.53,39.13,35.25,31.64,28.06,24.66,21.65,19.12,17.04,14.69,12.28,10.27,9.20,8.49,7.79,7.10,6.45,5.75,5.08,4.40,3.71,3.04,2.33,1.60,1.02,0.49,e,e,e,e,e,e,e,e,e,e,e,e,e,e,e,e,e
40.75,44.54,48.09,50.24,51.59,52.73,54.00,54.41,53.65,51.91,49.84,47.76,47.27,47.64,47.69,47.44,46.20,44.76,43.54,42.44,42.59,43.95,45.95,47.68,48.79,49.61,50.33,51.25,53.04,55.54,58.64,62.88,69.38,74.65,79.29,83.39,86.45,87.88,88.70,90.00,91.77,92.23,92.22,90.93,88.34,84.78,80.99,76.40,71.34,66.10,60.73,55.46,51.55,49.75,50.62,53.41,56.68,60.26,64.45,68.73,70.97,72.38,73.28,72.14,70.50,67.70,64.15,61.26,59.52,58.44,57.77,57.33,56.44,53.93,51.53,50.17,50.24,50.23,50.38,50.53,50.45,50.42,50.05,48.76,46.20,43.00,39.58,36.11,32.86,30.27,27.62,24.83,21.92,19.12,17.11,15.03,12.93,10.96,9.25,7.75,6.38,5.31,4.91,4.74,4.63,4.52,4.39,4.31,4.31,4.37,4.46,4.61,4.75,4.90,5.57,7.22,8.80,12.22,15.13,16.41,16.50,15.31,13.06,10.64,9.13,8.12,7.17,6.17,5.25,4.83,4.60,4.41,4.21,4.03,3.82,3.73,3.76,3.90,3.99,4.13,4.26,4.35,4.45,4.70,4.95,5.15,5.33,5.52,5.92,7.08,9.24,11.45,13.57,15.85,18.27,20.43,22.27,23.59,24.05,23.21,21.76,20.04,17.52,14.16,11.00,8.95,7.35,6.09,5.51,5.48,5.70,5.83,5.68,5.49,5.39,6.59,9.34,13.08,17.06,20.53,23.57,26.43,29.35,33.10,37.26,41.52,45.61,49.32,52.41,54.53,55.09,55.27,55.25,55.35,56.17,58.82,62.51,66.27,69.77,72.99,76.27,79.09,81.28,82.54,82.45,81.03,77.87,72.91,67.55,62.11,56.76,51.54,46.43,41.30,37.10,33.44,29.96,26.69,23.51,20.63,18.19,16.21,13.82,11.53,9.79,8.98,8.25,7.48,6.75,6.08,5.37,4.67,3.99,3.30,2.59,1.89,1.19,0.73,e,e,e,e,e,e,e,e,e,e,e,e,e,e,e,e,e,e
39.46,42.42,45.74,48.60,50.66,51.84,52.99,54.58,54.71,53.22,51.65,50.33,50.21,50.79,51.31,51.50,51.04,50.20,49.09,47.76,47.25,47.90,49.38,51.06,52.49,53.50,54.16,54.67,55.73,57.73,61.29,66.42,72.38,77.55,82.10,85.13,85.43,85.52,86.44,87.82,89.20,90.03,90.03,88.98,86.91,83.85,80.54,75.92,70.58,64.87,58.18,52.36,48.70,47.80,49.66,52.77,56.21,59.91,64.07,68.24,70.39,71.53,72.03,71.06,68.59,64.94,61.07,58.66,57.08,55.86,54.85,54.00,53.10,52.63,52.70,53.20,53.65,53.00,52.58,52.33,51.67,51.31,50.79,49.68,47.52,44.02,40.36,37.04,34.16,31.71,29.16,26.22,22.99,19.73,17.38,15.10,12.89,10.83,9.06,7.43,5.97,4.96,4.82,4.72,4.60,4.47,4.39,4.32,4.35,4.42,4.52,4.67,4.77,5.02,5.79,7.37,8.99,14.14,18.31,19.70,19.82,19.50,17.30,13.68,10.09,8.75,7.73,6.63,5.60,4.99,4.69,4.50,4.33,4.11,3.94,3.96,4.07,4.16,4.30,4.45,4.61,4.75,4.89,5.46,6.07,6.59,7.07,7.55,8.55,10.12,12.23,14.40,16.52,18.73,20.83,22.33,24.03,25.25,25.11,22.96,21.17,19.54,17.22,14.12,11.38,9.62,8.35,7.25,6.14,5.51,5.47,5.62,5.70,5.77,5.46,6.55,9.42,13.26,17.45,21.07,24.23,27.32,30.60,34.20,37.96,41.76,45.46,48.88,51.23,52.33,52.12,51.72,51.68,52.56,54.87,58.14,61.95,65.85,69.64,73.13,76.59,79.28,81.25,82.33,81.72,79.56,75.53,69.93,65.28,59.95,54.53,49.33,44.46,39.83,35.87,32.30,28.96,26.05,23.17,20.56,18.39,16.59,13.83,11.38,9.68,8.90,8.14,7.32,6.52,5.77,5.01,4.30,3.64,2.97,2.22,1.51,0.78,0.30,e,e,e,e,e,e,e,e,e,e,e,e,e,e,e,e,e,e
37.69,40.18,42.58,45.30,47.98,50.17,51.89,53.67,54.57,54.56,54.47,53.68,53.47,53.83,54.39,54.84,54.55,53.84,52.86,51.70,51.36,51.96,53.24,54.89,56.42,57.56,58.27,58.63,59.42,61.64,65.43,70.53,75.92,80.31,82.98,83.74,82.59,82.64,83.77,85.22,86.55,87.42,87.55,86.63,84.78,82.19,78.98,74.62,69.47,63.47,55.44,50.07,46.88,46.00,48.53,51.85,55.23,58.59,62.08,65.68,68.12,69.81,70.62,69.43,66.28,62.52,59.06,56.79,54.93,53.40,51.99,50.68,50.00,49.79,50.24,51.38,52.73,52.76,52.71,52.61,52.02,51.53,50.96,49.95,48.03,44.57,40.95,37.77,35.08,32.58,29.98,26.72,23.10,19.65,17.31,15.05,12.83,10.73,8.88,7.18,5.77,4.87,4.75,4.63,4.52,4.42,4.35,4.31,4.36,4.44,4.54,4.68,4.77,5.12,5.97,7.49,9.05,15.10,19.71,20.71,20.79,20.70,19.09,15.84,11.52,9.38,8.07,6.96,5.89,5.07,4.78,4.60,4.42,4.31,4.23,4.28,4.38,4.47,4.62,4.74,5.05,5.66,6.48,7.39,8.16,8.79,9.37,10.18,11.51,13.24,15.29,17.49,20.19,22.90,25.08,25.95,26.82,26.86,25.62,22.87,20.52,18.70,16.67,14.25,11.99,10.59,9.86,9.33,8.45,7.75,6.84,5.97,5.46,5.48,5.69,6.96,9.54,13.18,17.12,20.68,23.91,27.07,30.36,33.97,37.72,41.40,44.68,47.45,49.25,50.01,49.78,49.29,49.57,51.13,54.26,57.85,61.69,65.59,69.43,73.07,76.70,79.36,81.08,81.82,80.98,78.17,73.71,68.22,63.63,58.47,53.18,48.13,43.70,39.56,35.75,32.15,28.83,26.25,23.84,21.50,19.34,17.48,14.49,11.63,9.61,8.84,8.06,7.23,6.42,5.65,4.88,4.13,3.40,2.65,1.89,1.18,0.71,0.20,e,e,e,e,e,e,e,e,e,e,e,e,e,e,e,e,e,e
36.03,38.08,39.55,41.80,44.65,47.66,50.02,51.80,53.34,54.82,56.20,56.12,56.07,56.38,56.95,57.62,57.48,56.90,56.09,55.30,55.30,55.98,57.17,58.72,60.23,61.50,62.35,62.77,63.53,66.09,69.99,74.70,79.18,82.49,83.03,81.54,79.57,79.81,81.03,82.50,83.85,84.71,84.95,84.14,82.44,80.15,77.01,72.96,68.17,62.10,53.05,48.29,45.47,44.29,47.04,50.62,53.92,56.83,59.57,62.45,65.01,67.14,68.25,66.92,63.61,60.18,57.28,55.05,52.86,50.84,48.88,47.17,46.85,46.61,47.04,48.45,50.56,51.54,52.09,52.29,51.92,51.42,50.84,49.80,47.78,44.43,40.98,37.96,35.36,32.82,30.02,26.36,22.46,19.16,16.95,14.79,12.60,10.50,8.57,6.82,5.55,4.84,4.69,4.54,4.45,4.37,4.32,4.32,4.38,4.45,4.54,4.68,4.78,5.20,6.12,7.61,9.11,15.43,20.14,20.94,20.99,20.94,19.93,17.36,12.84,9.95,8.37,7.26,6.20,5.23,4.89,4.70,4.53,4.53,4.54,4.59,4.67,4.79,5.03,5.25,5.80,6.88,8.38,9.58,10.48,11.16,11.78,12.89,14.48,16.38,18.55,21.00,24.13,27.07,29.10,29.45,29.45,28.26,25.99,22.90,20.05,18.00,16.22,14.43,12.69,11.77,11.62,11.68,11.18,10.60,8.98,7.13,5.88,5.60,6.10,7.42,9.63,12.89,16.50,19.96,23.25,26.46,29.71,33.33,37.09,40.70,43.52,45.64,47.00,47.67,47.63,47.20,48.06,50.33,53.91,57.65,61.47,65.30,69.11,72.83,76.59,79.28,80.84,81.22,80.19,76.89,72.39,67.39,62.70,57.69,52.57,47.73,43.78,40.14,36.52,32.89,29.47,27.02,24.96,22.82,20.58,18.51,15.37,12.13,9.70,8.84,8.06,7.23,6.41,5.61,4.83,4.04,3.22,2.39,1.61,0.89,0.64,e,e,e,e,e,e,e,e,e,e,e,e,e,e,e,e,e,e,e
35.12,36.50,37.74,39.17,40.98,43.29,45.79,47.89,49.81,51.69,53.54,55.02,56.33,57.48,58.43,59.35,59.85,59.81,59.33,59.11,59.20,59.81,60.85,62.12,63.47,64.89,66.10,66.97,68.00,70.65,74.46,78.51,81.06,82.99,82.19,79.77,77.76,77.58,78.46,79.76,81.12,82.02,82.27,81.65,80.12,77.57,74.72,70.96,66.56,61.01,51.96,47.31,44.41,42.73,44.62,48.66,52.03,54.58,56.95,59.05,60.87,62.33,63.07,62.20,60.18,57.73,55.26,53.06,50.80,47.88,44.95,43.05,43.32,43.84,44.88,46.59,48.55,50.10,51.07,51.46,51.28,50.90,50.38,48.87,45.92,42.55,39.46,36.62,34.03,31.60,28.29,24.18,20.43,18.00,15.98,13.95,11.87,9.80,7.87,6.03,5.07,4.77,4.63,4.52,4.45,4.40,4.38,4.38,4.45,4.49,4.54,4.69,4.83,5.24,6.15,7.72,9.23,14.71,19.27,20.86,20.99,20.99,20.06,17.66,13.40,10.30,8.69,7.66,6.65,5.72,5.12,4.79,4.66,4.66,4.71,4.79,4.88,5.10,5.74,6.48,7.39,8.60,10.16,11.49,12.57,13.39,14.04,15.33,17.14,19.47,22.40,25.67,28.32,30.04,30.84,30.94,30.61,29.07,26.50,23.20,20.15,18.06,16.28,14.61,13.40,13.33,13.70,13.98,13.71,13.25,12.02,10.35,8.66,7.53,6.94,7.59,9.56,12.28,15.67,19.11,22.48,25.82,29.13,32.60,36.16,39.47,41.83,43.61,44.79,45.40,45.41,45.16,47.04,50.20,53.76,57.36,61.07,64.81,68.55,72.26,75.98,78.82,80.51,80.63,79.21,75.91,72.08,68.17,63.46,58.47,53.46,48.84,45.34,42.23,38.99,35.43,31.70,28.83,26.56,24.34,22.01,19.54,16.37,13.00,10.27,9.08,8.25,7.42,6.55,5.67,4.83,4.00,3.16,2.31,1.48,0.66,0.39,e,e,e,e,e,e,e,e,e,e,e,e,e,e,e,e,e,e,e
33.70,34.95,36.21,37.41,38.59,39.93,41.63,43.18,44.81,46.89,50.03,52.84,55.03,56.65,57.78,58.86,59.62,60.04,60.33,61.22,62.08,62.98,63.94,64.89,65.98,67.34,68.80,70.20,71.50,74.32,77.63,80.56,82.09,82.84,81.63,79.25,76.97,75.62,75.31,75.49,75.88,76.36,77.14,77.38,76.69,74.67,72.09,68.97,65.21,60.02,51.53,46.61,43.22,40.98,41.99,45.87,49.41,52.10,54.26,56.09,57.55,58.62,59.08,58.53,57.19,55.27,52.99,50.53,47.75,44.36,41.06,39.08,40.16,41.47,43.03,44.97,46.98,48.90,50.20,50.79,50.57,49.70,48.30,46.02,42.85,40.02,37.35,34.75,32.15,29.34,25.68,21.90,18.80,16.87,14.94,12.97,10.98,8.97,7.07,5.55,4.86,4.71,4.56,4.48,4.45,4.46,4.48,4.49,4.52,4.54,4.57,4.70,4.81,5.08,5.89,7.59,9.36,13.79,18.00,20.36,20.63,20.61,19.61,17.29,13.46,10.36,8.78,7.82,6.91,6.11,5.48,5.11,4.98,4.94,5.10,5.33,5.64,6.15,6.99,7.91,8.97,10.26,11.79,13.12,14.34,15.39,16.27,17.84,20.16,22.92,25.89,28.69,30.64,31.76,32.13,31.81,31.07,29.36,26.71,23.24,20.14,18.13,16.44,14.97,14.57,15.03,15.65,16.10,16.18,15.85,14.78,13.13,11.07,9.09,7.87,7.98,9.42,11.82,15.24,18.79,22.21,25.49,28.84,32.26,35.48,38.20,40.02,41.50,42.56,43.15,43.24,43.44,45.92,49.59,53.39,56.97,60.59,64.27,67.97,71.67,75.24,77.98,79.67,79.94,78.74,75.85,72.66,69.54,65.39,60.76,55.83,51.03,47.26,44.31,41.35,38.06,34.40,30.88,28.02,25.47,23.00,20.39,17.13,13.53,10.52,9.11,8.17,7.29,6.41,5.51,4.63,3.78,2.92,2.08,1.27,0.60,0.30,e,e,e,e,e,e,e,e,e,e,e,e,e,e,e,e,e,e,e
32.16,33.52,34.86,36.03,36.84,37.23,37.84,38.58,39.69,41.83,46.20,50.15,52.97,54.84,56.07,57.21,58.03,58.81,59.91,61.84,63.53,64.81,65.73,66.37,67.27,68.68,70.45,72.34,73.87,76.72,79.43,81.37,82.44,82.38,81.31,79.44,76.89,74.09,72.22,70.87,69.93,69.81,71.14,72.34,72.68,71.53,69.36,66.95,63.86,59.03,51.40,46.05,41.95,39.14,39.24,42.57,46.25,49.29,51.40,53.25,54.63,55.50,55.77,55.46,54.42,52.64,50.26,47.43,43.93,40.30,37.07,35.33,37.31,39.45,41.49,43.54,45.63,47.75,49.15,49.69,49.22,47.67,45.20,42.30,39.38,37.22,34.93,32.54,29.90,26.58,22.79,19.70,17.38,15.67,13.82,11.91,9.97,8.04,6.24,5.22,4.80,4.65,4.51,4.44,4.48,4.54,4.60,4.61,4.61,4.62,4.63,4.70,4.77,4.87,5.52,7.30,9.44,12.86,16.56,19.45,19.86,19.76,18.64,16.42,13.16,10.28,8.78,7.90,7.09,6.43,5.92,5.62,5.49,5.43,5.74,6.17,6.75,7.59,8.52,9.46,10.56,11.88,13.33,14.63,15.92,17.22,18.53,20.56,23.44,26.44,28.94,30.73,31.98,32.82,33.05,32.21,31.09,29.24,26.50,22.88,19.97,18.21,16.75,15.62,16.00,16.74,17.53,18.24,18.68,18.46,17.39,15.66,13.31,10.54,8.89,8.49,9.32,11.53,15.08,18.77,22.22,25.36,28.69,32.00,34.82,36.88,38.25,39.46,40.40,40.97,41.13,41.87,44.77,48.79,52.91,56.52,60.06,63.69,67.40,71.07,74.37,76.82,78.39,78.87,78.16,76.01,73.54,71.05,67.67,63.45,58.53,53.43,49.08,46.12,43.38,40.44,37.01,32.70,29.17,26.23,23.63,21.00,17.63,13.82,10.58,9.06,8.00,7.06,6.15,5.27,4.36,3.48,2.63,1.77,1.00,e,e,e,e,e,e,e,e,e,e,e,e,e,e,e,e,e,e,e,e,e
31.24,32.51,33.65,34.54,35.02,35.08,35.48,36.16,37.31,39.27,42.68,47.53,51.00,53.09,54.38,55.42,56.27,57.18,58.30,59.76,61.04,62.24,63.20,63.65,64.84,67.22,69.86,71.96,73.51,75.53,78.11,80.63,81.58,82.00,81.36,79.86,77.61,73.87,70.60,68.12,66.57,66.09,66.89,67.99,68.66,68.11,66.92,64.83,61.95,57.82,51.16,45.43,40.70,37.28,36.43,38.93,42.35,45.55,47.95,50.00,51.54,52.47,52.71,52.50,51.70,49.35,46.03,43.13,38.92,35.05,32.45,32.22,35.05,38.14,40.63,42.47,44.23,46.23,46.89,46.36,45.20,43.41,41.30,39.02,36.69,34.60,32.38,29.93,27.16,23.89,20.57,17.99,15.90,14.08,12.58,10.77,8.81,6.93,5.49,4.91,4.70,4.58,4.46,4.52,4.59,4.65,4.68,4.73,4.74,4.74,4.73,4.71,4.77,4.85,5.37,6.89,9.27,12.25,15.28,17.67,18.09,17.81,16.74,14.93,12.42,10.15,8.90,8.11,7.38,6.72,6.44,6.37,6.40,6.55,6.98,7.49,8.14,9.06,10.08,11.12,12.23,13.47,14.87,16.19,17.41,18.82,20.94,23.93,26.97,29.40,30.92,32.20,33.29,33.73,33.31,31.89,30.75,28.47,25.09,21.31,19.38,18.26,17.46,17.07,17.57,18.23,19.46,20.86,21.47,21.17,20.03,18.22,15.66,12.42,10.06,9.05,9.53,11.63,15.18,18.86,22.28,25.38,28.55,31.34,33.64,35.44,36.92,37.87,38.56,39.03,39.23,40.20,43.66,48.19,52.45,56.07,59.50,63.08,66.83,70.44,73.16,75.13,76.28,76.31,75.97,75.11,73.78,71.83,68.94,64.52,59.45,54.28,49.64,46.77,44.21,41.53,38.24,33.04,29.23,26.24,23.64,21.01,17.63,13.79,10.54,9.05,7.98,7.03,6.09,5.14,4.21,3.30,2.40,1.51,0.75,e,e,e,e,e,e,e,e,e,e,e,e,e,e,e,e,e,e,e,e,e
29.66,31.19,32.23,32.87,33.08,32.95,33.25,34.20,35.67,37.60,40.20,44.78,48.58,51.14,52.60,53.62,54.53,55.48,56.49,57.54,58.54,59.57,60.43,60.84,62.51,65.37,68.20,70.10,71.39,72.70,75.07,78.15,80.02,81.18,81.11,79.87,77.20,72.59,68.75,65.81,63.75,62.79,63.07,63.93,64.75,64.71,64.20,62.57,60.01,56.31,50.55,44.44,39.18,35.37,33.48,34.66,37.37,40.46,43.12,45.19,46.75,47.66,47.78,47.33,46.38,43.89,40.37,37.27,33.70,30.70,29.25,30.34,33.45,36.83,39.60,41.54,42.97,44.24,43.88,42.36,40.61,38.73,37.04,35.40,33.66,31.73,29.64,27.18,24.38,21.38,18.64,16.40,14.38,12.46,11.10,9.48,7.65,5.92,5.02,4.73,4.62,4.54,4.49,4.59,4.71,4.77,4.79,4.90,4.91,4.87,4.82,4.78,4.81,4.86,5.20,6.31,8.71,11.45,14.06,15.96,15.98,15.54,14.69,13.35,11.39,9.85,8.98,8.35,7.69,7.18,7.09,7.15,7.32,7.72,8.24,8.81,9.55,10.59,11.71,12.81,13.93,15.12,16.40,17.75,19.09,20.78,23.46,26.84,29.57,31.42,32.51,33.61,34.64,34.62,33.40,31.52,29.94,27.48,24.38,21.48,20.35,19.57,19.11,19.25,20.39,21.53,22.98,24.30,24.46,23.79,22.44,20.57,18.07,14.66,11.83,10.16,10.07,12.13,15.44,18.78,21.93,25.02,28.17,30.71,32.70,34.22,35.51,36.24,36.79,37.28,37.85,39.28,43.02,47.69,52.01,55.55,58.84,62.34,66.07,69.59,71.98,73.47,74.16,74.00,73.84,73.63,72.99,71.50,68.72,63.86,58.67,53.76,49.41,46.53,44.05,41.48,38.13,32.50,28.66,25.76,23.16,20.52,17.25,13.59,10.48,9.02,7.97,7.03,6.07,5.08,4.15,3.20,2.26,1.34,0.53,e,e,e,e,e,e,e,e,e,e,e,e,e,e,e,e,e,e,e,e,e
27.35,29.39,30.48,30.98,31.02,30.78,31.05,32.46,34.38,36.43,38.52,41.87,45.55,48.66,50.38,51.64,52.73,53.72,54.59,55.47,56.39,57.26,57.95,58.50,60.65,63.34,65.67,67.14,68.06,69.00,71.11,74.51,78.05,79.98,80.54,79.43,75.80,70.44,66.72,63.83,61.29,59.70,59.56,60.16,60.95,61.31,61.14,60.06,57.95,54.46,49.47,43.05,37.46,33.44,30.52,30.07,31.70,34.40,37.13,39.03,40.43,41.24,41.20,40.29,38.92,36.74,33.80,30.53,28.66,27.51,27.58,29.62,32.52,35.58,38.39,40.58,41.61,41.73,40.27,37.96,35.83,33.95,32.61,31.45,30.20,28.58,26.68,24.33,21.63,19.04,16.84,14.79,12.77,10.86,9.44,8.08,6.51,5.08,4.83,4.67,4.56,4.53,4.59,4.68,4.86,5.03,5.16,5.41,5.36,5.17,4.99,4.94,4.92,4.92,5.05,5.71,7.88,10.43,12.81,14.33,13.57,13.02,12.58,11.78,10.19,9.38,8.98,8.56,8.01,7.81,7.82,7.94,8.22,8.89,9.43,10.04,10.90,12.09,13.31,14.43,15.55,16.71,17.86,19.34,21.03,23.13,26.03,29.17,31.23,32.64,33.84,34.99,35.98,35.45,33.44,31.24,28.93,26.64,24.70,23.47,22.88,22.18,21.75,22.20,24.34,26.34,27.73,28.25,27.48,26.24,24.58,22.67,20.42,17.12,14.13,11.84,10.96,12.88,15.75,18.49,21.16,24.16,27.40,30.02,31.94,33.16,33.95,34.55,35.06,35.72,37.00,39.08,42.77,47.23,51.57,54.94,58.08,61.47,65.09,68.43,70.71,71.78,72.10,72.12,71.99,71.79,71.31,70.05,67.01,61.63,56.39,51.98,48.29,45.39,42.93,40.32,36.79,31.25,27.62,24.84,22.26,19.63,16.57,13.26,10.44,8.98,7.97,7.03,6.07,5.08,4.14,3.16,2.19,1.25,0.37,e,e,e,e,e,e,e,e,e,e,e,e,e,e,e,e,e,e,e,e,e
24.44,26.37,27.86,28.60,28.77,28.66,29.18,30.77,32.64,34.40,36.03,38.67,41.32,43.63,45.62,48.34,50.31,51.63,52.52,53.37,54.25,55.07,55.92,57.09,58.98,60.75,62.42,64.15,65.80,67.49,69.88,73.16,76.95,79.21,79.72,78.49,75.14,70.03,66.11,62.81,59.76,57.40,56.68,56.88,57.39,57.60,57.44,56.60,54.90,51.91,47.34,41.42,36.03,31.77,28.29,27.04,27.80,29.64,31.62,33.06,34.37,35.23,35.33,34.60,33.22,31.40,29.29,27.10,25.75,25.82,27.16,29.63,32.51,35.28,37.48,38.73,38.71,38.41,36.49,33.70,31.46,29.79,28.61,27.59,26.52,25.10,23.31,21.27,19.06,16.78,14.61,12.55,10.73,9.29,8.02,6.76,5.63,4.86,4.74,4.61,4.55,4.60,4.71,4.80,5.39,6.25,7.17,7.91,7.50,6.66,5.83,5.44,5.25,5.17,5.34,6.02,7.34,9.28,11.22,12.18,10.51,10.31,10.47,10.31,9.46,8.88,8.59,8.44,8.38,8.45,8.53,8.72,9.19,10.13,10.47,10.96,11.79,12.98,14.13,15.26,16.44,17.68,18.98,21.20,23.44,25.69,28.30,30.70,32.52,33.94,35.13,36.27,36.87,35.95,33.72,31.51,29.55,28.07,26.98,26.30,26.06,25.80,25.90,26.70,28.35,29.86,30.64,30.57,29.53,28.15,26.30,24.21,21.92,19.07,16.28,13.89,12.42,13.01,15.40,17.75,19.94,22.40,25.41,28.45,30.63,31.66,32.33,32.92,33.47,34.43,36.64,39.02,42.46,46.61,50.90,54.20,57.28,60.50,63.77,66.59,68.39,69.41,70.06,70.53,70.54,70.42,69.55,67.29,63.38,58.32,53.41,49.00,45.19,42.77,40.57,37.91,34.32,29.74,26.38,23.52,20.85,18.50,15.84,13.03,10.59,9.08,8.03,7.06,6.07,5.07,4.09,3.10,2.11,1.14,0.28,e,e,e,e,e,e,e,e,e,e,e,e,e,e,e,e,e,e,e,e,e
21.61,23.26,25.01,26.07,26.47,26.53,27.44,29.09,30.75,32.13,33.37,35.51,37.37,39.03,41.11,44.38,46.86,48.61,49.86,51.06,52.12,53.08,54.16,55.75,57.31,58.54,59.99,62.10,64.43,66.82,69.49,72.59,76.20,78.44,78.59,77.13,74.34,70.02,66.05,62.39,58.88,55.66,54.01,53.52,53.62,53.69,53.53,52.83,51.42,48.89,44.64,39.48,34.48,29.99,26.03,24.29,24.44,25.61,27.01,28.15,29.31,30.12,30.27,29.74,28.39,26.85,25.41,24.20,23.38,24.58,27.01,29.77,32.47,34.70,36.18,36.62,35.75,35.10,32.96,29.98,27.63,26.05,24.91,23.95,23.00,21.71,20.04,18.26,16.41,14.33,12.32,10.46,8.93,7.84,6.69,5.70,5.05,4.77,4.68,4.57,4.58,4.69,4.86,5.28,6.38,7.87,9.45,10.52,9.50,7.97,6.69,6.05,5.79,5.67,5.87,6.61,7.34,8.67,10.01,10.48,8.70,8.52,8.86,9.06,8.80,8.52,8.41,8.52,8.81,9.05,9.27,9.72,10.57,11.82,12.03,12.21,12.73,13.71,14.79,15.94,17.15,18.47,20.07,23.07,25.82,28.09,30.24,31.99,33.67,35.18,36.42,37.58,37.86,36.71,34.51,32.51,31.15,30.39,29.93,29.60,29.56,29.54,29.89,30.74,31.73,32.64,32.80,32.20,31.03,29.64,27.72,25.46,22.98,20.36,17.81,15.50,13.68,13.16,15.09,17.06,18.78,20.70,23.18,26.46,28.89,29.87,30.63,31.37,32.14,33.50,36.38,38.97,42.27,46.09,50.02,53.17,56.11,59.08,61.94,64.20,65.53,66.49,67.39,68.30,68.73,68.81,67.47,64.12,59.67,55.12,50.29,45.56,41.98,40.09,38.09,35.40,31.86,28.04,24.76,21.90,19.46,17.51,15.21,12.82,10.69,9.22,8.15,7.15,6.14,5.14,4.14,3.21,2.33,1.40,0.35,e,e,e,e,e,e,e,e,e,e,e,e,e,e,e,e,e,e,e,e,e
19.10,20.41,22.10,23.48,24.20,24.41,25.78,27.41,28.75,29.75,30.75,32.55,34.30,35.98,37.88,39.92,42.11,44.29,46.39,48.45,50.03,51.37,52.70,54.25,55.66,57.22,59.14,61.58,64.19,66.85,69.61,72.58,75.77,77.53,77.05,75.25,73.06,70.05,66.42,62.64,58.81,54.64,51.56,49.90,49.39,49.52,49.46,48.86,47.59,45.29,41.40,37.14,32.64,27.94,23.46,21.51,21.42,22.37,23.73,24.89,25.82,26.35,26.34,25.80,24.41,23.02,21.89,21.10,21.25,23.57,26.88,29.88,32.02,33.38,34.23,34.39,33.27,32.15,30.00,27.16,24.56,22.82,21.60,20.68,19.85,18.62,17.09,15.40,13.56,11.56,10.09,8.82,7.66,6.57,5.45,5.04,4.86,4.70,4.63,4.60,4.67,4.81,5.09,6.34,7.97,9.81,11.66,12.66,10.71,8.61,7.34,6.76,6.58,6.49,6.66,7.32,8.13,8.96,9.56,9.69,9.09,8.30,8.07,8.18,8.14,8.41,8.73,9.04,9.36,9.64,10.14,11.17,12.68,14.25,14.46,14.11,13.91,14.43,15.47,16.63,17.79,19.14,21.23,24.88,27.98,30.16,31.70,33.16,34.73,36.30,37.75,38.96,39.14,38.03,36.09,34.56,33.80,33.49,33.39,33.38,33.38,33.19,33.16,33.49,34.09,34.67,34.33,33.22,31.93,30.60,28.75,26.39,23.58,20.72,18.35,16.22,14.40,13.51,15.04,16.57,17.88,19.41,21.00,24.10,26.63,27.76,28.84,29.89,31.16,33.05,36.09,38.89,42.27,45.75,48.83,51.67,54.31,56.92,59.36,61.11,62.12,62.85,63.69,64.90,66.19,66.67,64.95,60.75,56.54,52.50,47.22,41.84,39.28,37.82,35.83,33.12,29.77,26.14,22.59,19.95,18.29,16.80,14.79,12.64,10.71,9.41,8.36,7.36,6.37,5.37,4.39,3.66,3.07,2.24,0.63,e,e,e,e,e,e,e,e,e,e,e,e,e,e,e,e,e,e,e,e,e
17.00,18.20,19.62,20.95,21.98,22.76,24.16,25.68,26.93,27.90,28.91,30.28,31.62,33.19,35.47,38.15,40.84,43.18,45.03,46.79,48.40,49.97,51.64,53.61,55.53,57.44,59.45,61.74,64.52,67.37,70.25,73.22,76.15,76.53,75.27,73.34,71.39,69.35,66.50,63.22,59.59,55.36,51.04,47.07,44.35,44.51,44.70,44.39,43.47,41.63,38.37,34.65,30.42,25.75,21.31,19.28,19.04,19.77,20.81,21.68,22.41,22.79,22.65,22.10,20.77,19.71,19.12,18.83,19.73,22.53,26.28,29.77,31.36,32.43,33.15,33.27,32.21,31.16,28.94,25.77,22.46,20.50,19.31,18.48,17.67,16.23,14.45,12.69,11.08,9.63,8.49,7.44,6.45,5.61,4.99,4.82,4.74,4.64,4.61,4.67,4.77,5.11,6.10,7.80,9.91,12.15,14.16,14.90,12.11,9.41,7.96,7.49,7.35,7.27,7.37,7.82,8.45,8.95,9.21,9.19,8.94,8.28,8.02,8.21,8.57,8.91,9.40,10.00,10.74,11.83,13.18,14.68,16.10,16.89,16.70,16.12,15.60,15.53,15.98,16.98,18.12,19.55,22.25,26.51,29.66,31.55,33.05,34.49,36.00,37.55,39.06,40.38,40.53,39.64,38.17,37.16,36.99,37.08,37.19,37.28,37.18,36.89,36.61,36.48,36.66,36.50,35.39,33.69,32.17,30.94,29.13,26.71,23.76,20.77,18.45,16.36,14.61,13.96,14.97,16.29,17.55,18.76,19.84,22.12,24.16,25.40,26.79,28.12,29.55,31.53,34.88,38.36,41.73,44.71,47.14,49.45,51.54,53.67,55.73,57.21,58.23,59.02,59.95,61.47,63.71,65.68,64.41,59.39,55.38,51.35,45.61,39.73,37.38,35.67,33.65,31.03,27.75,24.31,21.17,18.89,17.40,15.95,14.34,12.72,11.26,10.09,8.90,8.10,7.40,6.65,5.92,5.28,4.32,2.84,0.97,e,e,e,e,e,e,e,e,e,e,e,e,e,e,e,e,e,e,e,e,e
15.03,16.23,17.45,18.69,20.00,21.38,22.67,24.06,25.33,26.42,27.53,28.61,29.71,31.39,34.40,38.31,41.75,44.13,45.37,46.42,47.77,49.51,51.61,54.05,56.44,58.55,60.52,62.60,65.35,68.25,71.14,74.00,76.47,75.43,73.48,71.51,69.76,68.41,66.40,63.80,60.61,56.69,51.52,45.44,40.40,39.97,39.90,39.55,38.80,37.40,34.98,31.85,27.93,23.46,19.48,17.40,16.96,17.44,18.14,18.59,19.11,19.33,19.03,18.46,17.28,16.61,16.61,17.07,18.64,21.70,25.70,29.59,30.78,31.72,32.46,32.63,31.70,30.83,28.56,24.97,20.92,18.71,17.49,16.64,15.73,14.10,12.13,10.40,9.05,8.08,7.13,6.23,5.45,4.93,4.82,4.73,4.66,4.61,4.63,4.76,4.95,5.64,7.45,9.55,12.05,14.63,16.74,17.22,13.79,10.43,8.58,8.23,8.08,7.95,7.92,8.12,8.54,8.79,8.85,8.75,8.59,8.23,8.14,8.46,9.16,9.60,10.42,11.48,12.75,14.64,16.75,18.54,19.68,19.66,18.97,18.09,17.27,16.71,16.53,17.32,18.40,19.96,23.34,27.94,30.94,32.56,34.18,35.71,37.22,38.76,40.34,41.83,42.08,41.52,40.62,40.10,40.36,40.65,40.79,40.76,40.50,40.14,39.70,39.28,39.06,38.12,36.32,34.13,32.35,31.00,29.11,26.61,23.64,20.65,18.39,16.43,14.88,14.56,15.01,16.10,17.35,18.31,19.13,20.54,21.99,23.29,24.88,26.43,27.91,29.87,33.34,37.38,40.73,43.29,45.16,46.91,48.47,50.19,51.96,53.22,54.26,55.15,56.25,58.18,61.27,64.77,64.43,59.30,55.35,51.23,45.32,39.19,36.53,34.27,31.99,29.32,26.13,22.93,20.30,18.38,16.98,15.54,14.26,13.09,12.02,10.98,9.82,9.37,9.04,8.48,7.88,7.10,5.58,3.43,1.34,e,e,e,e,e,e,e,e,e,e,e,e,e,e,e,e,e,e,e,e,e
13.02,14.38,15.83,17.22,18.73,20.37,21.55,22.80,24.15,25.55,26.82,28.12,29.80,32.41,36.67,41.94,46.14,48.52,49.03,49.16,49.74,51.62,54.39,56.96,59.09,61.03,62.94,64.94,67.29,69.78,72.36,74.71,75.84,74.07,71.82,69.93,68.57,67.36,65.95,64.07,61.56,58.37,53.33,46.80,40.55,37.59,35.55,34.03,32.73,31.52,30.29,28.22,24.98,21.06,18.20,16.07,15.23,15.37,15.91,15.88,16.07,16.00,15.41,14.80,14.00,13.68,14.26,16.17,18.31,21.54,25.56,29.47,30.65,31.47,32.18,32.45,31.62,30.77,28.49,24.76,20.25,17.76,16.23,14.99,13.73,12.13,10.56,9.21,8.05,6.94,5.88,5.30,5.01,4.84,4.80,4.69,4.61,4.63,4.74,4.84,5.39,6.70,9.10,11.79,14.54,17.18,19.27,19.65,16.13,12.02,9.20,8.96,8.71,8.37,8.07,8.02,8.36,8.45,8.38,8.25,8.15,7.96,8.12,8.62,9.32,10.30,12.20,14.21,15.91,17.93,20.02,21.64,22.59,22.64,21.52,19.88,18.45,17.77,17.41,17.92,18.85,20.60,24.77,28.83,31.43,33.02,34.71,36.42,38.09,39.79,41.58,43.32,44.01,44.03,43.75,43.59,43.79,43.78,43.47,42.89,42.35,41.93,41.58,41.25,40.75,39.31,37.27,35.00,32.88,30.86,28.43,25.74,22.98,20.27,18.23,16.76,15.83,15.52,15.45,16.05,17.01,17.95,18.85,19.81,20.88,22.13,23.67,25.22,26.81,28.73,31.59,35.49,38.89,41.34,42.76,44.03,45.36,46.98,48.66,49.72,50.44,51.32,52.78,55.35,58.87,63.09,64.38,61.26,56.99,52.96,47.72,42.01,38.09,35.06,31.86,28.63,25.66,22.88,20.43,18.75,17.73,16.56,15.33,14.11,12.96,11.99,11.61,11.79,11.77,11.12,9.99,8.44,6.52,4.22,1.77,e,e,e,e,e,e,e,e,e,e,e,e,e,e,e,e,e,e,e,e,e
11.50,13.00,14.56,16.22,18.02,19.91,21.37,22.98,24.50,25.87,27.20,28.69,31.28,35.13,40.39,46.50,51.30,54.17,55.11,55.51,55.79,56.80,58.42,60.13,61.74,63.49,65.44,67.52,69.22,71.18,73.45,75.26,74.69,72.46,70.21,68.40,67.08,65.87,64.79,63.48,61.61,58.82,53.89,47.76,41.64,37.15,33.15,30.46,28.65,27.40,26.50,24.79,22.01,18.64,16.20,14.17,13.23,13.14,13.38,13.15,13.09,12.85,12.28,11.79,11.37,11.58,12.80,15.51,18.11,21.46,25.45,29.31,30.55,31.33,31.96,32.20,31.46,30.67,28.55,24.95,20.45,18.23,16.69,15.24,13.70,11.90,10.13,8.63,7.36,6.14,5.29,4.93,4.83,4.76,4.75,4.69,4.66,4.71,4.84,5.12,6.27,8.29,11.00,13.87,16.69,19.23,21.15,21.73,19.08,14.70,10.55,9.47,9.01,8.61,8.22,8.00,8.17,8.24,8.23,8.17,8.06,8.00,8.23,8.72,9.47,11.03,13.87,16.75,18.93,21.02,23.11,24.60,25.41,25.67,24.93,22.84,20.46,18.99,18.54,18.95,20.21,22.67,26.78,29.83,31.87,33.43,35.13,36.87,38.56,40.53,42.87,44.86,46.05,46.66,46.92,47.16,46.98,46.50,45.78,44.88,44.17,43.74,43.11,42.14,41.04,39.05,36.68,34.22,31.85,29.76,27.37,24.79,22.21,19.91,18.38,17.42,16.88,16.59,16.27,16.41,16.96,17.84,18.79,19.71,20.81,22.25,23.93,25.04,26.17,27.69,30.06,33.30,36.33,38.77,40.36,41.30,42.63,44.26,45.93,47.14,47.96,49.07,50.90,53.92,57.80,62.09,64.23,62.82,58.83,54.93,50.44,45.38,40.38,36.63,32.80,29.18,26.23,23.66,21.61,20.03,18.82,17.60,16.37,15.11,14.12,13.86,14.28,14.84,15.09,14.70,13.36,10.39,7.44,4.76,2.11,e,e,e,e,e,e,e,e,e,e,e,e,e,e,e,e,e,e,e,e,e
10.39,11.99,13.74,15.72,17.83,19.95,21.84,23.93,25.61,26.82,28.12,29.92,33.48,38.48,44.42,50.92,56.13,59.72,61.70,62.90,63.14,62.97,62.84,63.34,64.38,65.92,67.84,69.88,70.91,72.39,74.31,75.52,73.42,70.97,68.77,66.92,65.45,64.17,63.27,62.40,61.02,58.13,53.32,47.94,42.50,37.01,31.55,27.96,25.72,24.25,23.21,21.46,18.96,16.09,13.80,12.04,11.20,10.97,10.89,10.63,10.41,10.11,9.71,9.40,9.38,10.13,11.91,15.01,17.97,21.43,25.39,29.21,30.58,31.38,31.92,32.04,31.39,30.79,28.87,25.51,21.31,19.51,18.07,16.52,14.75,12.65,10.41,8.48,6.92,5.58,5.04,4.86,4.77,4.71,4.71,4.71,4.74,4.81,4.93,5.60,7.43,10.09,12.95,15.81,18.56,20.93,22.65,23.62,22.11,17.84,12.50,9.92,9.16,8.78,8.40,8.10,8.10,8.20,8.27,8.25,8.13,8.18,8.42,8.82,9.62,11.71,15.39,19.08,21.79,24.03,26.04,27.35,28.03,28.45,28.37,26.27,23.30,21.09,20.45,20.78,22.42,25.48,28.95,30.88,32.36,33.85,35.50,37.19,38.84,41.07,44.03,46.35,48.23,49.54,50.37,50.86,50.16,49.05,47.88,46.71,45.73,45.11,44.00,42.12,40.12,37.50,34.91,32.45,30.08,28.18,26.09,23.83,21.60,19.85,18.87,18.30,17.95,17.67,17.26,16.99,17.13,17.92,18.89,20.05,21.47,23.20,25.10,25.70,26.18,27.12,28.89,31.14,33.58,36.02,38.08,38.86,40.32,42.03,43.73,45.30,46.44,47.87,50.00,53.29,57.44,61.42,64.00,64.00,60.59,56.86,53.06,48.71,43.09,38.69,34.38,30.42,27.32,24.91,23.22,21.63,20.00,18.60,17.34,16.12,15.46,16.07,17.14,17.89,18.34,18.32,17.02,12.75,8.60,5.27,2.47,e,e,e,e,e,e,e,e,e,e,e,e,e,e,e,e,e,e,e,e,e
10.07,11.61,14.09,16.43,18.68,20.95,23.05,25.13,26.80,27.99,29.10,31.84,35.94,40.98,46.76,52.79,58.03,62.32,65.47,67.32,67.61,67.02,66.27,66.27,66.97,68.21,69.60,70.81,71.70,73.06,74.40,74.81,72.76,70.56,68.03,65.62,63.92,62.49,61.70,61.05,59.54,55.23,50.49,45.65,40.40,34.20,29.34,26.00,23.53,21.59,20.20,18.17,15.63,12.99,11.19,10.16,9.63,9.37,9.24,9.10,8.93,8.74,8.54,8.33,8.75,9.77,11.59,14.70,17.80,21.40,25.46,29.38,31.13,32.05,32.50,32.45,31.88,31.82,30.13,26.90,23.20,21.27,19.83,18.28,16.36,13.98,11.32,8.93,6.92,5.31,4.94,4.85,4.77,4.71,4.70,4.74,4.78,4.81,5.01,6.59,8.96,11.73,14.68,17.55,20.01,22.12,23.95,25.51,24.28,20.65,15.48,10.53,9.35,8.96,8.63,8.46,8.53,8.55,8.44,8.22,8.14,8.36,8.69,9.09,9.80,12.16,16.59,21.03,24.27,27.10,28.67,29.49,29.90,30.14,30.19,29.34,27.99,26.63,25.22,25.09,26.27,28.48,30.51,31.92,33.17,34.44,35.80,37.40,39.11,41.43,44.59,47.55,50.70,53.36,54.99,54.96,53.73,51.75,49.70,48.09,46.17,44.59,42.90,40.57,36.97,33.54,31.32,29.92,28.34,26.50,24.56,22.91,21.83,20.98,20.17,19.51,19.00,18.55,18.14,17.68,17.58,18.28,19.20,20.97,23.00,25.04,27.11,27.79,28.04,28.29,28.73,29.74,31.50,33.84,36.32,37.37,39.00,40.84,42.71,44.74,46.29,47.85,49.96,53.22,57.27,60.83,63.56,64.50,61.59,58.19,54.67,50.82,46.11,41.33,36.48,32.02,28.55,26.39,24.56,22.75,20.94,19.36,18.11,17.21,17.02,18.00,19.01,19.67,20.07,20.13,19.30,15.52,10.74,6.20,3.23,e,e,e,e,e,e,e,e,e,e,e,e,e,e,e,e,e,e,e,e,e
9.77,11.00,13.82,16.91,19.76,22.20,24.45,26.51,28.21,29.53,30.79,33.88,38.03,42.84,48.25,53.84,59.05,63.87,67.80,69.53,69.81,69.33,68.69,68.57,69.03,69.90,70.81,71.55,72.37,73.59,74.31,74.01,72.34,70.46,67.78,64.90,62.58,60.24,58.81,57.53,55.44,51.16,46.77,42.26,37.25,31.41,27.36,24.17,21.35,18.90,17.13,14.82,12.52,10.59,9.32,8.69,8.29,8.02,7.89,7.79,7.66,7.55,7.50,7.54,8.40,9.74,11.66,14.73,17.88,21.59,25.71,29.65,31.79,32.88,33.28,33.27,33.36,33.02,31.17,28.25,25.23,23.17,21.48,19.68,17.49,14.77,11.79,9.20,7.06,5.26,4.92,4.85,4.77,4.71,4.73,4.77,4.81,4.94,5.55,7.68,10.34,13.20,16.19,19.04,21.44,23.54,25.48,27.32,26.80,23.77,18.39,11.51,9.66,9.15,8.91,8.84,8.81,8.68,8.44,8.19,8.25,8.55,8.91,9.27,9.83,11.84,16.91,22.07,25.50,28.69,30.14,30.83,31.22,31.41,31.49,31.27,30.84,30.20,28.96,28.74,29.46,30.82,32.08,33.25,34.41,35.53,36.57,37.86,39.57,41.95,45.09,48.29,52.30,55.92,58.21,58.03,56.94,54.29,51.11,48.45,45.62,43.27,40.81,37.73,33.75,30.75,29.05,28.12,27.07,25.76,24.47,23.51,23.09,22.69,21.96,21.14,20.28,19.36,18.84,18.29,18.01,18.51,19.31,21.26,23.91,26.81,29.00,29.81,30.18,30.29,29.99,30.29,31.61,33.59,35.67,36.76,38.46,40.48,42.64,44.86,46.77,48.33,50.17,53.12,56.93,60.16,62.90,64.41,62.18,59.11,55.70,52.02,48.00,43.41,38.46,33.55,29.36,27.26,25.38,23.48,21.66,20.08,18.95,18.36,18.46,19.44,20.28,20.84,21.16,21.15,20.46,17.38,12.45,7.18,4.10,e,e,e,e,e,e,e,e,e,e,e,e,e,e,e,e,e,e,e,e,e
9.45,10.22,13.03,17.08,20.85,23.46,25.89,28.02,29.85,31.45,33.16,36.02,39.84,44.28,49.20,54.34,59.48,64.58,68.84,69.95,70.19,70.20,70.17,70.21,70.51,70.99,71.57,72.21,72.97,73.94,74.08,73.21,72.03,70.48,67.87,64.68,61.46,57.59,54.83,52.28,49.37,46.36,42.59,38.26,33.61,28.99,25.69,22.46,19.23,16.29,14.08,11.63,9.85,8.93,8.15,7.56,7.11,6.82,6.73,6.60,6.51,6.44,6.46,6.89,8.18,9.89,12.06,15.09,18.22,21.94,26.01,29.90,32.40,33.76,34.30,34.56,35.56,34.23,31.90,29.38,27.08,24.89,22.76,20.52,17.98,14.93,11.75,9.22,7.25,5.39,4.95,4.85,4.77,4.71,4.77,4.80,4.84,5.16,6.46,8.77,11.51,14.44,17.42,20.21,22.76,25.08,27.14,28.95,29.47,27.04,21.27,13.08,10.15,9.34,9.19,9.17,8.87,8.58,8.31,8.18,8.43,8.74,9.05,9.34,9.72,10.90,16.42,22.17,25.55,28.86,30.52,31.44,32.03,32.34,32.45,32.25,31.95,31.73,31.45,31.49,31.84,32.55,33.69,34.84,36.00,37.05,37.80,38.65,40.36,42.78,45.73,48.83,53.16,57.23,59.88,59.94,59.48,56.41,51.96,47.81,44.19,41.41,38.20,34.29,31.10,29.47,28.33,27.31,26.53,26.08,25.75,25.45,25.17,24.79,24.10,23.11,21.80,20.23,19.41,18.80,18.41,18.59,19.23,20.94,24.09,28.17,30.50,31.48,32.24,32.77,32.49,32.66,33.81,35.22,36.25,37.13,38.83,41.10,43.60,45.73,47.84,49.27,50.67,53.08,56.46,59.42,62.11,63.88,62.40,59.63,56.14,52.37,48.68,44.75,40.16,34.91,29.75,27.57,25.72,23.89,22.18,20.78,19.90,19.58,19.78,20.48,21.12,21.61,21.81,21.56,20.70,18.24,13.53,8.05,4.89,1.85,0.70,e,e,e,e,e,e,e,e,e,e,e,e,e,e,e,e,e,e,e
9.35,10.11,13.02,17.18,21.16,24.12,26.91,29.41,31.76,33.96,36.04,38.78,42.23,46.18,50.50,54.64,59.22,63.92,67.98,69.75,70.19,70.33,70.52,70.77,71.11,71.57,72.07,72.58,73.23,73.64,73.34,72.42,71.44,70.09,67.58,64.40,60.91,55.52,51.29,48.01,45.23,42.29,39.17,35.31,31.05,27.40,24.27,21.12,17.91,14.75,11.89,9.96,8.73,7.94,7.12,6.45,5.93,5.63,5.59,5.54,5.50,5.47,5.57,6.23,7.86,10.05,12.66,15.67,18.69,22.02,25.69,29.50,32.25,34.53,36.10,36.88,36.96,34.91,32.27,29.68,27.30,24.79,22.34,19.89,17.29,14.34,11.26,8.88,7.11,5.42,4.97,4.85,4.77,4.71,4.78,4.84,4.88,5.31,7.21,9.56,12.22,15.06,17.97,20.52,23.17,25.81,28.20,29.84,30.49,29.26,25.03,16.41,11.26,9.50,9.28,9.14,8.82,8.54,8.29,8.18,8.46,8.73,9.02,9.30,9.59,10.20,15.41,21.18,24.79,28.15,30.17,31.36,32.11,32.71,33.36,33.48,33.33,33.27,33.26,33.41,33.73,34.31,35.31,36.44,37.60,38.63,39.36,40.28,42.15,44.59,47.38,50.62,54.54,57.96,60.11,60.20,59.99,56.50,51.15,46.10,42.18,39.58,36.81,33.59,31.32,30.22,29.40,28.64,28.12,27.88,27.71,27.52,27.22,26.83,26.22,25.16,23.64,21.80,20.21,19.27,18.81,18.67,19.18,20.49,23.40,27.63,30.41,31.91,33.27,34.66,35.64,36.37,37.39,38.34,38.90,39.54,41.28,43.89,46.69,48.32,49.94,51.19,52.36,53.95,56.16,58.83,61.53,63.36,62.22,59.44,55.60,51.44,47.97,44.66,41.01,36.03,29.97,27.81,25.99,24.17,22.56,21.55,21.08,20.98,21.16,21.62,22.13,22.45,22.26,21.51,20.66,18.09,13.46,8.13,4.86,2.10,0.70,e,e,e,e,e,e,e,e,e,e,e,e,e,e,e,e,e,e,e
9.33,10.15,13.30,17.19,20.96,24.30,27.67,30.54,33.26,35.88,38.31,41.13,44.34,47.87,51.55,54.70,58.47,62.42,65.95,68.12,68.98,69.52,70.04,70.47,70.98,71.51,72.02,72.49,73.08,73.16,72.67,71.76,70.86,69.48,67.06,64.07,60.64,54.53,49.12,45.04,42.18,39.45,37.05,33.86,30.11,26.90,23.79,20.68,17.48,14.11,10.68,9.05,8.05,7.12,6.20,5.55,5.10,4.85,4.85,4.85,4.85,4.85,4.97,5.62,7.47,10.09,13.12,16.24,19.32,22.41,25.71,29.30,32.43,35.55,37.85,38.74,37.70,35.15,32.26,29.44,26.72,23.91,21.31,18.77,16.14,13.36,10.57,8.40,6.78,5.35,4.96,4.85,4.78,4.74,4.79,4.86,5.02,5.71,7.96,10.30,12.84,15.53,18.22,20.57,23.25,26.05,28.57,30.13,30.77,30.52,27.96,20.00,12.52,9.66,9.36,9.11,8.82,8.57,8.34,8.21,8.44,8.69,8.96,9.21,9.41,9.69,13.91,19.27,23.62,27.12,29.56,31.01,31.81,32.66,33.67,34.21,34.46,34.70,34.92,35.17,35.51,36.05,36.89,38.02,39.23,40.38,41.29,42.40,44.35,46.84,49.76,53.42,56.50,58.77,60.09,60.16,60.05,55.98,49.71,44.05,40.35,38.05,36.00,33.96,32.64,31.84,31.19,30.63,30.30,30.11,29.93,29.67,29.27,28.87,28.28,27.13,25.41,23.36,21.15,19.82,19.15,18.84,19.22,20.18,22.66,26.60,29.47,31.32,33.04,34.89,36.77,38.35,39.72,40.86,41.75,42.65,44.42,47.05,49.84,51.30,52.74,53.94,54.87,55.63,56.72,58.77,61.23,63.00,61.75,58.64,54.46,50.16,47.06,44.22,41.10,36.34,30.03,27.92,26.16,24.47,23.12,22.59,22.45,22.46,22.58,22.83,23.06,22.97,22.38,21.34,20.40,17.30,12.64,7.60,4.29,e,e,e,e,e,e,e,e,e,e,e,e,e,e,e,e,e,e,e,e,e
9.35,10.26,13.76,17.03,20.21,23.90,28.11,31.24,33.97,36.66,39.38,42.53,45.73,48.92,52.03,54.40,57.09,59.95,62.60,64.43,65.98,67.36,68.47,69.05,69.88,70.56,71.16,71.78,72.38,72.63,72.23,71.33,70.39,68.67,66.31,63.66,60.56,54.98,48.97,43.92,40.52,38.57,36.93,34.59,31.48,27.93,24.74,21.59,18.24,14.54,10.73,8.88,7.61,6.37,5.42,5.01,4.82,4.72,4.72,4.72,4.72,4.72,4.77,5.09,7.06,9.97,13.32,16.75,20.16,23.36,26.45,29.64,33.38,37.00,39.27,39.54,37.66,34.85,31.77,28.59,25.35,22.40,19.85,17.32,14.64,12.01,9.71,7.78,6.21,5.12,4.91,4.85,4.80,4.79,4.80,4.86,5.32,6.51,8.78,11.06,13.50,15.96,18.22,20.46,23.07,25.70,28.02,29.70,30.37,30.60,29.33,23.44,13.87,9.88,9.47,9.18,8.93,8.70,8.46,8.30,8.40,8.66,8.88,9.04,9.16,9.38,11.81,16.31,22.04,25.80,28.72,30.39,31.14,32.11,33.07,34.08,35.08,35.90,36.48,36.86,37.25,37.75,38.39,39.55,40.91,42.30,43.64,44.91,46.75,49.27,52.70,57.05,58.87,59.62,60.01,60.08,59.98,55.12,47.82,41.85,39.06,37.10,35.79,35.20,34.80,34.23,33.58,33.02,32.77,32.55,32.32,31.93,31.32,30.90,30.20,28.89,26.96,24.62,22.21,20.46,19.43,19.14,19.40,20.11,22.13,25.38,27.67,29.52,31.15,32.73,34.58,37.22,39.62,41.87,44.12,46.05,47.87,50.04,52.43,54.32,56.27,57.61,58.23,58.22,58.51,59.52,61.28,62.83,60.92,57.06,52.68,48.75,46.21,43.63,40.23,35.47,29.88,27.86,26.23,24.86,24.02,24.00,24.00,24.01,24.04,24.06,23.75,22.98,22.05,21.06,19.83,15.83,10.99,6.41,3.18,e,e,e,e,e,e,e,e,e,e,e,e,e,e,e,e,e,e,e,e,e
9.41,10.33,13.55,16.45,19.24,22.76,27.68,31.12,33.76,36.07,38.37,41.40,44.03,46.78,50.26,52.39,54.44,56.31,57.89,59.56,61.28,62.85,64.23,65.51,66.87,68.45,69.94,71.03,71.69,72.17,71.97,71.14,70.24,68.58,66.16,63.21,59.63,54.38,49.39,46.00,44.56,43.51,41.66,38.95,35.36,30.81,26.98,23.45,19.74,15.59,11.48,9.06,7.38,6.03,5.15,4.83,4.70,4.63,4.60,4.59,4.62,4.66,4.73,4.97,7.00,10.05,13.67,17.55,21.06,24.26,27.42,30.84,35.03,38.30,39.96,39.69,37.37,34.18,30.69,27.06,23.44,20.65,18.21,15.73,13.10,10.64,8.58,6.82,5.49,4.98,4.86,4.82,4.80,4.81,4.84,4.88,5.56,7.20,9.64,12.09,14.40,16.56,18.55,20.48,22.55,24.73,26.88,28.70,29.74,30.51,30.36,26.73,16.76,11.20,9.56,9.29,9.02,8.72,8.40,8.14,8.11,8.29,8.47,8.61,8.76,9.09,10.42,14.07,20.05,24.03,26.94,28.94,30.25,31.34,32.39,33.51,34.64,35.69,36.53,37.24,37.97,38.75,39.53,40.77,41.95,43.06,44.22,44.96,46.18,48.14,50.74,53.00,54.02,55.62,57.99,59.63,58.89,53.66,46.93,42.27,39.52,38.02,37.25,37.01,36.83,36.50,35.99,35.48,35.25,35.05,34.75,34.19,33.36,32.76,31.47,29.68,27.53,25.07,22.59,20.77,19.71,19.49,19.77,20.56,22.06,24.15,25.71,27.50,29.14,30.60,32.18,34.86,37.58,40.27,43.06,45.87,48.45,50.94,53.40,55.81,58.08,59.35,59.78,59.75,59.74,60.47,61.52,61.87,59.29,55.05,50.94,47.57,45.10,42.63,38.60,33.81,29.55,27.78,26.46,25.54,25.12,25.13,25.18,25.22,25.06,24.45,23.58,22.46,21.37,20.23,18.09,14.22,9.46,5.25,2.98,e,e,e,e,e,e,e,e,e,e,e,e,e,e,e,e,e,e,e,e,e
9.50,10.41,13.17,15.80,18.30,21.40,26.47,30.14,32.70,34.58,36.35,39.06,41.09,43.36,47.03,49.23,50.89,52.08,52.98,54.59,56.48,58.15,59.71,61.57,63.33,65.76,68.25,70.09,70.98,71.68,71.70,71.03,70.23,68.62,65.89,62.40,58.41,53.80,50.40,49.02,49.48,49.09,46.98,43.67,39.37,34.02,29.44,25.36,21.18,16.58,12.23,9.30,7.20,5.72,5.00,4.75,4.64,4.56,4.50,4.48,4.54,4.62,4.72,4.97,6.95,10.10,14.02,18.33,21.84,25.03,28.32,32.14,36.78,39.43,40.37,39.64,37.03,33.54,29.62,25.49,21.49,18.89,16.56,14.11,11.56,9.30,7.37,5.85,4.91,4.89,4.83,4.80,4.80,4.81,4.88,4.90,5.79,7.86,10.56,13.41,15.75,17.64,19.36,20.93,22.45,24.12,26.02,27.81,29.13,30.27,30.89,29.17,19.70,12.74,9.59,9.30,8.98,8.61,8.22,7.88,7.73,7.81,7.96,8.12,8.34,8.80,9.48,12.30,17.88,22.10,24.89,27.15,29.08,30.45,31.70,32.83,33.93,35.06,36.06,37.03,38.03,39.03,39.95,41.14,42.06,42.76,43.52,43.69,44.26,45.45,46.98,47.23,48.02,50.84,55.19,58.28,57.38,52.74,47.47,44.40,41.74,40.55,39.99,39.67,39.44,39.17,38.70,38.16,37.84,37.65,37.18,36.34,35.15,34.04,32.11,29.92,27.66,25.20,22.77,21.08,20.18,20.11,20.59,21.56,22.71,23.82,24.73,26.19,27.62,28.86,30.08,32.42,35.24,38.22,41.33,44.86,48.25,51.20,53.79,56.55,59.02,60.21,60.56,60.73,60.70,61.33,61.72,60.95,58.01,53.45,49.55,46.60,44.03,41.55,37.02,32.27,29.25,27.81,26.91,26.43,26.29,26.21,26.19,26.10,25.62,24.40,23.09,21.78,20.50,18.93,16.00,12.38,8.20,4.30,e,e,e,e,e,e,e,e,e,e,e,e,e,e,e,e,e,e,e,e,e,e
9.64,10.53,12.84,15.33,17.65,20.04,23.70,27.33,29.95,31.56,33.14,35.29,37.08,38.85,41.32,44.10,45.77,47.09,48.56,50.33,52.80,54.91,56.59,58.21,59.81,62.35,65.52,68.62,70.25,71.03,71.25,71.00,70.30,68.43,64.82,60.56,57.04,54.11,52.62,52.12,52.16,51.69,49.94,46.42,41.65,36.62,31.47,26.62,21.81,16.91,12.45,9.41,7.00,5.20,4.87,4.74,4.62,4.50,4.43,4.42,4.48,4.58,4.72,4.96,6.62,9.86,14.23,18.83,22.28,25.41,28.82,33.03,38.23,40.23,40.53,39.59,36.77,33.31,29.07,24.37,19.92,17.34,14.99,12.53,10.08,8.04,6.20,5.17,4.90,4.89,4.83,4.80,4.80,4.81,4.88,4.90,6.00,8.50,11.64,15.36,18.16,20.00,21.29,22.54,23.88,25.18,26.42,27.71,28.82,29.70,30.21,29.20,21.53,13.99,9.45,8.99,8.61,8.23,7.84,7.49,7.29,7.32,7.45,7.64,7.96,8.56,9.25,11.34,15.56,20.13,22.84,25.04,27.24,29.38,30.97,32.19,33.27,34.35,35.31,36.16,36.98,37.80,38.55,39.32,39.91,40.30,40.54,40.59,40.76,41.22,42.01,42.84,44.66,47.78,51.67,54.64,55.49,53.95,51.43,49.35,47.72,46.27,45.12,44.36,43.86,43.14,42.29,41.41,40.70,40.40,39.55,38.17,36.28,33.80,31.45,29.32,27.28,25.10,22.88,21.64,21.20,21.39,22.50,23.81,25.09,26.18,26.76,27.14,27.62,28.25,29.11,30.85,33.69,37.01,40.48,44.39,48.18,51.30,53.80,56.34,58.81,60.11,60.63,61.01,61.30,61.71,61.70,60.78,58.41,53.48,49.18,46.06,43.33,40.62,36.16,31.73,29.16,28.21,27.84,27.64,27.49,27.34,27.07,26.30,25.12,23.77,22.40,21.08,19.29,16.78,13.81,9.96,7.88,e,e,e,e,e,e,e,e,e,e,e,e,e,e,e,e,e,e,e,e,e,e,e
9.84,10.75,12.69,14.88,16.97,18.89,21.28,24.14,26.63,28.54,30.18,31.80,33.33,34.93,36.92,39.43,41.07,42.46,44.02,45.80,48.72,51.59,53.89,55.40,57.17,59.68,62.88,66.44,69.08,70.30,70.69,70.59,70.08,67.84,64.34,60.59,57.74,56.33,55.52,54.58,53.24,51.76,49.42,45.72,41.19,36.90,31.96,26.60,21.36,16.68,12.41,9.20,6.68,4.99,4.82,4.70,4.58,4.48,4.42,4.44,4.50,4.59,4.72,4.94,6.38,9.47,13.87,18.57,22.14,25.31,28.69,32.83,38.10,40.16,40.48,39.54,36.69,33.42,29.29,24.70,20.49,17.46,14.47,11.61,9.12,7.14,5.62,4.94,4.90,4.89,4.86,4.84,4.84,4.85,4.89,4.90,6.10,8.92,12.79,17.10,20.09,21.86,23.10,24.28,25.52,26.65,27.57,28.57,29.37,30.01,30.38,29.49,23.01,14.98,9.39,8.79,8.27,7.82,7.42,7.06,6.81,6.85,6.97,7.18,7.65,8.32,8.96,10.27,12.96,17.18,20.20,22.59,24.93,27.73,30.05,31.51,32.48,33.33,34.01,34.70,35.36,35.97,36.59,37.07,37.44,37.69,37.76,37.77,37.85,38.11,38.70,39.74,41.84,45.79,50.69,53.85,56.07,56.53,55.87,54.83,53.85,52.67,51.43,50.22,49.14,48.07,46.93,45.73,44.53,43.32,41.35,38.92,36.22,33.11,30.57,28.50,26.72,25.07,24.05,23.61,23.52,23.72,24.76,26.12,27.49,28.65,29.21,29.21,29.28,29.64,30.40,31.89,34.40,37.49,41.01,45.34,49.04,52.11,54.76,57.36,59.25,60.23,60.73,61.13,61.40,61.59,61.44,60.68,59.13,54.76,50.34,46.69,43.67,40.60,36.40,32.45,30.14,29.20,28.86,28.65,28.38,27.96,27.19,26.01,24.61,23.19,21.79,20.16,17.99,15.19,12.18,7.23,4.73,e,e,e,e,e,e,e,e,e,e,e,e,e,e,e,e,e,e,e,e,e,e,e
10.31,11.22,12.76,14.50,16.25,17.89,19.28,21.16,23.43,25.76,27.50,28.66,29.94,31.49,33.29,35.14,36.70,38.16,39.62,41.33,44.43,47.94,51.01,52.79,54.91,57.36,60.35,64.01,67.52,69.25,69.81,69.74,69.47,67.22,64.53,61.90,59.73,59.23,58.27,56.28,53.32,50.47,47.11,43.24,39.24,35.66,31.27,25.71,20.31,16.11,12.16,8.78,6.29,4.92,4.79,4.66,4.56,4.48,4.42,4.48,4.55,4.63,4.72,4.94,6.21,9.00,13.08,17.82,21.61,24.86,28.09,31.88,36.84,39.33,40.14,39.43,36.70,33.67,29.86,25.70,21.89,18.23,14.49,11.16,8.58,6.60,5.38,4.90,4.90,4.91,4.95,4.93,4.89,4.89,4.90,4.90,6.15,9.24,13.86,18.55,21.63,23.43,24.84,26.04,27.27,28.31,29.07,29.84,30.24,30.57,30.69,29.50,23.69,15.46,9.30,8.57,7.90,7.41,6.99,6.60,6.31,6.38,6.50,6.76,7.35,8.02,8.61,9.27,10.56,13.88,17.09,19.72,22.20,25.58,28.67,30.47,31.43,32.09,32.45,32.97,33.45,33.84,34.32,34.61,34.84,35.02,35.09,35.11,35.22,35.55,36.23,37.40,39.52,44.27,50.42,53.91,57.19,59.06,59.75,59.67,59.15,58.45,57.43,56.03,54.48,53.14,51.70,50.12,48.32,45.81,42.52,38.97,35.51,32.14,29.62,27.73,26.34,25.43,25.83,26.27,26.46,26.56,27.24,28.46,29.84,31.11,31.89,31.98,32.08,32.41,33.18,34.50,36.47,39.07,42.51,47.01,50.40,53.29,56.07,58.73,59.89,60.43,60.79,61.09,61.20,61.23,61.04,60.56,59.72,56.20,51.84,47.69,44.36,40.94,37.22,33.94,31.82,30.68,30.02,29.54,29.02,28.22,26.91,25.51,24.10,22.66,21.25,19.24,16.75,13.88,10.66,4.90,1.65,e,e,e,e,e,e,e,e,e,e,e,e,e,e,e,e,e,e,e,e,e,e,e
11.84,12.60,13.42,14.27,15.43,17.06,18.39,19.79,21.72,23.95,25.45,26.50,27.60,28.88,30.31,31.50,32.93,34.47,36.02,37.64,40.00,43.09,46.60,49.96,52.55,55.06,58.12,61.91,65.21,67.06,67.75,67.72,67.80,67.34,66.33,64.88,63.07,61.40,59.11,56.05,52.29,48.37,44.03,40.06,36.40,32.53,28.66,23.72,18.90,15.22,11.51,8.16,5.87,4.85,4.74,4.64,4.55,4.48,4.42,4.48,4.55,4.63,4.72,4.94,6.23,8.43,11.68,16.50,20.53,23.82,26.78,29.89,33.89,37.08,38.99,39.11,36.71,33.87,30.52,26.71,22.54,18.55,14.70,11.31,8.69,6.86,5.49,4.90,4.90,4.93,5.21,5.11,4.90,4.90,4.90,4.90,6.24,9.54,14.44,19.20,22.55,24.77,26.47,27.76,29.02,30.01,30.54,30.93,30.72,30.44,29.92,27.87,21.74,14.35,9.01,8.01,7.38,7.00,6.61,6.14,5.81,5.87,6.10,6.46,6.98,7.56,8.15,8.74,9.50,11.02,13.23,15.77,18.72,22.43,25.68,28.04,29.66,30.59,30.88,31.22,31.49,31.64,31.89,32.09,32.23,32.34,32.42,32.47,32.67,33.13,34.06,35.70,38.22,42.68,48.20,51.99,55.86,58.75,60.45,60.84,60.68,60.37,59.93,59.32,58.44,56.98,55.07,52.82,50.06,46.21,42.14,38.15,34.36,30.92,28.84,27.63,27.08,27.28,28.17,29.05,29.54,29.52,30.01,30.87,32.03,33.41,34.73,35.56,36.34,37.13,37.78,38.49,39.77,41.96,45.29,49.04,52.03,54.60,57.02,59.26,60.13,60.48,60.67,60.76,60.74,60.69,60.58,60.24,59.16,55.92,51.91,47.93,44.49,41.03,38.34,36.20,34.39,33.01,31.64,30.37,29.17,27.91,26.48,25.06,23.66,22.25,20.86,18.62,15.89,12.66,8.48,6.43,e,e,e,e,e,e,e,e,e,e,e,e,e,e,e,e,e,e,e,e,e,e,e,e
13.78,14.49,14.92,15.21,15.79,16.85,17.83,18.95,20.48,22.23,23.41,24.44,25.61,26.89,28.17,29.26,30.42,31.63,32.90,34.36,36.38,39.21,42.81,46.89,49.84,52.70,56.09,60.18,63.97,66.44,67.64,67.91,68.10,68.41,68.25,67.42,65.56,62.57,59.30,55.71,51.61,47.09,42.40,38.14,34.20,30.14,26.30,21.89,17.65,14.20,10.69,7.40,5.40,4.80,4.71,4.63,4.55,4.49,4.45,4.51,4.59,4.67,4.75,4.93,6.08,7.86,10.55,14.95,19.17,22.48,25.24,27.95,31.14,34.36,36.80,37.82,36.67,34.17,31.18,27.63,23.14,19.02,15.32,12.06,9.43,7.70,6.29,5.56,5.47,5.69,5.93,5.65,5.18,4.93,4.90,4.90,6.31,9.71,14.57,19.36,23.03,25.75,27.93,29.27,30.29,30.97,31.19,31.04,30.04,28.86,27.45,24.78,18.81,12.56,8.28,7.30,6.71,6.35,5.98,5.58,5.35,5.38,5.65,6.06,6.56,7.07,7.63,8.20,8.73,9.36,10.63,12.43,15.06,19.14,22.19,24.67,26.55,27.50,27.85,28.11,28.27,28.38,28.69,29.02,29.44,29.80,29.86,30.03,30.39,31.05,32.26,34.46,37.30,41.23,45.84,49.74,53.82,57.50,60.15,61.16,61.56,61.51,61.26,60.88,60.32,58.89,56.51,53.53,50.26,45.49,41.11,37.23,33.77,30.63,29.07,28.44,28.52,29.45,30.79,32.07,32.85,32.80,32.89,33.39,34.31,35.64,37.22,38.54,39.70,40.66,41.21,41.59,42.29,43.77,46.30,49.09,51.65,53.95,56.13,58.35,59.78,60.32,60.23,59.70,59.11,58.69,58.26,57.60,56.34,53.69,50.43,47.00,43.68,40.52,38.33,36.56,34.77,33.22,31.53,29.81,28.16,26.60,25.24,24.01,22.81,21.49,19.99,17.43,14.40,11.32,7.46,6.40,e,e,e,e,e,e,e,e,e,e,e,e,e,e,e,e,e,e,e,e,e,e,e,e
15.99,16.82,17.09,17.14,17.17,17.30,17.67,18.61,19.75,20.87,21.78,22.80,24.10,25.47,26.73,28.13,28.99,29.61,30.30,31.54,33.57,36.34,39.78,43.72,46.94,50.37,54.29,58.80,63.70,67.19,69.16,69.85,69.97,70.05,69.96,69.22,66.99,62.84,59.05,55.34,51.25,46.59,42.05,37.38,32.76,28.63,24.48,20.43,16.64,13.17,9.76,6.60,4.93,4.79,4.71,4.63,4.55,4.50,4.50,4.57,4.65,4.72,4.80,4.92,5.73,7.28,9.67,13.28,17.53,20.86,23.55,26.10,28.72,31.45,33.89,35.74,36.45,34.52,31.81,28.45,23.88,19.81,16.42,13.40,10.80,9.09,7.77,6.93,6.67,7.10,7.06,6.50,5.71,5.03,4.91,4.95,6.40,9.77,14.40,19.21,23.18,26.41,29.13,30.50,31.06,31.23,31.03,30.13,28.27,26.09,23.73,20.63,15.19,10.25,7.14,6.48,5.96,5.53,5.19,5.00,4.96,4.96,5.18,5.59,6.11,6.62,7.14,7.65,8.15,8.72,9.27,9.96,11.66,15.91,18.59,20.83,22.55,23.28,23.73,23.96,24.11,24.34,24.88,25.51,26.45,27.31,27.43,27.82,28.46,29.38,30.90,33.61,36.62,39.97,43.66,47.57,51.59,55.81,59.31,61.05,62.15,62.23,61.80,61.12,60.43,59.11,56.30,52.62,49.14,43.93,39.69,36.48,33.93,31.47,30.44,30.22,30.62,31.89,33.64,35.26,36.27,36.25,35.87,36.05,36.72,37.86,39.40,40.89,42.00,42.73,43.13,43.41,43.65,44.24,45.52,47.37,49.48,51.52,53.55,55.95,58.30,59.24,58.85,57.52,56.09,55.18,54.23,52.99,51.70,49.88,47.63,45.00,42.03,39.46,37.27,35.25,33.25,31.53,29.76,27.90,26.02,24.33,23.18,22.29,21.38,20.17,18.49,15.61,12.27,9.47,e,e,e,e,e,e,e,e,e,e,e,e,e,e,e,e,e,e,e,e,e,e,e,e,e,e
18.33,19.66,19.37,19.02,18.83,18.75,18.90,19.43,20.54,22.04,23.23,23.81,24.30,24.83,25.51,26.92,27.89,28.54,29.09,30.05,31.60,34.22,37.62,41.13,44.56,48.55,53.02,57.99,63.56,67.80,70.04,70.55,70.66,70.55,70.30,69.38,66.77,62.36,58.33,54.49,50.51,46.17,41.80,37.10,32.33,28.07,23.97,20.02,16.23,12.62,8.82,6.11,4.86,4.79,4.71,4.63,4.55,4.50,4.51,4.58,4.65,4.71,4.75,4.84,5.24,6.54,8.72,11.56,15.37,18.83,21.73,24.13,26.50,29.05,31.51,33.69,35.23,34.47,32.36,29.34,25.45,21.73,18.47,15.62,13.23,11.39,10.07,9.25,8.87,8.78,8.39,7.55,6.46,5.44,5.00,5.30,6.79,9.79,14.37,19.11,23.18,26.69,29.69,30.87,31.29,31.13,30.13,27.94,25.58,23.19,20.50,16.70,11.09,7.38,5.71,5.50,5.29,5.07,4.91,4.84,4.83,4.83,4.98,5.28,5.75,6.43,6.98,7.46,7.90,8.25,8.70,9.25,10.42,13.35,16.16,18.36,19.75,20.20,20.49,20.68,20.83,21.05,21.47,22.07,23.20,24.45,25.16,26.17,27.34,28.68,30.43,33.13,36.00,39.05,42.48,46.70,50.84,55.09,58.75,60.92,62.30,62.45,61.84,60.78,59.78,58.13,55.22,51.33,46.88,41.71,38.55,36.87,35.83,34.45,33.82,33.62,33.87,35.03,36.79,38.31,39.22,39.23,38.93,38.94,39.41,40.36,41.61,42.76,42.98,42.60,42.48,42.32,42.30,42.56,43.32,44.91,46.70,48.39,49.87,51.11,52.29,52.98,52.82,51.51,50.30,49.75,49.11,48.07,47.07,45.77,44.07,42.03,39.79,37.79,35.85,33.85,31.73,29.41,27.01,24.69,22.60,21.01,20.01,19.30,18.48,17.17,15.37,13.00,9.52,5.74,e,e,e,e,e,e,e,e,e,e,e,e,e,e,e,e,e,e,e,e,e,e,e,e,e,e
22.45,23.90,23.34,22.76,22.29,21.83,21.80,21.89,22.66,24.06,25.31,25.51,25.36,25.23,25.40,26.40,27.18,27.78,28.38,29.18,30.40,32.86,36.14,39.31,43.02,47.50,52.44,57.74,63.74,68.30,70.61,70.95,70.88,70.60,69.96,68.51,65.50,61.19,57.07,53.16,49.31,45.37,41.18,36.68,32.05,27.74,23.65,19.69,15.85,12.08,8.07,5.79,4.86,4.79,4.71,4.61,4.53,4.47,4.46,4.53,4.61,4.66,4.69,4.76,4.90,5.92,7.77,10.07,13.38,16.71,19.64,21.94,23.80,25.96,28.64,31.57,33.77,34.21,32.84,30.33,27.35,24.01,20.91,18.20,15.88,13.76,12.47,11.69,11.13,10.49,9.76,8.66,7.38,6.24,5.69,6.19,7.57,10.12,14.54,19.18,23.26,26.77,29.61,30.78,31.08,30.39,28.36,25.28,22.52,19.90,16.91,12.64,7.77,5.38,4.79,4.84,4.85,4.80,4.78,4.78,4.78,4.79,4.88,5.15,5.79,6.70,7.35,7.82,8.15,8.28,8.61,9.08,9.90,11.71,14.42,16.43,17.51,17.80,18.03,18.24,18.46,18.75,19.22,19.86,21.32,23.18,24.48,25.82,27.31,28.92,30.79,33.29,35.90,38.70,42.01,46.39,50.60,54.77,58.44,60.94,62.55,62.67,61.83,60.36,58.83,56.80,53.97,50.21,45.39,40.92,39.07,38.71,38.73,38.28,37.91,37.59,37.55,38.49,39.68,40.83,41.61,41.69,41.54,41.51,41.62,41.88,42.33,42.70,42.09,40.87,40.05,39.38,39.21,39.42,40.11,41.76,43.43,44.89,45.93,46.19,46.26,46.38,46.20,45.30,44.58,44.40,44.10,43.41,42.66,41.76,40.47,38.91,37.34,35.88,34.21,32.30,30.02,27.07,24.10,21.35,19.04,17.53,16.43,15.70,14.85,13.48,12.91,11.35,7.82,3.32,e,e,e,e,e,e,e,e,e,e,e,e,e,e,e,e,e,e,e,e,e,e,e,e,e,e
28.91,29.89,29.59,29.07,28.19,26.95,26.72,26.42,26.33,26.69,27.53,27.56,27.27,26.95,26.86,26.96,26.98,27.29,28.03,28.88,30.16,32.49,35.52,38.57,42.62,47.53,52.77,58.19,64.41,68.72,70.91,71.24,70.69,70.20,68.83,66.47,63.09,59.13,55.09,51.19,47.51,43.92,39.98,35.85,31.65,27.45,23.19,19.19,15.31,11.43,7.62,5.63,4.86,4.78,4.70,4.56,4.46,4.38,4.34,4.40,4.48,4.55,4.62,4.70,4.83,5.51,6.83,8.89,11.75,14.54,17.18,19.45,20.40,21.82,24.95,29.33,32.21,33.72,33.16,31.41,29.46,26.48,23.65,21.05,18.56,15.98,14.76,13.98,13.17,12.16,11.08,9.82,8.52,7.52,7.28,7.79,8.88,10.95,15.01,19.47,23.43,26.59,28.75,30.18,30.27,28.70,25.47,22.23,19.12,16.06,12.67,8.47,5.83,4.86,4.71,4.72,4.72,4.71,4.71,4.71,4.72,4.77,4.85,5.25,6.39,7.58,8.44,8.95,9.10,9.04,9.06,9.26,9.86,11.29,13.40,14.94,15.80,16.14,16.51,16.88,17.29,17.81,18.64,19.55,21.72,24.45,26.14,27.31,28.71,30.35,32.20,34.38,36.61,39.17,42.37,46.60,50.76,54.78,58.41,61.18,63.05,63.03,61.88,59.99,57.73,55.39,52.78,49.55,45.42,42.51,42.00,42.40,42.62,42.78,42.53,41.96,41.55,42.17,42.06,42.53,43.20,43.37,43.35,43.36,42.88,41.78,40.78,39.90,38.77,37.31,35.64,34.48,34.27,34.73,35.78,37.75,39.55,40.99,41.89,41.80,41.42,40.73,40.08,39.85,39.73,39.70,39.59,39.27,38.60,37.98,37.04,35.86,34.77,33.72,32.30,30.44,27.93,24.47,21.21,18.17,15.57,13.95,12.59,11.74,10.74,9.07,e,e,e,e,e,e,e,e,e,e,e,e,e,e,e,e,e,e,e,e,e,e,e,e,e,e,e,e,e,e
30.92,32.53,32.43,31.95,31.28,30.46,30.27,29.99,29.71,29.74,30.44,30.35,29.47,28.52,28.17,27.92,27.74,27.86,28.38,29.07,30.57,33.05,36.08,39.08,43.41,48.51,53.81,59.21,65.57,69.68,71.34,71.01,69.92,67.97,65.58,62.85,59.60,55.79,52.16,48.67,45.22,41.81,38.14,34.26,30.28,26.36,22.17,18.29,14.52,10.63,6.88,5.31,4.79,4.68,4.59,4.46,4.35,4.27,4.21,4.27,4.35,4.43,4.49,4.54,4.63,4.99,5.79,7.46,9.90,12.47,14.89,16.84,17.72,19.20,22.26,26.67,30.49,32.18,32.38,31.74,30.58,28.54,25.93,23.25,20.71,18.13,16.80,15.80,14.75,13.62,12.40,11.17,10.05,9.28,9.21,9.70,10.84,12.85,16.06,19.74,23.00,25.67,27.59,28.28,27.46,25.18,21.64,18.30,15.13,12.04,9.03,6.30,5.08,4.70,4.63,4.60,4.59,4.59,4.61,4.65,4.70,4.77,4.92,5.51,7.05,8.47,10.13,11.24,11.23,10.57,10.03,9.97,10.47,11.47,12.65,13.58,14.30,15.00,15.79,16.52,17.25,18.05,19.13,21.72,24.85,27.51,28.67,29.91,31.37,33.02,34.83,36.63,38.58,40.98,44.02,47.89,51.40,54.91,58.31,61.22,63.35,63.47,62.31,60.32,58.14,55.82,53.22,50.34,47.39,45.75,45.80,46.48,47.03,47.35,47.18,46.65,45.91,45.21,43.80,43.19,43.15,43.05,42.89,42.32,41.12,39.40,38.11,36.48,34.65,32.69,30.64,29.44,29.29,29.86,31.07,32.98,34.95,36.54,37.47,37.30,36.76,35.98,35.30,35.06,35.11,35.22,35.31,35.25,34.75,34.31,33.69,32.91,32.09,30.84,29.14,27.04,24.39,20.99,17.93,14.74,11.16,7.61,10.26,10.88,9.85,8.04,e,e,e,e,e,e,e,e,e,e,e,e,e,e,e,e,e,e,e,e,e,e,e,e,e,e,e,e,e,e
31.55,33.93,34.29,33.99,33.59,33.28,33.15,33.03,32.84,32.86,33.74,33.80,32.60,30.99,29.93,29.12,28.76,28.74,29.04,29.66,31.45,34.11,37.20,40.32,44.81,49.96,55.21,60.57,66.96,70.37,70.85,69.30,67.54,64.36,61.22,58.30,55.22,51.53,48.31,45.25,42.13,38.94,35.62,32.08,28.41,24.81,20.86,17.16,13.51,9.74,6.16,4.99,4.71,4.57,4.47,4.32,4.20,4.10,4.04,4.09,4.17,4.25,4.30,4.32,4.37,4.49,4.88,6.08,8.09,10.46,12.68,14.34,15.49,17.23,19.97,23.77,28.08,29.87,30.89,31.44,30.97,29.87,27.57,24.93,22.43,20.12,18.66,17.43,16.21,15.06,13.81,12.70,11.81,11.28,11.26,11.76,12.96,14.92,17.34,20.18,22.68,24.70,26.05,25.85,24.02,21.12,17.55,14.18,11.12,8.39,6.21,5.06,4.74,4.63,4.55,4.48,4.48,4.49,4.54,4.61,4.70,4.79,5.01,5.78,7.62,9.38,12.22,14.31,14.36,13.34,12.36,11.81,11.83,12.46,12.76,13.04,13.53,14.39,15.52,16.59,17.64,18.93,21.23,25.17,28.70,30.96,31.63,32.98,34.51,36.20,38.05,39.59,41.32,43.48,46.20,49.52,52.33,55.30,58.39,61.30,63.68,63.99,62.91,60.99,59.14,57.01,54.51,51.95,50.04,49.26,49.48,50.16,50.89,51.21,51.05,50.52,49.52,47.64,44.91,43.16,42.30,41.84,41.47,40.30,38.50,36.45,35.13,32.99,30.56,28.09,25.76,24.65,24.59,25.25,26.51,28.24,30.07,31.62,32.61,32.66,32.11,31.43,30.78,30.31,30.20,30.30,30.44,30.47,30.13,29.79,29.38,28.91,28.30,26.91,25.09,22.88,20.23,17.29,13.78,10.84,7.69,2.08,e,e,e,e,e,e,e,e,e,e,e,e,e,e,e,e,e,e,e,e,e,e,e,e,e,e,e,e,e,e,e,e,e,e
31.73,34.44,36.06,36.29,35.89,35.43,35.16,35.36,35.46,35.80,37.56,38.53,38.07,36.16,33.02,30.72,29.79,29.63,30.00,31.00,33.09,35.84,38.99,42.58,47.02,51.96,57.08,62.45,68.61,69.90,67.72,63.89,61.11,58.34,55.39,52.33,49.17,45.78,42.60,39.75,37.16,34.46,31.64,28.80,25.88,22.60,19.20,15.69,12.14,8.68,5.69,4.83,4.64,4.49,4.35,4.14,3.97,3.84,3.73,3.78,3.85,3.91,3.93,3.99,4.01,4.13,4.44,5.08,6.50,8.52,10.56,12.27,13.95,15.87,17.99,20.52,23.88,26.24,28.35,29.92,30.11,29.43,27.81,25.65,23.33,21.73,20.24,18.89,17.69,16.60,15.53,14.62,13.92,13.54,13.46,13.96,15.02,16.66,18.81,21.12,23.12,24.21,23.67,22.94,20.40,17.00,13.49,10.22,7.53,5.90,5.19,4.86,4.68,4.57,4.47,4.37,4.41,4.47,4.54,4.62,4.76,4.84,5.13,5.97,7.90,10.30,14.97,18.68,19.29,18.98,18.07,16.38,14.77,15.22,15.01,14.73,14.62,14.85,15.89,17.12,18.35,20.71,27.05,30.28,32.44,34.12,35.09,36.54,38.08,39.87,41.94,43.63,45.20,46.86,48.80,51.29,53.72,56.30,58.99,61.69,64.25,64.66,63.72,62.08,60.61,58.92,56.89,54.78,53.11,52.23,52.14,52.43,52.83,53.07,52.70,51.92,50.77,48.88,44.83,41.97,40.48,39.75,39.17,37.77,35.80,33.67,32.16,29.82,27.18,24.41,21.70,20.64,20.74,21.49,22.70,24.14,24.99,25.83,26.82,27.67,27.36,26.71,25.97,25.13,24.30,23.97,23.77,23.49,23.17,22.75,22.31,21.89,21.52,20.66,19.53,17.84,15.54,13.72,7.50,3.79,e,e,e,e,e,e,e,e,e,e,e,e,e,e,e,e,e,e,e,e,e,e,e,e,e,e,e,e,e,e,e,e,e,e,e,e
31.52,34.70,37.23,38.20,38.16,37.61,37.32,37.53,37.97,38.87,41.03,42.57,42.35,40.55,37.63,35.23,33.72,32.95,32.97,33.83,35.67,38.25,41.40,45.11,49.68,54.65,59.76,64.95,70.18,69.42,65.28,60.12,56.74,53.52,50.27,46.96,43.73,40.86,38.07,35.31,32.63,30.17,27.76,25.36,22.89,20.23,17.25,13.91,10.47,7.32,5.23,4.59,4.40,4.25,4.09,3.87,3.69,3.53,3.41,3.46,3.51,3.55,3.58,3.63,3.63,3.80,4.11,4.52,5.38,6.95,8.80,10.62,12.50,14.37,16.24,18.23,20.70,22.93,25.11,26.85,27.44,27.51,26.66,25.32,23.95,23.23,21.93,20.64,19.50,18.37,17.40,16.64,16.08,15.77,15.71,16.20,17.17,18.65,20.65,22.43,23.27,23.02,21.55,19.64,16.39,12.80,9.70,7.31,5.73,4.97,4.80,4.75,4.64,4.55,4.46,4.36,4.42,4.50,4.60,4.71,4.83,4.88,5.29,6.28,8.19,10.89,16.24,20.93,22.65,22.76,22.18,20.42,18.22,17.57,16.96,16.34,15.80,15.59,16.34,17.53,19.58,23.41,30.03,32.97,34.88,36.67,38.18,39.87,41.70,43.86,46.21,47.52,48.62,49.78,51.24,53.31,55.51,57.82,60.19,62.55,64.97,65.51,64.80,63.38,62.09,60.73,59.18,57.57,56.21,55.29,54.87,54.60,54.23,53.49,52.58,51.54,49.96,46.75,42.33,39.00,36.89,35.67,35.00,33.92,32.49,30.90,29.43,27.10,24.38,21.51,18.81,17.57,17.06,17.18,17.90,18.52,18.89,19.64,20.89,22.20,22.31,21.93,21.33,20.55,19.59,19.00,18.62,18.34,18.17,17.66,17.21,16.77,16.02,15.48,14.64,12.49,8.90,7.46,4.68,1.10,e,e,e,e,e,e,e,e,e,e,e,e,e,e,e,e,e,e,e,e,e,e,e,e,e,e,e,e,e,e,e,e,e,e,e,e
31.12,34.73,37.87,39.69,40.30,39.94,39.70,39.97,40.80,42.28,44.43,46.09,45.87,44.33,42.31,40.34,38.56,37.30,36.87,37.38,38.77,41.08,44.14,47.92,52.73,57.68,62.63,67.50,71.60,69.19,63.73,57.83,54.04,49.92,45.97,42.33,39.15,36.73,34.31,31.56,28.57,26.17,24.04,21.91,19.77,17.74,15.13,11.99,8.73,5.97,4.80,4.33,4.09,3.93,3.76,3.55,3.37,3.21,3.09,3.13,3.16,3.19,3.25,3.26,3.27,3.47,3.83,4.17,4.58,5.66,7.25,9.11,11.02,12.79,14.57,16.39,18.13,19.90,21.68,23.20,24.07,24.91,24.78,24.31,24.02,24.13,23.25,22.29,21.43,20.38,19.53,18.88,18.41,18.13,18.13,18.60,19.45,20.66,22.24,23.28,22.71,21.04,18.99,15.86,12.18,8.86,6.51,5.27,4.89,4.76,4.70,4.67,4.61,4.55,4.49,4.44,4.49,4.56,4.68,4.83,4.97,5.11,5.66,6.72,8.48,11.28,16.66,21.89,24.86,25.64,25.55,24.18,21.88,19.93,18.82,17.88,17.02,16.50,16.84,17.85,20.63,25.59,31.35,34.26,36.40,38.50,40.52,42.49,44.79,47.40,49.90,50.82,51.52,52.37,53.56,55.36,57.32,59.38,61.39,63.27,65.23,65.88,65.52,64.50,63.47,62.39,61.23,60.05,58.97,58.04,57.27,56.37,55.01,53.12,51.51,50.05,47.86,43.15,38.81,35.35,32.71,30.99,30.30,29.72,29.03,28.13,26.82,24.64,21.96,19.10,16.50,14.91,13.63,12.93,13.00,12.75,12.87,13.71,15.17,16.66,17.20,17.16,16.81,16.26,15.45,14.68,14.11,13.76,13.52,13.68,13.78,13.29,12.00,11.65,10.92,8.03,2.82,1.33,1.06,e,e,e,e,e,e,e,e,e,e,e,e,e,e,e,e,e,e,e,e,e,e,e,e,e,e,e,e,e,e,e,e,e,e,e,e,e
30.62,34.27,37.54,40.13,41.98,42.88,42.79,43.69,45.14,46.77,48.16,48.86,48.42,46.95,44.66,42.68,41.94,41.45,40.95,41.21,42.34,44.36,47.26,51.36,56.54,60.82,64.84,69.16,72.52,69.93,64.48,58.53,54.37,49.08,43.83,39.54,36.89,34.18,31.54,28.68,25.63,23.02,20.76,18.73,16.86,15.04,12.83,10.00,7.17,5.16,4.50,4.10,3.81,3.60,3.40,3.21,3.05,2.89,2.76,2.76,2.81,2.85,2.88,2.93,2.94,3.15,3.53,3.90,4.28,4.88,5.88,7.43,9.27,11.05,12.83,14.58,16.15,17.46,18.74,19.98,21.11,22.18,22.42,22.36,22.44,22.80,22.92,23.12,23.29,22.97,22.44,21.85,21.32,20.99,21.10,21.61,22.08,22.29,22.17,21.61,19.81,17.13,14.20,10.82,7.97,6.07,5.28,4.90,4.76,4.69,4.62,4.56,4.54,4.55,4.56,4.55,4.57,4.63,4.75,4.96,5.43,6.15,6.82,7.54,8.80,11.41,16.27,21.34,25.23,28.19,28.81,27.70,25.50,23.05,20.82,19.29,18.28,17.61,17.38,18.05,20.00,24.02,30.99,34.26,36.41,38.45,40.49,42.63,45.59,48.52,50.67,51.98,53.15,54.35,55.64,57.06,58.52,60.12,61.55,62.51,63.45,64.05,64.36,64.46,64.48,63.67,62.51,61.31,60.30,59.41,58.30,56.63,54.30,52.06,49.79,47.30,44.14,39.60,35.47,32.04,29.29,27.41,26.70,26.43,26.06,25.37,24.30,22.43,19.99,17.23,14.46,12.31,10.84,9.91,9.45,9.16,9.04,9.50,10.53,11.68,12.37,12.58,12.49,12.20,11.47,10.47,9.44,8.31,6.67,7.42,e,e,e,e,e,e,e,e,e,e,e,e,e,e,e,e,e,e,e,e,e,e,e,e,e,e,e,e,e,e,e,e,e,e,e,e,e,e,e,e,e,e,e,e,e,e
30.06,33.40,36.50,39.33,41.90,44.02,45.25,46.74,48.16,49.27,49.95,50.09,49.63,48.44,46.43,44.85,44.74,45.08,45.29,45.44,46.23,47.91,50.76,55.30,59.92,63.57,66.95,70.52,73.24,70.97,66.18,60.63,55.91,49.99,44.43,40.01,37.12,33.90,30.47,26.99,23.64,20.80,18.45,16.42,14.54,12.66,10.40,7.91,5.78,4.58,4.13,3.84,3.57,3.31,3.06,2.88,2.73,2.57,2.41,2.41,2.46,2.50,2.53,2.58,2.61,2.83,3.22,3.60,3.99,4.32,4.87,5.96,7.49,9.25,11.04,12.69,14.07,15.08,15.95,16.82,17.78,18.94,19.55,19.90,20.22,20.71,21.32,21.96,22.46,22.50,22.28,21.91,21.51,21.23,21.30,21.39,21.20,20.56,19.35,17.75,15.40,12.52,9.58,7.21,5.61,4.80,4.73,4.70,4.66,4.59,4.52,4.47,4.46,4.53,4.61,4.63,4.66,4.71,5.04,5.79,6.92,7.86,8.32,8.59,9.36,11.82,16.14,20.94,25.38,29.36,30.72,30.21,28.51,26.31,23.67,21.58,20.00,18.83,18.29,18.56,19.83,23.09,30.03,33.01,34.84,36.67,38.74,40.97,44.07,47.19,49.68,51.67,53.31,54.79,56.01,56.74,57.92,59.24,60.30,60.81,61.33,61.96,62.64,63.32,63.99,63.89,63.29,62.39,61.36,60.42,59.01,56.86,53.96,51.32,48.20,44.78,41.05,36.73,32.62,29.06,26.10,24.01,23.30,23.18,23.03,22.56,21.68,19.89,17.55,14.91,12.22,10.07,8.65,7.62,6.86,6.53,6.22,6.33,6.88,7.54,8.00,8.06,7.86,7.49,6.56,7.05,7.36,5.85,3.43,2.90,e,e,e,e,e,e,e,e,e,e,e,e,e,e,e,e,e,e,e,e,e,e,e,e,e,e,e,e,e,e,e,e,e,e,e,e,e,e,e,e,e,e,e,e,e,e
29.56,32.37,35.10,37.73,40.46,43.45,46.61,48.55,49.47,49.71,49.86,49.82,49.45,48.69,47.51,46.72,46.99,48.10,49.51,49.74,50.25,51.69,54.56,59.45,62.88,65.97,68.93,71.62,73.73,72.15,68.47,63.62,58.23,52.16,47.04,42.86,39.16,35.32,30.77,26.31,22.45,19.23,16.83,14.72,12.64,10.48,7.95,5.89,4.60,4.16,3.73,3.53,3.33,3.04,2.75,2.57,2.41,2.23,2.05,2.08,2.11,2.14,2.19,2.21,2.27,2.52,2.91,3.29,3.66,3.89,4.17,4.74,5.78,7.40,9.07,10.53,11.69,12.61,13.22,13.63,14.11,15.22,16.20,16.92,17.44,17.98,18.63,19.08,19.30,19.37,19.41,19.32,19.15,18.97,18.87,18.23,17.27,16.06,14.46,12.44,10.19,7.84,5.72,5.11,4.83,4.66,4.59,4.53,4.51,4.46,4.40,4.40,4.41,4.50,4.62,4.69,4.76,4.79,5.56,7.31,9.38,10.37,10.46,10.21,10.46,12.66,16.35,20.77,25.39,29.37,31.38,31.78,30.99,29.47,27.09,24.58,22.23,20.35,19.67,19.49,20.25,22.90,28.60,30.83,32.15,33.68,35.73,38.05,40.90,44.16,47.58,50.44,52.44,54.00,54.97,54.88,55.91,57.05,57.88,58.31,58.89,59.62,60.45,61.35,62.33,63.19,63.51,63.20,62.23,61.20,59.60,57.23,54.10,51.04,46.98,42.81,38.83,34.68,30.48,26.61,23.25,20.86,20.13,20.05,19.99,19.66,18.85,17.01,14.70,12.22,9.88,8.17,6.91,5.84,4.96,4.51,4.07,3.99,4.29,4.45,4.46,4.12,3.55,2.86,1.55,1.44,e,e,e,e,e,e,e,e,e,e,e,e,e,e,e,e,e,e,e,e,e,e,e,e,e,e,e,e,e,e,e,e,e,e,e,e,e,e,e,e,e,e,e,e,e,e,e,e,e,e
29.74,32.22,34.60,36.91,39.17,41.48,44.30,46.27,47.32,47.67,47.77,47.57,47.00,46.34,46.01,46.39,47.86,49.83,51.74,52.65,53.73,55.62,58.56,62.65,65.80,68.26,70.35,72.16,73.51,73.06,70.66,66.36,60.60,54.67,49.48,45.03,41.02,36.60,31.46,26.44,21.89,17.46,14.77,12.60,10.35,7.87,5.99,4.73,4.00,3.73,3.42,3.14,2.92,2.73,2.48,2.27,2.09,1.92,1.73,1.76,1.79,1.80,1.82,1.83,1.97,2.26,2.63,2.96,3.22,3.33,3.54,4.05,4.64,5.44,6.27,7.11,8.10,9.42,10.13,10.21,10.10,11.02,12.10,12.99,13.61,14.16,14.74,15.07,15.14,15.18,15.24,15.06,14.73,14.38,14.01,13.14,12.09,10.97,9.72,8.03,6.68,5.65,4.71,4.56,4.53,4.50,4.47,4.44,4.40,4.33,4.28,4.29,4.37,4.47,4.58,4.70,4.78,4.84,6.41,9.77,13.07,14.94,15.23,14.53,13.78,14.70,17.14,20.65,24.86,28.70,31.02,32.47,32.96,31.61,29.77,27.55,25.23,23.22,22.14,21.41,21.33,22.67,26.57,28.59,29.82,31.00,32.73,35.24,38.21,41.84,46.14,49.82,51.81,53.06,53.74,53.46,53.91,54.42,54.72,54.78,55.24,56.09,57.43,59.20,60.87,61.97,62.58,62.79,62.59,61.81,60.38,58.05,54.80,51.73,47.25,42.58,38.32,34.53,30.45,25.86,21.57,18.84,18.00,17.84,17.43,16.47,15.28,13.58,11.68,9.75,8.00,6.54,5.20,4.01,3.13,2.51,1.91,2.14,3.86,3.98,3.93,3.53,2.91,2.17,0.79,0.40,e,e,e,e,e,e,e,e,e,e,e,e,e,e,e,e,e,e,e,e,e,e,e,e,e,e,e,e,e,e,e,e,e,e,e,e,e,e,e,e,e,e,e,e,e,e,e,e,e,e
30.14,32.32,34.47,36.57,38.37,39.82,41.67,43.05,43.85,44.18,44.36,44.18,43.70,43.34,43.71,44.81,47.21,49.94,52.32,53.97,55.85,58.40,61.61,65.25,68.20,70.08,71.34,72.33,73.33,73.30,71.64,67.98,62.20,56.60,51.40,46.70,42.41,37.48,31.95,26.53,21.40,16.01,12.74,10.22,7.89,5.77,4.60,3.90,3.48,3.25,3.06,2.75,2.50,2.35,2.16,1.97,1.77,1.57,1.40,1.42,1.44,1.44,1.44,1.46,1.65,1.97,2.33,2.57,2.72,2.77,2.98,3.46,3.75,3.99,4.25,4.62,5.34,6.59,7.26,7.24,6.86,7.43,8.26,9.00,9.53,10.00,10.62,11.01,11.12,11.15,11.24,11.02,10.63,10.19,9.65,8.80,7.90,7.10,6.35,5.27,4.69,4.51,4.32,4.29,4.29,4.29,4.29,4.29,4.25,4.20,4.19,4.23,4.35,4.46,4.57,4.70,4.80,5.19,7.66,12.33,16.55,19.03,19.50,18.60,17.33,17.23,18.50,20.98,24.51,28.03,30.53,32.67,34.14,33.55,32.15,30.26,28.18,26.19,24.71,23.70,23.07,23.26,25.35,26.94,28.07,29.11,30.70,33.64,37.03,41.13,45.97,49.73,51.49,52.31,52.56,52.16,52.02,51.81,51.51,51.24,51.53,52.41,54.01,56.27,58.52,60.11,61.19,61.91,62.34,62.11,61.02,59.03,56.15,53.03,48.34,43.45,39.03,35.35,31.30,26.31,21.39,18.02,16.38,15.68,14.86,13.53,12.14,10.65,9.11,7.59,6.21,4.88,3.50,2.47,2.02,1.34,0.65,0.30,e,e,e,e,e,e,e,e,e,e,e,e,e,e,e,e,e,e,e,e,e,e,e,e,e,e,e,e,e,e,e,e,e,e,e,e,e,e,e,e,e,e,e,e,e,e,e,e,e,e,e,e,e,e,e,e,e,e
30.70,32.57,34.62,36.67,38.21,38.92,39.51,39.66,39.53,39.41,39.70,39.78,39.85,40.15,40.94,42.05,44.72,47.93,50.96,53.28,56.05,59.35,63.13,67.14,69.81,71.26,71.88,72.15,73.40,72.69,70.94,68.03,62.62,57.56,52.59,47.76,43.12,37.79,32.00,26.29,20.77,14.98,10.83,7.64,5.37,4.55,3.90,3.33,2.90,2.69,2.58,2.37,2.11,1.87,1.76,1.67,1.46,1.22,1.07,1.06,1.06,1.06,1.06,1.07,1.31,1.65,1.96,2.07,2.15,2.23,2.45,2.86,3.07,3.28,3.52,3.78,4.09,4.50,4.85,5.01,4.88,4.92,5.09,5.31,5.54,5.84,6.62,7.29,7.65,7.73,7.86,7.79,7.55,7.20,6.69,6.07,5.53,5.17,4.91,4.64,4.41,4.20,4.06,4.04,4.04,4.04,4.04,4.04,4.03,4.06,4.14,4.27,4.37,4.49,4.62,4.71,4.86,6.01,9.38,14.80,19.41,21.90,22.38,21.64,20.64,20.17,20.53,21.95,24.57,27.54,30.14,32.42,34.31,35.33,34.26,32.63,30.87,28.98,27.14,26.25,25.56,25.02,25.50,26.26,27.22,28.42,30.27,33.90,38.03,42.66,47.45,50.30,51.58,51.88,51.54,50.91,50.22,49.29,48.41,47.98,48.04,48.83,50.24,52.30,54.86,57.38,59.29,60.55,61.28,61.97,61.40,60.10,58.22,54.95,50.23,45.42,41.03,37.04,32.85,27.99,22.96,18.58,15.22,13.42,12.20,11.06,9.86,8.59,7.23,5.81,4.44,3.17,1.86,1.07,e,e,e,e,e,e,e,e,e,e,e,e,e,e,e,e,e,e,e,e,e,e,e,e,e,e,e,e,e,e,e,e,e,e,e,e,e,e,e,e,e,e,e,e,e,e,e,e,e,e,e,e,e,e,e,e,e,e,e,e,e,e
31.45,33.17,35.02,36.50,37.44,37.78,37.97,37.80,37.41,37.01,37.03,37.24,37.55,38.04,38.82,39.67,41.43,44.17,47.70,50.96,54.24,58.12,62.66,67.51,70.43,72.05,72.68,72.68,73.49,72.30,70.09,66.90,61.79,57.21,52.86,48.32,43.05,37.09,30.99,24.93,18.84,12.48,8.28,5.75,4.38,3.84,3.30,2.75,2.33,2.12,2.03,1.87,1.64,1.41,1.29,1.24,1.11,0.93,0.75,0.73,0.73,0.73,0.73,0.74,0.99,1.25,1.44,1.51,1.55,1.64,1.85,2.20,2.38,2.58,2.80,3.00,3.23,3.42,3.68,3.93,3.99,3.89,3.89,3.98,4.14,4.38,4.86,5.29,5.56,5.64,5.75,5.75,5.65,5.47,5.16,4.87,4.63,4.45,4.30,4.25,4.12,3.94,3.80,3.74,3.73,3.75,3.78,3.79,3.79,3.87,4.04,4.22,4.36,4.50,4.64,4.76,4.88,6.79,11.07,17.01,21.37,24.10,24.97,24.55,23.63,22.95,22.88,23.50,25.00,27.46,29.88,32.14,34.20,35.92,36.28,35.44,33.85,31.88,30.12,28.66,27.56,26.99,27.13,27.66,28.63,30.26,33.06,36.96,41.79,46.29,49.47,51.28,51.90,51.64,50.73,49.43,47.88,46.45,45.36,44.85,44.93,45.63,46.87,48.63,50.66,52.82,54.96,57.03,59.02,60.74,61.16,60.72,59.49,56.73,52.11,47.26,42.75,38.44,34.15,29.21,23.81,18.50,14.22,11.90,10.45,9.28,8.07,6.84,5.50,4.08,2.82,2.62,1.51,0.70,e,e,e,e,e,e,e,e,e,e,e,e,e,e,e,e,e,e,e,e,e,e,e,e,e,e,e,e,e,e,e,e,e,e,e,e,e,e,e,e,e,e,e,e,e,e,e,e,e,e,e,e,e,e,e,e,e,e,e,e,e,e
32.16,33.73,35.23,36.05,36.40,36.52,36.59,36.37,35.90,35.33,35.02,35.22,35.62,36.16,36.91,37.59,38.51,40.59,44.19,48.20,51.95,56.33,61.52,67.12,70.54,72.34,73.00,72.84,73.17,71.65,68.93,65.24,60.46,56.30,52.61,48.46,42.68,36.00,29.49,22.98,16.34,9.93,6.12,4.37,3.78,3.26,2.73,2.18,1.76,1.56,1.46,1.32,1.14,0.93,0.79,0.76,0.71,0.62,0.52,0.50,0.50,0.50,0.50,0.51,0.66,0.79,0.86,0.92,0.94,1.04,1.25,1.50,1.68,1.88,2.06,2.23,2.45,2.61,2.86,3.14,3.33,3.27,3.23,3.29,3.46,3.66,3.83,4.00,4.14,4.21,4.29,4.33,4.33,4.33,4.20,4.18,4.16,4.07,3.94,3.92,3.84,3.68,3.52,3.45,3.43,3.46,3.51,3.51,3.53,3.67,3.90,4.13,4.30,4.46,4.62,4.80,5.02,7.57,12.61,19.02,23.13,26.16,27.46,27.37,26.49,25.69,25.33,25.30,25.80,27.62,29.76,31.95,34.13,36.20,37.94,38.04,36.90,35.17,33.80,31.98,30.52,29.87,30.02,30.61,31.74,33.76,37.38,41.44,46.29,50.09,51.59,52.30,52.13,51.26,49.79,47.73,45.39,43.57,42.33,41.72,41.78,42.37,43.48,45.00,46.46,48.12,50.24,52.84,55.87,58.67,60.37,60.96,60.29,58.29,53.77,48.81,44.15,39.59,35.17,30.10,24.37,18.31,13.20,10.54,8.94,7.66,6.41,5.17,3.82,2.51,1.57,e,e,e,e,e,e,e,e,e,e,e,e,e,e,e,e,e,e,e,e,e,e,e,e,e,e,e,e,e,e,e,e,e,e,e,e,e,e,e,e,e,e,e,e,e,e,e,e,e,e,e,e,e,e,e,e,e,e,e,e,e,e,e,e,e
32.63,33.99,34.78,35.04,35.09,35.12,35.19,34.96,34.47,33.82,33.31,33.27,33.55,34.12,35.07,36.00,37.16,38.78,41.30,45.40,49.77,54.62,60.02,65.85,70.01,71.66,71.86,71.56,71.80,70.17,67.09,63.01,58.68,54.84,51.60,47.85,42.03,34.54,27.41,20.25,13.21,8.29,5.44,3.89,3.10,2.67,2.15,1.61,1.21,1.04,0.90,0.75,0.59,0.42,0.28,0.25,0.20,0.16,e,e,e,e,e,e,0.17,0.21,0.28,0.29,0.35,0.47,0.64,0.81,0.97,1.14,1.30,1.45,1.63,1.78,2.03,2.31,2.52,2.64,2.62,2.65,2.81,2.97,3.13,3.32,3.49,3.52,3.64,3.69,3.73,3.81,3.69,3.75,3.78,3.69,3.61,3.65,3.58,3.41,3.22,3.18,3.17,3.18,3.19,3.20,3.29,3.48,3.71,3.94,4.16,4.34,4.51,4.80,5.47,8.34,13.75,20.64,25.02,28.33,29.90,30.02,29.27,28.45,27.79,27.37,27.35,28.12,29.89,32.07,34.34,36.55,38.67,39.78,39.95,39.42,38.94,37.81,36.31,35.01,35.15,36.23,37.68,39.81,43.45,47.64,50.80,52.83,53.59,53.12,51.95,50.37,48.37,45.66,42.95,40.80,39.29,38.51,38.29,38.73,39.78,41.29,42.66,44.34,46.23,48.40,51.23,55.18,58.56,60.49,60.47,59.35,54.89,49.73,44.91,40.28,35.65,30.48,24.69,18.29,12.06,9.11,7.46,6.00,4.70,3.45,2.16,1.17,e,e,e,e,e,e,e,e,e,e,e,e,e,e,e,e,e,e,e,e,e,e,e,e,e,e,e,e,e,e,e,e,e,e,e,e,e,e,e,e,e,e,e,e,e,e,e,e,e,e,e,e,e,e,e,e,e,e,e,e,e,e,e,e,e,e
32.47,33.59,33.90,33.87,33.79,33.77,33.83,33.55,33.03,32.39,31.83,31.53,31.60,32.15,33.46,35.25,36.89,38.62,41.05,45.31,49.87,54.81,59.97,64.83,68.72,70.34,70.46,69.86,69.53,67.32,63.92,59.84,55.71,52.32,49.39,45.93,40.42,32.30,24.59,17.38,11.11,7.44,5.07,3.57,2.65,2.01,1.51,1.04,0.67,0.53,0.69,0.58,0.43,0.27,0.13,0.10,0.05,0.00,e,e,e,e,e,e,0.00,0.04,0.10,0.11,0.17,0.30,0.45,0.61,0.77,0.92,0.82,0.70,0.84,1.00,1.22,1.48,1.67,1.86,1.91,1.97,2.13,2.28,2.46,2.66,2.81,2.86,3.03,3.09,3.16,3.29,3.18,3.29,3.36,3.32,3.29,3.34,3.29,3.12,2.94,2.92,2.92,2.92,2.92,2.96,3.12,3.31,3.52,3.75,3.98,4.19,4.39,4.67,5.22,7.92,13.08,19.77,24.56,28.59,30.80,31.62,31.78,31.23,30.39,29.79,29.75,30.30,31.78,33.67,35.70,37.69,39.69,41.16,42.05,42.30,42.19,41.52,40.72,40.15,40.31,41.11,42.64,44.96,48.20,51.65,53.97,55.45,56.10,55.05,52.72,49.86,46.77,43.59,40.62,38.21,36.42,35.34,34.73,34.82,35.57,36.94,38.53,40.38,42.36,44.55,47.37,51.52,55.56,58.63,59.89,58.95,54.92,50.04,45.22,40.54,35.49,30.21,24.54,18.18,11.46,8.14,6.19,4.48,3.14,2.66,1.67,0.70,e,e,e,e,e,e,e,e,e,e,e,e,e,e,e,e,e,e,e,e,e,e,e,e,e,e,e,e,e,e,e,e,e,e,e,e,e,e,e,e,e,e,e,e,e,e,e,e,e,e,e,e,e,e,e,e,e,e,e,e,e,e,e,e,e,e
31.98,32.90,32.87,32.68,32.54,32.46,32.48,32.13,31.54,30.88,30.30,29.76,29.77,30.53,32.36,35.14,37.37,39.66,42.69,46.95,51.41,56.09,60.56,64.02,67.26,68.77,68.82,67.85,66.87,64.04,60.46,56.61,52.57,49.55,46.78,43.48,38.38,29.82,21.67,14.74,9.62,6.97,4.82,3.42,2.52,1.55,1.01,0.58,0.25,0.06,e,e,e,e,e,e,e,e,e,e,e,e,e,e,e,e,e,e,e,e,e,e,e,e,0.07,0.08,0.23,0.38,0.58,0.80,0.96,1.18,1.22,1.27,1.43,1.58,1.79,1.98,2.13,2.23,2.43,2.52,2.62,2.79,2.69,2.83,2.95,2.95,2.96,3.02,2.96,2.82,2.69,2.66,2.65,2.66,2.68,2.76,2.96,3.16,3.34,3.56,3.79,4.02,4.25,4.49,4.75,6.97,11.50,17.68,22.85,27.56,30.59,32.37,33.68,33.78,33.06,32.50,32.69,33.44,34.63,36.07,37.63,39.25,40.88,42.39,43.60,44.25,44.28,43.92,43.91,44.37,44.60,44.99,46.52,49.03,51.97,54.69,56.52,57.83,58.46,57.17,53.66,49.43,45.25,41.63,38.39,35.74,33.62,32.03,30.98,30.68,31.13,32.35,34.25,36.33,38.54,40.94,43.84,47.80,52.10,56.04,58.57,57.73,54.35,49.97,45.26,40.48,34.97,29.58,24.09,17.90,11.04,7.37,5.05,3.13,1.87,1.61,e,e,e,e,e,e,e,e,e,e,e,e,e,e,e,e,e,e,e,e,e,e,e,e,e,e,e,e,e,e,e,e,e,e,e,e,e,e,e,e,e,e,e,e,e,e,e,e,e,e,e,e,e,e,e,e,e,e,e,e,e,e,e,e,e,e,e,e
31.32,32.10,31.98,31.71,31.45,31.23,31.11,30.65,29.86,28.90,28.15,27.52,28.24,30.14,32.92,36.13,38.94,42.67,47.45,50.87,54.90,58.48,61.31,63.61,66.38,67.25,66.69,65.39,64.13,61.31,58.06,54.68,50.72,47.55,44.56,41.16,36.20,27.64,19.59,13.15,8.88,6.64,4.65,3.67,3.22,2.04,e,e,e,e,e,e,e,e,e,e,e,e,e,e,e,e,e,e,e,e,e,e,e,e,e,e,e,e,e,e,e,e,e,e,e,e,0.55,0.57,0.72,0.88,1.09,1.29,1.45,1.64,1.82,1.95,2.10,2.29,2.28,2.45,2.57,2.58,2.63,2.66,2.64,2.56,2.42,2.35,2.34,2.36,2.43,2.56,2.77,3.00,3.20,3.38,3.60,3.83,4.06,4.30,4.54,5.83,9.34,14.90,20.05,24.63,28.46,31.53,33.66,35.44,35.77,35.80,36.39,37.57,38.45,39.19,39.97,41.06,42.24,43.57,44.59,44.81,44.87,44.70,44.68,44.97,45.42,46.16,47.78,50.43,54.11,57.47,58.89,59.36,59.44,58.24,53.73,48.74,44.23,40.02,36.35,33.44,30.78,28.08,26.54,26.13,26.59,27.90,29.91,32.22,34.67,37.31,40.41,44.22,48.70,52.88,55.62,55.63,53.17,49.44,44.95,39.90,34.00,28.61,23.25,17.04,10.41,6.58,4.02,2.17,e,e,e,e,e,e,e,e,e,e,e,e,e,e,e,e,e,e,e,e,e,e,e,e,e,e,e,e,e,e,e,e,e,e,e,e,e,e,e,e,e,e,e,e,e,e,e,e,e,e,e,e,e,e,e,e,e,e,e,e,e,e,e,e,e,e,e,e,e,e
30.24,31.21,31.12,30.77,30.27,29.64,29.03,28.09,27.07,26.15,25.53,25.85,27.49,30.19,33.70,37.40,41.41,46.18,51.30,54.56,57.79,60.25,62.04,63.79,65.90,66.02,64.88,63.29,61.65,58.99,56.11,53.13,49.55,46.18,43.05,39.43,33.93,25.54,17.32,11.27,8.09,6.07,4.17,3.28,3.07,2.29,e,e,e,e,e,e,e,e,e,e,e,e,e,e,e,e,e,e,e,e,e,e,e,e,e,e,e,e,e,e,e,e,e,e,e,e,0.20,0.27,0.42,0.57,0.79,0.82,0.80,1.05,1.22,1.41,1.62,1.80,1.87,2.04,2.16,2.20,2.27,2.31,2.33,2.30,2.13,2.07,2.06,2.08,2.18,2.36,2.58,2.81,3.03,3.19,3.41,3.64,3.87,4.11,4.40,5.31,8.01,12.67,17.69,22.40,26.90,30.81,33.50,36.17,37.61,38.36,38.96,39.96,40.65,41.19,41.73,42.44,43.01,43.64,44.01,43.79,43.68,43.39,43.06,42.91,43.39,44.25,46.14,49.26,53.72,57.91,59.62,59.78,59.08,57.64,53.21,48.25,43.61,39.01,34.73,31.13,27.67,24.13,22.41,22.04,22.54,23.86,26.00,28.43,30.99,33.72,36.86,40.62,45.05,49.42,52.68,53.28,51.51,48.26,43.89,38.52,32.49,27.32,22.21,15.97,9.69,5.73,3.49,1.73,e,e,e,e,e,e,e,e,e,e,e,e,e,e,e,e,e,e,e,e,e,e,e,e,e,e,e,e,e,e,e,e,e,e,e,e,e,e,e,e,e,e,e,e,e,e,e,e,e,e,e,e,e,e,e,e,e,e,e,e,e,e,e,e,e,e,e,e,e,e
28.62,29.99,30.04,29.59,28.79,27.61,26.31,24.74,23.57,22.93,22.75,24.63,27.27,30.48,34.55,38.83,44.29,49.63,54.11,57.67,59.91,61.42,62.72,64.28,65.55,64.96,63.40,61.61,59.49,57.00,54.42,51.73,48.66,45.14,41.91,37.94,31.52,23.42,15.00,9.31,7.27,5.33,3.45,2.45,2.24,e,e,e,e,e,e,e,e,e,e,e,e,e,e,e,e,e,e,e,e,e,e,e,e,e,e,e,e,e,e,e,e,e,e,e,e,e,e,e,e,e,e,0.21,0.26,0.54,0.68,0.91,1.15,1.31,1.46,1.62,1.74,1.81,1.90,1.97,2.04,2.03,1.84,1.81,1.80,1.84,1.95,2.16,2.39,2.62,2.83,3.00,3.22,3.46,3.70,3.96,4.34,5.30,7.43,11.05,15.90,21.00,25.99,30.35,33.36,36.21,38.60,40.07,40.44,40.87,41.46,42.11,42.73,43.18,43.06,42.70,42.17,41.50,41.05,40.45,39.75,39.23,39.61,40.41,42.53,46.09,50.97,55.86,58.35,58.72,57.37,55.58,52.07,47.78,43.16,38.37,33.41,28.97,24.72,20.64,18.88,18.50,18.93,20.14,22.33,24.77,27.29,29.98,33.17,36.97,41.23,45.71,49.67,50.63,49.33,46.42,42.10,36.41,30.53,25.76,20.95,14.73,8.88,4.79,2.82,e,e,e,e,e,e,e,e,e,e,e,e,e,e,e,e,e,e,e,e,e,e,e,e,e,e,e,e,e,e,e,e,e,e,e,e,e,e,e,e,e,e,e,e,e,e,e,e,e,e,e,e,e,e,e,e,e,e,e,e,e,e,e,e,e,e,e,e,e,e,e
25.67,27.17,27.50,26.93,25.90,24.58,23.10,21.66,20.67,20.34,20.94,23.41,26.75,30.70,35.38,40.23,45.73,51.15,55.85,59.19,60.90,62.15,63.29,64.08,64.34,63.59,62.30,60.62,58.06,55.25,52.52,49.82,46.77,43.42,39.80,35.23,28.62,20.89,13.49,8.57,6.67,4.73,2.75,1.92,2.10,e,e,e,e,e,e,e,e,e,e,e,e,e,e,e,e,e,e,e,e,e,e,e,e,e,e,e,e,e,e,e,e,e,e,e,e,e,e,e,e,e,e,0.10,0.17,0.44,0.28,0.42,0.65,0.81,1.01,1.21,1.35,1.44,1.56,1.65,1.73,1.73,1.57,1.54,1.54,1.61,1.79,1.98,2.20,2.43,2.65,2.81,3.03,3.29,3.60,4.00,4.43,5.41,7.23,10.30,15.21,20.62,25.84,30.29,33.33,36.09,38.61,40.27,40.78,41.28,41.67,41.88,41.98,42.07,41.63,40.83,39.74,38.44,37.51,36.70,36.41,36.75,37.16,38.09,39.62,41.81,44.99,49.61,52.47,53.55,53.12,52.00,49.77,46.43,42.14,37.26,32.19,27.91,23.91,19.79,17.32,16.01,15.69,16.43,18.21,20.30,22.63,25.38,29.02,33.27,37.41,41.65,45.56,46.90,45.95,43.38,39.26,33.34,28.25,23.87,19.14,13.17,7.83,3.52,1.31,e,e,e,e,e,e,e,e,e,e,e,e,e,e,e,e,e,e,e,e,e,e,e,e,e,e,e,e,e,e,e,e,e,e,e,e,e,e,e,e,e,e,e,e,e,e,e,e,e,e,e,e,e,e,e,e,e,e,e,e,e,e,e,e,e,e,e,e,e,e,e
22.45,23.85,24.35,23.83,22.83,21.65,20.32,19.16,18.43,18.38,19.56,22.11,25.90,30.56,35.79,41.05,46.32,51.72,56.81,59.99,61.34,62.32,63.14,63.29,62.93,62.18,60.99,59.08,56.17,53.15,50.30,47.53,44.43,41.05,37.16,32.16,25.38,18.45,12.14,7.84,5.87,3.95,2.31,1.40,e,e,e,e,e,e,e,e,e,e,e,e,e,e,e,e,e,e,e,e,e,e,e,e,e,e,e,e,e,e,e,e,e,e,e,e,e,e,e,e,e,e,e,e,e,e,0.00,0.15,0.35,0.50,0.61,0.80,0.95,1.07,1.23,1.31,1.39,1.41,1.30,1.27,1.29,1.41,1.63,1.79,2.01,2.23,2.44,2.64,2.90,3.23,3.61,4.05,4.52,5.55,7.26,10.15,15.29,20.74,25.80,30.04,32.90,35.49,38.05,39.94,40.73,41.31,41.48,41.32,40.94,40.43,39.42,38.07,36.46,34.70,33.67,33.07,33.39,34.52,35.20,36.29,37.42,38.59,40.24,43.72,46.43,48.09,48.67,48.29,47.05,44.50,40.59,35.63,30.88,26.99,23.34,19.35,16.10,13.88,12.81,13.01,14.10,15.50,17.60,20.55,24.60,29.26,33.56,37.67,41.38,42.93,41.99,39.35,35.30,30.02,25.76,21.52,16.70,11.13,6.20,2.65,0.40,e,e,e,e,e,e,e,e,e,e,e,e,e,e,e,e,e,e,e,e,e,e,e,e,e,e,e,e,e,e,e,e,e,e,e,e,e,e,e,e,e,e,e,e,e,e,e,e,e,e,e,e,e,e,e,e,e,e,e,e,e,e,e,e,e,e,e,e,e,e,e
19.17,20.23,20.71,20.47,19.85,19.07,18.17,17.38,16.94,17.16,18.60,20.72,24.69,29.93,35.58,41.08,46.06,51.41,56.88,60.10,61.27,61.80,62.07,61.87,61.43,60.72,59.25,56.61,53.47,50.52,47.70,44.85,41.65,37.92,33.90,28.80,21.82,16.25,10.84,6.85,4.79,2.87,2.35,e,e,e,e,e,e,e,e,e,e,e,e,e,e,e,e,e,e,e,e,e,e,e,e,e,e,e,e,e,e,e,e,e,e,e,e,e,e,e,e,e,e,e,e,e,e,e,e,e,e,e,0.28,0.40,0.55,0.70,0.91,0.96,1.01,1.05,1.03,0.97,1.05,1.22,1.43,1.60,1.81,2.01,2.22,2.52,2.87,3.29,3.72,4.13,4.58,5.70,7.51,10.59,16.19,21.27,25.74,29.41,31.88,34.27,36.95,39.19,40.42,40.94,40.89,40.54,39.85,38.49,36.55,34.41,32.23,30.32,29.72,29.86,30.82,32.42,33.59,34.86,36.02,37.01,37.92,39.42,41.39,43.27,44.54,44.73,44.00,41.91,38.32,33.40,29.42,25.99,22.58,18.83,14.91,12.01,10.40,10.07,10.25,10.66,12.52,15.75,19.96,24.89,29.61,33.88,37.31,38.83,37.50,34.31,30.20,26.58,23.00,18.53,13.49,8.52,3.96,2.56,e,e,e,e,e,e,e,e,e,e,e,e,e,e,e,e,e,e,e,e,e,e,e,e,e,e,e,e,e,e,e,e,e,e,e,e,e,e,e,e,e,e,e,e,e,e,e,e,e,e,e,e,e,e,e,e,e,e,e,e,e,e,e,e,e,e,e,e,e,e,e,e
16.02,16.87,17.25,17.12,16.76,16.35,15.88,15.37,15.52,16.50,18.07,19.99,23.79,28.95,34.65,40.49,45.48,50.53,55.68,59.15,60.41,60.76,60.70,60.25,59.51,58.39,56.52,53.66,50.64,47.81,45.06,42.00,37.91,33.90,29.20,23.98,18.75,14.44,9.83,6.05,3.67,1.72,1.31,e,e,e,e,e,e,e,e,e,e,e,e,e,e,e,e,e,e,e,e,e,e,e,e,e,e,e,e,e,e,e,e,e,e,e,e,e,e,e,e,e,e,e,e,e,e,e,e,e,e,e,0.20,0.32,0.33,0.33,0.58,0.63,0.67,0.73,0.73,0.73,0.84,1.02,1.20,1.40,1.59,1.83,2.14,2.53,2.92,3.35,3.82,4.27,4.62,5.40,7.35,11.15,17.25,21.68,25.16,28.08,30.48,33.00,35.78,38.34,40.09,40.48,40.17,39.32,38.03,36.33,33.97,31.48,29.11,27.22,26.69,27.23,28.71,30.79,32.26,33.53,34.55,35.35,36.03,37.12,38.47,39.80,40.80,41.14,40.29,37.88,34.24,30.44,27.54,24.71,21.57,17.88,13.65,10.79,9.17,8.64,8.78,9.17,10.32,12.57,16.36,20.68,25.33,29.70,32.92,33.84,32.44,29.79,26.57,23.38,19.20,14.49,9.93,6.33,3.48,2.30,e,e,e,e,e,e,e,e,e,e,e,e,e,e,e,e,e,e,e,e,e,e,e,e,e,e,e,e,e,e,e,e,e,e,e,e,e,e,e,e,e,e,e,e,e,e,e,e,e,e,e,e,e,e,e,e,e,e,e,e,e,e,e,e,e,e,e,e,e,e,e,e
13.04,13.64,13.90,13.86,13.74,13.68,13.63,13.51,14.27,15.92,17.61,19.42,22.94,27.75,33.23,39.50,44.61,49.36,54.00,57.50,58.86,59.14,58.91,58.29,57.27,55.74,53.55,50.68,47.84,45.11,42.18,38.62,33.77,29.41,24.41,19.58,16.22,13.01,9.13,5.45,2.68,0.92,0.50,e,e,e,e,e,e,e,e,e,e,e,e,e,e,e,e,e,e,e,e,e,e,e,e,e,e,e,e,e,e,e,e,e,e,e,e,e,e,e,e,e,e,e,e,e,e,e,e,e,e,e,e,e,0.00,0.07,0.34,0.40,0.40,0.41,0.43,0.51,0.64,0.79,0.96,1.22,1.42,1.71,2.11,2.59,3.01,3.45,3.92,4.37,4.63,5.05,7.06,11.48,17.90,21.76,24.45,26.80,29.26,31.89,34.66,37.40,39.55,39.82,39.14,37.80,36.01,34.08,31.52,28.84,26.36,24.51,23.95,24.85,26.76,29.17,30.90,32.14,32.99,33.61,34.23,35.17,35.97,36.63,37.15,37.33,36.11,33.47,30.07,27.51,25.47,23.16,20.23,16.48,12.31,9.80,8.32,7.63,7.80,8.38,9.02,10.25,13.23,16.72,21.01,25.24,28.29,28.75,27.42,25.34,22.76,19.38,14.95,10.42,6.73,4.70,e,e,e,e,e,e,e,e,e,e,e,e,e,e,e,e,e,e,e,e,e,e,e,e,e,e,e,e,e,e,e,e,e,e,e,e,e,e,e,e,e,e,e,e,e,e,e,e,e,e,e,e,e,e,e,e,e,e,e,e,e,e,e,e,e,e,e,e,e,e,e,e,e,e
10.37,10.57,10.69,10.78,10.94,11.23,11.53,12.18,13.43,15.19,17.00,18.85,22.04,26.23,31.12,37.91,43.24,47.83,51.96,54.79,56.08,56.46,56.28,55.62,54.55,52.87,50.63,47.94,45.15,42.42,38.72,34.00,29.28,24.35,20.36,17.23,14.70,12.23,9.02,5.28,1.96,e,e,e,e,e,e,e,e,e,e,e,e,e,e,e,e,e,e,e,e,e,e,e,e,e,e,e,e,e,e,e,e,e,e,e,e,e,e,e,e,e,e,e,e,e,e,e,e,e,e,e,e,e,e,e,e,e,e,e,0.11,0.11,0.17,0.25,0.38,0.54,0.73,1.07,1.42,1.75,2.12,2.65,3.17,3.65,4.05,4.33,4.56,4.83,6.74,11.14,17.46,21.14,23.74,26.14,28.71,31.23,33.69,36.24,38.50,38.67,37.44,35.79,33.97,31.77,29.21,26.46,23.85,21.91,21.34,22.68,24.87,27.27,29.30,30.53,31.22,31.73,32.37,32.86,33.15,33.36,33.44,33.00,31.22,29.01,26.88,25.08,23.23,21.08,18.19,14.23,10.82,8.92,7.63,6.67,6.48,7.15,8.01,9.02,10.61,13.31,16.77,20.37,23.27,23.97,22.90,20.72,17.52,13.20,10.28,6.93,4.32,e,e,e,e,e,e,e,e,e,e,e,e,e,e,e,e,e,e,e,e,e,e,e,e,e,e,e,e,e,e,e,e,e,e,e,e,e,e,e,e,e,e,e,e,e,e,e,e,e,e,e,e,e,e,e,e,e,e,e,e,e,e,e,e,e,e,e,e,e,e,e,e,e,e,e
8.84,8.92,9.00,9.20,9.51,9.89,10.29,11.13,12.51,14.31,16.23,18.16,20.95,24.61,29.26,35.69,41.30,45.90,49.48,52.03,53.30,53.73,53.60,53.00,51.78,49.66,47.14,44.55,41.81,38.45,34.37,29.90,25.86,21.59,18.35,15.92,13.72,11.61,8.24,5.20,1.79,e,e,e,e,e,e,e,e,e,e,e,e,e,e,e,e,e,e,e,e,e,e,e,e,e,e,e,e,e,e,e,e,e,e,e,e,e,e,e,e,e,e,e,e,e,e,e,e,e,e,e,e,e,e,e,e,e,e,e,0.00,0.02,0.10,0.18,0.25,0.34,0.57,0.98,1.43,1.88,2.35,2.89,3.33,3.72,4.04,4.26,4.50,4.73,6.25,9.83,15.38,19.70,23.01,25.79,28.46,30.96,33.30,35.67,37.66,37.50,35.98,34.16,32.21,29.75,26.86,23.87,21.23,19.55,19.07,20.34,22.30,24.36,26.15,27.02,27.58,28.06,28.49,28.75,29.17,29.45,29.29,28.64,27.13,25.36,23.64,22.05,20.06,17.69,14.87,11.68,9.38,7.90,6.67,5.61,5.28,5.73,6.54,7.44,8.40,10.27,12.59,15.04,17.01,16.89,15.83,13.99,11.20,7.23,5.29,4.47,3.50,e,e,e,e,e,e,e,e,e,e,e,e,e,e,e,e,e,e,e,e,e,e,e,e,e,e,e,e,e,e,e,e,e,e,e,e,e,e,e,e,e,e,e,e,e,e,e,e,e,e,e,e,e,e,e,e,e,e,e,e,e,e,e,e,e,e,e,e,e,e,e,e,e,e,e
7.76,7.84,7.94,8.22,8.60,9.01,9.48,10.28,11.61,13.44,15.43,17.42,19.82,23.00,27.51,33.22,39.13,43.90,47.05,49.56,50.72,51.00,50.74,50.05,48.56,46.05,43.26,40.66,37.87,33.91,29.81,26.08,22.87,19.67,17.05,14.84,12.74,10.52,7.22,4.86,e,e,e,e,e,e,e,e,e,e,e,e,e,e,e,e,e,e,e,e,e,e,e,e,e,e,e,e,e,e,e,e,e,e,e,e,e,e,e,e,e,e,e,e,e,e,e,e,e,e,e,e,e,e,e,e,e,e,e,e,e,e,e,e,0.11,0.21,0.49,0.95,1.49,2.08,2.65,3.14,3.47,3.73,3.97,4.21,4.43,4.67,5.72,8.23,12.65,17.60,21.78,25.15,28.05,30.72,33.08,35.28,36.94,36.41,34.75,32.83,30.69,27.81,24.47,21.28,18.72,17.32,16.89,17.91,19.43,20.96,22.27,22.49,22.76,23.22,23.52,23.88,24.66,25.16,24.87,24.19,23.13,21.68,19.98,18.32,16.27,13.78,11.22,9.11,7.95,6.79,5.57,4.51,4.14,4.27,4.89,5.70,6.31,7.32,8.48,9.73,10.64,9.65,9.03,7.93,5.78,2.51,1.18,0.88,e,e,e,e,e,e,e,e,e,e,e,e,e,e,e,e,e,e,e,e,e,e,e,e,e,e,e,e,e,e,e,e,e,e,e,e,e,e,e,e,e,e,e,e,e,e,e,e,e,e,e,e,e,e,e,e,e,e,e,e,e,e,e,e,e,e,e,e,e,e,e,e,e,e,e,e
6.68,6.77,6.94,7.26,7.65,8.13,8.97,9.72,10.96,12.77,14.72,16.67,18.78,21.59,25.81,30.72,37.00,42.25,45.48,48.32,48.77,48.26,47.29,45.76,43.69,41.36,38.75,35.79,32.65,29.24,25.81,22.59,19.92,17.55,15.29,13.12,10.87,7.43,6.16,e,e,e,e,e,e,e,e,e,e,e,e,e,e,e,e,e,e,e,e,e,e,e,e,e,e,e,e,e,e,e,e,e,e,e,e,e,e,e,e,e,e,e,e,e,e,e,e,e,e,e,e,e,e,e,e,e,e,e,e,e,e,e,e,e,e,e,e,1.13,1.73,2.36,2.86,3.18,3.44,3.68,3.91,4.14,4.37,4.60,5.30,6.92,9.96,14.24,18.73,22.95,26.64,30.06,32.61,34.77,36.34,35.65,33.95,32.05,29.69,25.81,22.04,19.02,16.72,15.18,14.49,15.33,16.42,17.27,17.97,16.86,16.25,16.56,17.46,18.78,19.83,20.32,20.11,19.43,18.22,16.63,14.78,12.89,11.44,9.91,8.30,6.93,6.46,5.57,4.43,3.39,3.08,2.91,3.30,3.93,4.04,4.14,4.56,5.20,5.71,5.15,5.43,e,e,e,e,e,e,e,e,e,e,e,e,e,e,e,e,e,e,e,e,e,e,e,e,e,e,e,e,e,e,e,e,e,e,e,e,e,e,e,e,e,e,e,e,e,e,e,e,e,e,e,e,e,e,e,e,e,e,e,e,e,e,e,e,e,e,e,e,e,e,e,e,e,e,e,e,e,e,e,e,e
5.60,5.73,5.99,6.37,6.90,7.71,8.85,9.55,10.71,12.50,14.43,16.36,18.30,20.89,24.90,29.33,35.68,41.12,44.42,47.15,46.70,45.31,43.66,41.41,38.91,36.55,33.96,30.81,27.57,24.68,21.99,19.46,17.21,15.22,13.10,10.68,7.99,5.89,4.90,e,e,e,e,e,e,e,e,e,e,e,e,e,e,e,e,e,e,e,e,e,e,e,e,e,e,e,e,e,e,e,e,e,e,e,e,e,e,e,e,e,e,e,e,e,e,e,e,e,e,e,e,e,e,e,e,e,e,e,e,e,e,e,e,e,e,e,e,1.23,1.73,2.18,2.70,2.96,3.20,3.45,3.70,3.93,4.19,4.45,5.01,6.19,8.49,12.01,16.50,21.28,25.51,29.48,32.17,34.23,35.68,35.05,33.40,31.43,28.79,24.25,20.22,17.13,14.73,12.97,12.18,12.62,13.24,13.62,13.82,12.59,11.86,12.03,13.02,14.51,15.40,15.63,15.22,14.52,13.43,12.07,10.50,8.91,7.79,6.81,5.79,4.76,4.60,4.09,3.22,2.28,2.00,1.73,1.87,2.33,3.00,2.80,2.91,3.31,3.68,3.31,3.20,e,e,e,e,e,e,e,e,e,e,e,e,e,e,e,e,e,e,e,e,e,e,e,e,e,e,e,e,e,e,e,e,e,e,e,e,e,e,e,e,e,e,e,e,e,e,e,e,e,e,e,e,e,e,e,e,e,e,e,e,e,e,e,e,e,e,e,e,e,e,e,e,e,e,e,e,e,e,e,e,e
4.53,4.72,5.09,5.58,6.38,7.65,8.98,9.71,10.84,12.61,14.53,16.45,18.35,20.87,24.75,28.98,35.08,40.43,43.74,45.93,44.53,42.32,40.03,37.19,34.36,31.73,28.98,25.88,22.84,20.43,18.45,16.67,14.69,12.70,10.47,7.75,4.58,e,e,e,e,e,e,e,e,e,e,e,e,e,e,e,e,e,e,e,e,e,e,e,e,e,e,e,e,e,e,e,e,e,e,e,e,e,e,e,e,e,e,e,e,e,e,e,e,e,e,e,e,e,e,e,e,e,e,e,e,e,e,e,e,e,e,e,e,e,e,e,1.27,1.63,2.23,2.53,2.77,3.06,3.34,3.60,3.91,4.24,4.80,5.88,7.92,10.71,15.04,20.13,24.63,28.93,31.69,33.63,34.95,34.57,33.02,30.95,28.03,23.09,18.91,15.54,12.84,10.94,10.20,10.18,10.33,10.41,10.21,9.69,9.34,9.39,10.07,11.10,11.56,11.39,10.69,9.94,9.13,8.19,7.13,6.07,5.06,4.44,3.81,2.88,2.75,2.64,2.13,1.33,1.06,0.83,0.72,0.76,e,e,e,e,e,e,e,e,e,e,e,e,e,e,e,e,e,e,e,e,e,e,e,e,e,e,e,e,e,e,e,e,e,e,e,e,e,e,e,e,e,e,e,e,e,e,e,e,e,e,e,e,e,e,e,e,e,e,e,e,e,e,e,e,e,e,e,e,e,e,e,e,e,e,e,e,e,e,e,e,e,e,e,e,e,e,e,e
3.48,3.77,4.36,5.24,6.37,7.69,9.02,10.10,11.50,13.32,15.20,17.04,19.01,21.68,25.70,29.87,35.30,40.19,43.32,44.49,42.64,39.93,37.00,33.65,30.27,27.04,24.04,21.41,19.20,17.47,15.94,14.35,12.34,9.95,6.98,4.56,3.92,e,e,e,e,e,e,e,e,e,e,e,e,e,e,e,e,e,e,e,e,e,e,e,e,e,e,e,e,e,e,e,e,e,e,e,e,e,e,e,e,e,e,e,e,e,e,e,e,e,e,e,e,e,e,e,e,e,e,e,e,e,e,e,e,e,e,e,e,e,e,e,0.53,0.92,1.55,1.81,2.09,2.42,2.79,3.18,3.58,4.06,4.64,5.56,7.49,9.68,13.86,19.16,23.72,28.04,30.83,32.74,34.07,34.17,32.77,30.84,27.88,22.26,17.92,14.37,11.64,10.16,9.74,9.69,9.66,9.50,9.09,8.67,8.29,8.14,8.55,9.24,9.40,9.10,8.47,7.84,6.73,5.66,4.67,3.42,2.33,2.53,3.54,2.62,2.50,2.44,1.98,1.20,0.93,0.70,0.56,0.50,e,e,e,e,e,e,e,e,e,e,e,e,e,e,e,e,e,e,e,e,e,e,e,e,e,e,e,e,e,e,e,e,e,e,e,e,e,e,e,e,e,e,e,e,e,e,e,e,e,e,e,e,e,e,e,e,e,e,e,e,e,e,e,e,e,e,e,e,e,e,e,e,e,e,e,e,e,e,e,e,e,e,e,e,e,e,e,e
2.50,3.09,3.96,5.16,6.51,7.89,9.29,10.81,12.51,14.37,16.23,18.12,20.47,23.52,27.51,31.46,36.13,40.28,42.91,43.25,41.14,38.05,34.51,30.52,26.40,22.99,20.26,18.17,16.54,15.13,13.71,12.02,9.61,6.73,4.22,2.30,e,e,e,e,e,e,e,e,e,e,e,e,e,e,e,e,e,e,e,e,e,e,e,e,e,e,e,e,e,e,e,e,e,e,e,e,e,e,e,e,e,e,e,e,e,e,e,e,e,e,e,e,e,e,e,e,e,e,e,e,e,e,e,e,e,e,e,e,e,e,e,e,0.10,0.45,0.91,1.20,1.53,1.94,2.39,2.87,3.33,3.90,4.47,5.28,7.05,8.94,12.78,17.79,22.18,26.43,29.63,31.87,33.21,33.80,32.63,30.87,27.95,21.82,17.30,13.51,10.76,9.79,9.55,9.47,9.29,8.93,8.42,7.98,7.53,7.21,7.33,7.80,7.78,7.40,6.85,6.25,4.93,3.65,2.69,1.86,0.80,0.40,e,e,e,e,e,e,e,e,e,e,e,e,e,e,e,e,e,e,e,e,e,e,e,e,e,e,e,e,e,e,e,e,e,e,e,e,e,e,e,e,e,e,e,e,e,e,e,e,e,e,e,e,e,e,e,e,e,e,e,e,e,e,e,e,e,e,e,e,e,e,e,e,e,e,e,e,e,e,e,e,e,e,e,e,e,e,e,e,e,e,e,e,e,e,e,e,e,e
1.69,2.78,4.01,5.36,6.79,8.32,9.94,11.90,13.87,15.73,17.65,19.86,22.91,26.50,30.18,33.67,37.52,40.70,42.42,42.31,40.07,36.70,32.62,27.82,22.83,19.85,18.01,16.43,14.92,13.31,11.63,9.55,6.37,3.15,1.84,e,e,e,e,e,e,e,e,e,e,e,e,e,e,e,e,e,e,e,e,e,e,e,e,e,e,e,e,e,e,e,e,e,e,e,e,e,e,e,e,e,e,e,e,e,e,e,e,e,e,e,e,e,e,e,e,e,e,e,e,e,e,e,e,e,e,e,e,e,e,e,e,e,e,0.29,0.40,0.76,1.19,1.68,2.21,2.73,3.20,3.73,4.28,5.03,6.59,8.50,11.74,15.83,19.80,23.91,27.97,30.97,32.39,33.41,32.55,31.01,28.15,21.77,17.09,12.98,10.18,9.71,9.39,9.15,8.80,8.30,7.83,7.32,6.83,6.40,6.19,6.60,6.52,6.08,5.51,4.80,3.50,2.08,1.01,e,e,e,e,e,e,e,e,e,e,e,e,e,e,e,e,e,e,e,e,e,e,e,e,e,e,e,e,e,e,e,e,e,e,e,e,e,e,e,e,e,e,e,e,e,e,e,e,e,e,e,e,e,e,e,e,e,e,e,e,e,e,e,e,e,e,e,e,e,e,e,e,e,e,e,e,e,e,e,e,e,e,e,e,e,e,e,e,e,e,e,e,e,e,e,e,e,e,e,e,e
1.68,3.06,4.49,5.96,7.44,9.04,11.05,13.28,15.39,17.43,19.84,23.23,26.42,29.40,32.48,35.61,38.65,40.92,41.87,41.28,38.87,35.43,31.09,25.56,20.80,18.12,16.45,14.89,13.30,11.62,9.42,6.51,3.23,2.04,1.10,e,e,e,e,e,e,e,e,e,e,e,e,e,e,e,e,e,e,e,e,e,e,e,e,e,e,e,e,e,e,e,e,e,e,e,e,e,e,e,e,e,e,e,e,e,e,e,e,e,e,e,e,e,e,e,e,e,e,e,e,e,e,e,e,e,e,e,e,e,e,e,e,e,e,0.20,0.30,0.55,0.97,1.46,1.97,2.50,2.97,3.49,4.05,4.78,6.08,7.89,10.40,13.53,17.11,20.79,25.11,28.91,31.28,32.48,32.15,30.82,27.83,21.53,16.74,12.62,9.93,9.61,9.19,8.71,8.20,7.67,7.20,6.67,6.16,5.67,5.32,5.47,5.43,5.06,4.33,3.31,2.07,1.31,0.63,e,e,e,e,e,e,e,e,e,e,e,e,e,e,e,e,e,e,e,e,e,e,e,e,e,e,e,e,e,e,e,e,e,e,e,e,e,e,e,e,e,e,e,e,e,e,e,e,e,e,e,e,e,e,e,e,e,e,e,e,e,e,e,e,e,e,e,e,e,e,e,e,e,e,e,e,e,e,e,e,e,e,e,e,e,e,e,e,e,e,e,e,e,e,e,e,e,e,e,e,e
1.81,3.21,4.93,6.57,8.11,9.77,12.16,14.62,16.98,19.45,22.68,26.75,29.65,31.80,34.25,37.01,39.26,40.67,40.94,39.91,37.36,33.89,29.39,23.42,19.30,16.87,15.14,13.50,11.81,9.88,7.10,3.73,0.91,e,e,e,e,e,e,e,e,e,e,e,e,e,e,e,e,e,e,e,e,e,e,e,e,e,e,e,e,e,e,e,e,e,e,e,e,e,e,e,e,e,e,e,e,e,e,e,e,e,e,e,e,e,e,e,e,e,e,e,e,e,e,e,e,e,e,e,e,e,e,e,e,e,e,e,e,e,e,0.45,0.78,1.23,1.77,2.36,2.92,3.36,3.86,4.54,5.58,7.23,9.14,11.43,14.50,17.74,21.91,26.18,29.61,31.34,31.62,30.48,27.40,21.38,16.52,12.41,9.81,9.49,8.95,8.29,7.64,7.09,6.58,6.06,5.52,4.99,4.54,4.39,4.39,4.08,3.16,1.94,0.99,0.50,e,e,e,e,e,e,e,e,e,e,e,e,e,e,e,e,e,e,e,e,e,e,e,e,e,e,e,e,e,e,e,e,e,e,e,e,e,e,e,e,e,e,e,e,e,e,e,e,e,e,e,e,e,e,e,e,e,e,e,e,e,e,e,e,e,e,e,e,e,e,e,e,e,e,e,e,e,e,e,e,e,e,e,e,e,e,e,e,e,e,e,e,e,e,e,e,e,e,e,e,e,e
e,2.68,5.03,6.99,8.59,10.38,13.00,15.66,18.57,22.08,26.57,29.63,31.54,33.10,35.02,37.32,38.80,39.44,39.13,37.80,35.20,31.67,27.11,21.30,18.17,15.91,13.98,12.30,10.63,7.91,4.59,1.70,e,e,e,e,e,e,e,e,e,e,e,e,e,e,e,e,e,e,e,e,e,e,e,e,e,e,e,e,e,e,e,e,e,e,e,e,e,e,e,e,e,e,e,e,e,e,e,e,e,e,e,e,e,e,e,e,e,e,e,e,e,e,e,e,e,e,e,e,e,e,e,e,e,e,e,e,e,e,e,e,0.57,1.01,1.71,2.52,3.35,3.54,3.78,4.36,5.11,6.59,8.24,10.01,12.25,15.24,18.65,22.55,26.79,29.99,30.95,30.01,27.04,21.58,16.70,12.48,9.76,9.30,8.65,7.96,7.28,6.62,5.97,5.46,4.95,4.39,3.82,3.35,3.34,3.03,1.93,0.84,0.56,e,e,e,e,e,e,e,e,e,e,e,e,e,e,e,e,e,e,e,e,e,e,e,e,e,e,e,e,e,e,e,e,e,e,e,e,e,e,e,e,e,e,e,e,e,e,e,e,e,e,e,e,e,e,e,e,e,e,e,e,e,e,e,e,e,e,e,e,e,e,e,e,e,e,e,e,e,e,e,e,e,e,e,e,e,e,e,e,e,e,e,e,e,e,e,e,e,e,e,e,e,e,e
e,2.53,4.16,6.10,8.46,11.02,13.75,16.46,19.78,23.96,28.68,31.16,32.75,34.10,35.35,36.49,36.89,36.90,36.48,34.99,32.60,29.07,24.61,19.88,17.23,15.07,13.02,11.07,8.91,6.13,3.07,0.62,e,e,e,e,e,e,e,e,e,e,e,e,e,e,e,e,e,e,e,e,e,e,e,e,e,e,e,e,e,e,e,e,e,e,e,e,e,e,e,e,e,e,e,e,e,e,e,e,e,e,e,e,e,e,e,e,e,e,e,e,e,e,e,e,e,e,e,e,e,e,e,e,e,e,e,e,e,e,e,e,0.64,1.25,2.24,3.23,3.91,3.92,3.99,4.39,4.99,6.26,7.68,9.14,10.92,13.79,16.95,20.63,24.97,29.04,30.37,29.25,26.12,21.52,16.81,12.50,9.61,9.02,8.34,7.64,6.93,6.21,5.52,4.93,4.37,3.82,3.23,2.62,2.45,2.03,1.06,0.51,0.30,e,e,e,e,e,e,e,e,e,e,e,e,e,e,e,e,e,e,e,e,e,e,e,e,e,e,e,e,e,e,e,e,e,e,e,e,e,e,e,e,e,e,e,e,e,e,e,e,e,e,e,e,e,e,e,e,e,e,e,e,e,e,e,e,e,e,e,e,e,e,e,e,e,e,e,e,e,e,e,e,e,e,e,e,e,e,e,e,e,e,e,e,e,e,e,e,e,e,e,e,e,e,e
e,e,2.66,4.89,8.25,11.60,14.38,17.08,20.72,25.34,29.86,31.95,33.38,34.51,35.04,35.03,34.48,33.98,33.45,31.72,29.49,26.10,22.05,18.64,16.27,14.14,12.02,9.77,7.15,4.64,2.15,0.18,e,e,e,e,e,e,e,e,e,e,e,e,e,e,e,e,e,e,e,e,e,e,e,e,e,e,e,e,e,e,e,e,e,e,e,e,e,e,e,e,e,e,e,e,e,e,e,e,e,e,e,e,e,e,e,e,e,e,e,e,e,e,e,e,e,e,e,e,e,e,e,e,e,e,e,e,e,e,e,e,1.12,1.97,3.20,4.32,4.67,4.55,4.46,4.64,5.17,6.29,7.53,8.81,10.37,13.04,16.08,19.56,23.67,28.08,29.66,28.39,25.13,21.41,16.94,12.54,9.48,8.77,8.05,7.34,6.60,5.84,5.14,4.45,3.84,3.27,2.69,2.03,1.64,1.15,0.41,e,e,e,e,e,e,e,e,e,e,e,e,e,e,e,e,e,e,e,e,e,e,e,e,e,e,e,e,e,e,e,e,e,e,e,e,e,e,e,e,e,e,e,e,e,e,e,e,e,e,e,e,e,e,e,e,e,e,e,e,e,e,e,e,e,e,e,e,e,e,e,e,e,e,e,e,e,e,e,e,e,e,e,e,e,e,e,e,e,e,e,e,e,e,e,e,e,e,e,e,e,e,e,e,e
e,e,1.05,4.30,8.56,11.89,14.70,17.41,21.20,25.92,30.05,31.93,32.80,33.13,32.94,32.78,32.22,31.43,30.22,27.71,24.99,22.24,19.59,17.16,14.90,12.74,10.57,8.32,5.96,3.93,2.03,0.57,e,e,e,e,e,e,e,e,e,e,e,e,e,e,e,e,e,e,e,e,e,e,e,e,e,e,e,e,e,e,e,e,e,e,e,e,e,e,e,e,e,e,e,e,e,e,e,e,e,e,e,e,e,e,e,e,e,e,e,e,e,e,e,e,e,e,e,e,e,e,e,e,e,e,e,e,e,e,e,0.64,2.41,3.81,5.01,5.97,6.00,5.71,5.41,5.36,6.00,7.17,8.43,9.75,11.37,13.50,16.14,19.27,22.87,26.49,28.41,27.59,24.65,21.50,17.21,12.72,9.50,8.69,7.88,7.07,6.28,5.52,4.83,4.13,3.45,2.79,2.09,1.49,0.91,0.52,e,e,e,e,e,e,e,e,e,e,e,e,e,e,e,e,e,e,e,e,e,e,e,e,e,e,e,e,e,e,e,e,e,e,e,e,e,e,e,e,e,e,e,e,e,e,e,e,e,e,e,e,e,e,e,e,e,e,e,e,e,e,e,e,e,e,e,e,e,e,e,e,e,e,e,e,e,e,e,e,e,e,e,e,e,e,e,e,e,e,e,e,e,e,e,e,e,e,e,e,e,e,e,e,e,e
e,e,0.40,3.94,7.43,11.88,14.80,17.51,21.05,25.43,29.62,31.24,31.72,31.56,30.80,29.93,28.76,27.33,25.60,23.41,21.18,19.19,17.34,15.31,13.15,11.27,9.54,7.76,5.83,4.10,2.44,1.16,e,e,e,e,e,e,e,e,e,e,e,e,e,e,e,e,e,e,e,e,e,e,e,e,e,e,e,e,e,e,e,e,e,e,e,e,e,e,e,e,e,e,e,e,e,e,e,e,e,e,e,e,e,e,e,e,e,e,e,e,e,e,e,e,e,e,e,e,e,e,e,e,e,e,e,e,e,e,e,1.05,3.51,5.55,6.89,7.65,7.50,7.13,6.71,6.51,7.12,8.22,9.68,11.26,12.81,14.61,16.82,19.47,22.47,25.39,27.43,27.11,24.75,21.92,17.87,13.32,9.84,8.79,7.89,7.04,6.21,5.41,4.63,3.87,3.12,2.37,1.64,1.02,0.60,0.20,e,e,e,e,e,e,e,e,e,e,e,e,e,e,e,e,e,e,e,e,e,e,e,e,e,e,e,e,e,e,e,e,e,e,e,e,e,e,e,e,e,e,e,e,e,e,e,e,e,e,e,e,e,e,e,e,e,e,e,e,e,e,e,e,e,e,e,e,e,e,e,e,e,e,e,e,e,e,e,e,e,e,e,e,e,e,e,e,e,e,e,e,e,e,e,e,e,e,e,e,e,e,e,e,e,e
e,e,e,2.75,5.46,11.61,14.62,17.30,20.32,23.96,28.16,29.47,29.66,29.28,28.16,26.43,24.50,22.43,20.46,19.28,18.07,16.77,15.24,13.23,11.25,9.88,8.83,7.75,6.31,4.75,3.12,1.79,e,e,e,e,e,e,e,e,e,e,e,e,e,e,e,e,e,e,e,e,e,e,e,e,e,e,e,e,e,e,e,e,e,e,e,e,e,e,e,e,e,e,e,e,e,e,e,e,e,e,e,e,e,e,e,e,e,e,e,e,e,e,e,e,e,e,e,e,e,e,e,e,e,e,e,e,e,e,e,1.67,4.52,7.04,8.70,9.29,9.12,8.66,8.17,7.90,8.37,9.43,11.20,13.16,14.59,16.23,18.06,20.18,22.63,24.97,26.95,27.09,25.37,22.72,18.92,14.34,10.55,9.05,8.06,7.19,6.34,5.49,4.58,3.71,2.86,2.05,1.34,0.67,0.44,e,e,e,e,e,e,e,e,e,e,e,e,e,e,e,e,e,e,e,e,e,e,e,e,e,e,e,e,e,e,e,e,e,e,e,e,e,e,e,e,e,e,e,e,e,e,e,e,e,e,e,e,e,e,e,e,e,e,e,e,e,e,e,e,e,e,e,e,e,e,e,e,e,e,e,e,e,e,e,e,e,e,e,e,e,e,e,e,e,e,e,e,e,e,e,e,e,e,e,e,e,e,e,e,e,e,e
e,e,e,1.69,4.47,10.92,13.76,16.29,18.71,21.01,23.15,23.92,23.90,23.41,22.54,21.44,20.34,19.12,17.82,16.88,15.83,14.63,13.13,11.21,9.91,8.95,8.13,7.30,6.20,4.89,3.46,2.07,0.79,e,e,e,e,e,e,e,e,e,e,e,e,e,e,e,e,e,e,e,e,e,e,e,e,e,e,e,e,e,e,e,e,e,e,e,e,e,e,e,e,e,e,e,e,e,e,e,e,e,e,e,e,e,e,e,e,e,e,e,e,e,e,e,e,e,e,e,e,e,e,e,e,e,e,e,e,e,e,1.94,5.18,7.75,10.09,10.79,10.78,10.10,9.39,9.04,9.38,10.96,13.14,15.33,17.01,18.45,20.09,22.09,24.37,26.40,28.11,28.26,26.79,24.44,20.76,16.23,12.06,9.49,8.41,7.51,6.63,5.76,4.79,3.83,2.92,2.01,1.20,0.66,0.40,e,e,e,e,e,e,e,e,e,e,e,e,e,e,e,e,e,e,e,e,e,e,e,e,e,e,e,e,e,e,e,e,e,e,e,e,e,e,e,e,e,e,e,e,e,e,e,e,e,e,e,e,e,e,e,e,e,e,e,e,e,e,e,e,e,e,e,e,e,e,e,e,e,e,e,e,e,e,e,e,e,e,e,e,e,e,e,e,e,e,e,e,e,e,e,e,e,e,e,e,e,e,e,e,e,e,e
e,e,e,1.74,4.20,9.93,12.77,15.14,16.95,18.11,18.76,19.10,19.01,18.59,17.98,17.41,16.96,16.40,15.60,14.77,13.75,12.61,11.27,9.72,8.88,8.14,7.40,6.67,5.80,4.72,3.50,2.14,0.78,e,e,e,e,e,e,e,e,e,e,e,e,e,e,e,e,e,e,e,e,e,e,e,e,e,e,e,e,e,e,e,e,e,e,e,e,e,e,e,e,e,e,e,e,e,e,e,e,e,e,e,e,e,e,e,e,e,e,e,e,e,e,e,e,e,e,e,e,e,e,e,e,e,e,e,e,e,e,e,5.01,7.41,10.26,11.32,11.76,11.36,11.04,11.23,11.94,13.55,15.59,17.76,19.85,21.55,23.32,25.13,26.82,28.20,29.62,29.82,28.67,26.71,23.00,18.51,14.09,10.61,9.00,7.93,6.97,6.02,4.99,3.95,2.93,1.90,0.92,e,e,e,e,e,e,e,e,e,e,e,e,e,e,e,e,e,e,e,e,e,e,e,e,e,e,e,e,e,e,e,e,e,e,e,e,e,e,e,e,e,e,e,e,e,e,e,e,e,e,e,e,e,e,e,e,e,e,e,e,e,e,e,e,e,e,e,e,e,e,e,e,e,e,e,e,e,e,e,e,e,e,e,e,e,e,e,e,e,e,e,e,e,e,e,e,e,e,e,e,e,e,e,e,e,e,e,e,e
e,e,e,2.92,4.60,8.74,11.76,13.91,15.10,15.53,15.81,15.90,15.88,15.72,15.30,14.83,14.52,14.10,13.45,12.69,11.75,10.76,9.77,8.86,8.13,7.38,6.63,5.92,5.13,4.27,3.24,2.02,0.80,e,e,e,e,e,e,e,e,e,e,e,e,e,e,e,e,e,e,e,e,e,e,e,e,e,e,e,e,e,e,e,e,e,e,e,e,e,e,e,e,e,e,e,e,e,e,e,e,e,e,e,e,e,e,e,e,e,e,e,e,e,e,e,e,e,e,e,e,e,e,e,e,e,e,e,e,e,e,e,3.58,5.95,8.87,10.53,11.68,12.14,12.88,14.26,15.93,17.04,18.41,20.36,23.02,25.51,27.68,29.15,29.71,30.07,31.17,31.55,30.86,29.33,25.61,21.19,16.71,12.62,9.95,8.47,7.33,6.20,5.11,3.96,2.81,1.63,0.47,e,e,e,e,e,e,e,e,e,e,e,e,e,e,e,e,e,e,e,e,e,e,e,e,e,e,e,e,e,e,e,e,e,e,e,e,e,e,e,e,e,e,e,e,e,e,e,e,e,e,e,e,e,e,e,e,e,e,e,e,e,e,e,e,e,e,e,e,e,e,e,e,e,e,e,e,e,e,e,e,e,e,e,e,e,e,e,e,e,e,e,e,e,e,e,e,e,e,e,e,e,e,e,e,e,e,e,e,e
e,e,e,3.66,5.12,8.62,10.74,11.96,12.54,12.70,12.79,12.85,12.86,12.81,12.62,12.30,12.08,11.77,11.34,10.95,10.45,9.85,9.14,8.28,7.41,6.61,5.87,5.16,4.39,3.63,2.73,1.67,0.58,e,e,e,e,e,e,e,e,e,e,e,e,e,e,e,e,e,e,e,e,e,e,e,e,e,e,e,e,e,e,e,e,e,e,e,e,e,e,e,e,e,e,e,e,e,e,e,e,e,e,e,e,e,e,e,e,e,e,e,e,e,e,e,e,e,e,e,e,e,e,e,e,e,e,e,e,e,e,e,3.30,4.81,6.06,7.99,9.23,9.70,10.42,11.88,13.99,16.58,19.09,21.86,25.45,28.15,29.88,30.88,31.28,31.55,31.95,32.21,31.95,30.47,28.36,24.93,20.50,15.71,11.98,9.53,7.78,6.41,5.06,3.66,2.29,1.19,0.40,e,e,e,e,e,e,e,e,e,e,e,e,e,e,e,e,e,e,e,e,e,e,e,e,e,e,e,e,e,e,e,e,e,e,e,e,e,e,e,e,e,e,e,e,e,e,e,e,e,e,e,e,e,e,e,e,e,e,e,e,e,e,e,e,e,e,e,e,e,e,e,e,e,e,e,e,e,e,e,e,e,e,e,e,e,e,e,e,e,e,e,e,e,e,e,e,e,e,e,e,e,e,e,e,e,e,e,e,e
e,e,e,4.04,5.28,7.67,8.27,9.54,9.83,9.06,9.33,9.34,9.46,9.71,9.96,9.87,9.82,9.77,9.71,9.70,9.58,9.30,8.76,7.82,6.83,5.96,5.18,4.42,3.65,2.92,2.12,1.25,0.39,e,e,e,e,e,e,e,e,e,e,e,e,e,e,e,e,e,e,e,e,e,e,e,e,e,e,e,e,e,e,e,e,e,e,e,e,e,e,e,e,e,e,e,e,e,e,e,e,e,e,e,e,e,e,e,e,e,e,e,e,e,e,e,e,e,e,e,e,e,e,e,e,e,e,e,e,e,e,e,e,3.10,3.74,5.26,6.34,6.85,7.55,8.93,11.32,15.24,19.06,22.84,27.12,29.79,31.01,31.66,32.19,32.59,32.61,32.73,32.61,31.23,30.47,28.24,24.26,18.81,14.09,10.55,8.11,6.50,4.91,3.24,1.84,0.80,e,e,e,e,e,e,e,e,e,e,e,e,e,e,e,e,e,e,e,e,e,e,e,e,e,e,e,e,e,e,e,e,e,e,e,e,e,e,e,e,e,e,e,e,e,e,e,e,e,e,e,e,e,e,e,e,e,e,e,e,e,e,e,e,e,e,e,e,e,e,e,e,e,e,e,e,e,e,e,e,e,e,e,e,e,e,e,e,e,e,e,e,e,e,e,e,e,e,e,e,e,e,e,e,e,e,e,e,e,e
e,e,1.90,3.38,4.58,4.33,2.46,2.65,3.93,3.69,4.91,4.73,5.13,6.21,7.34,7.62,7.97,8.50,9.08,9.33,9.31,9.02,8.44,7.51,6.51,5.58,4.66,3.73,2.94,2.19,1.41,0.76,e,e,e,e,e,e,e,e,e,e,e,e,e,e,e,e,e,e,e,e,e,e,e,e,e,e,e,e,e,e,e,e,e,e,e,e,e,e,e,e,e,e,e,e,e,e,e,e,e,e,e,e,e,e,e,e,e,e,e,e,e,e,e,e,e,e,e,e,e,e,e,e,e,e,e,e,e,e,e,e,e,e,e,2.96,3.77,4.87,6.09,7.63,10.25,14.14,18.63,23.27,27.48,29.93,30.94,31.59,32.37,32.86,33.47,33.53,32.92,31.96,31.02,30.00,27.27,21.38,15.73,11.22,8.14,6.35,4.60,2.75,1.89,e,e,e,e,e,e,e,e,e,e,e,e,e,e,e,e,e,e,e,e,e,e,e,e,e,e,e,e,e,e,e,e,e,e,e,e,e,e,e,e,e,e,e,e,e,e,e,e,e,e,e,e,e,e,e,e,e,e,e,e,e,e,e,e,e,e,e,e,e,e,e,e,e,e,e,e,e,e,e,e,e,e,e,e,e,e,e,e,e,e,e,e,e,e,e,e,e,e,e,e,e,e,e,e,e,e,e,e,e,e,e
e,e,1.90,2.78,3.05,2.75,0.96,0.30,1.90,2.29,3.76,3.54,2.90,3.21,4.94,5.49,6.20,7.04,7.83,8.40,8.80,8.71,8.12,7.19,6.20,5.24,4.29,3.31,2.45,1.57,1.03,0.62,e,e,e,e,e,e,e,e,e,e,e,e,e,e,e,e,e,e,e,e,e,e,e,e,e,e,e,e,e,e,e,e,e,e,e,e,e,e,e,e,e,e,e,e,e,e,e,e,e,e,e,e,e,e,e,e,e,e,e,e,e,e,e,e,e,e,e,e,e,e,e,e,e,e,e,e,e,e,e,e,e,e,e,2.28,2.38,3.40,4.91,6.71,8.97,12.70,17.25,21.77,25.15,27.18,28.96,30.47,31.45,31.93,32.52,32.71,32.40,31.80,31.14,30.55,28.30,22.66,16.56,11.56,8.08,5.98,3.92,1.99,1.19,e,e,e,e,e,e,e,e,e,e,e,e,e,e,e,e,e,e,e,e,e,e,e,e,e,e,e,e,e,e,e,e,e,e,e,e,e,e,e,e,e,e,e,e,e,e,e,e,e,e,e,e,e,e,e,e,e,e,e,e,e,e,e,e,e,e,e,e,e,e,e,e,e,e,e,e,e,e,e,e,e,e,e,e,e,e,e,e,e,e,e,e,e,e,e,e,e,e,e,e,e,e,e,e,e,e,e,e,e,e,e
e,e,e,1.48,1.62,1.92,e,e,e,e,e,e,0.26,0.98,3.07,3.60,4.50,5.50,6.35,7.21,8.07,8.29,7.82,6.85,5.84,4.88,3.91,2.92,2.00,1.12,0.63,e,e,e,e,e,e,e,e,e,e,e,e,e,e,e,e,e,e,e,e,e,e,e,e,e,e,e,e,e,e,e,e,e,e,e,e,e,e,e,e,e,e,e,e,e,e,e,e,e,e,e,e,e,e,e,e,e,e,e,e,e,e,e,e,e,e,e,e,e,e,e,e,e,e,e,e,e,e,e,e,e,e,e,e,e,1.46,2.39,3.94,5.67,7.52,10.78,14.86,18.76,21.24,23.01,25.55,27.81,28.98,29.70,30.39,31.02,31.41,31.23,30.91,30.40,28.33,23.21,16.97,11.74,8.00,5.57,3.20,1.35,0.53,e,e,e,e,e,e,e,e,e,e,e,e,e,e,e,e,e,e,e,e,e,e,e,e,e,e,e,e,e,e,e,e,e,e,e,e,e,e,e,e,e,e,e,e,e,e,e,e,e,e,e,e,e,e,e,e,e,e,e,e,e,e,e,e,e,e,e,e,e,e,e,e,e,e,e,e,e,e,e,e,e,e,e,e,e,e,e,e,e,e,e,e,e,e,e,e,e,e,e,e,e,e,e,e,e,e,e,e,e,e,e
e,e,e,e,e,e,e,e,e,e,e,e,e,e,e,2.31,2.98,3.91,4.78,5.74,6.80,7.54,7.58,6.42,5.35,4.35,3.35,2.36,1.44,1.13,e,e,e,e,e,e,e,e,e,e,e,e,e,e,e,e,e,e,e,e,e,e,e,e,e,e,e,e,e,e,e,e,e,e,e,e,e,e,e,e,e,e,e,e,e,e,e,e,e,e,e,e,e,e,e,e,e,e,e,e,e,e,e,e,e,e,e,e,e,e,e,e,e,e,e,e,e,e,e,e,e,e,e,e,e,e,e,e,3.17,3.71,5.74,7.53,10.02,12.82,15.06,17.38,19.43,21.03,22.32,24.26,26.26,28.22,29.80,30.24,29.96,29.24,27.22,22.74,16.90,11.78,7.95,5.28,2.78,1.97,e,e,e,e,e,e,e,e,e,e,e,e,e,e,e,e,e,e,e,e,e,e,e,e,e,e,e,e,e,e,e,e,e,e,e,e,e,e,e,e,e,e,e,e,e,e,e,e,e,e,e,e,e,e,e,e,e,e,e,e,e,e,e,e,e,e,e,e,e,e,e,e,e,e,e,e,e,e,e,e,e,e,e,e,e,e,e,e,e,e,e,e,e,e,e,e,e,e,e,e,e,e,e,e,e,e,e,e,e,e,e,e
e,e,e,e,e,e,e,e,e,e,e,e,e,e,e,1.70,2.12,2.66,3.63,4.69,5.85,6.89,7.30,6.26,5.11,3.99,2.91,1.85,0.88,0.66,e,e,e,e,e,e,e,e,e,e,e,e,e,e,e,e,e,e,e,e,e,e,e,e,e,e,e,e,e,e,e,e,e,e,e,e,e,e,e,e,e,e,e,e,e,e,e,e,e,e,e,e,e,e,e,e,e,e,e,e,e,e,e,e,e,e,e,e,e,e,e,e,e,e,e,e,e,e,e,e,e,e,e,e,e,e,e,e,2.40,2.78,3.57,4.15,5.46,7.13,8.71,12.52,14.69,15.78,16.86,19.16,21.39,23.55,25.54,26.87,26.94,26.71,25.38,21.71,16.60,11.57,7.51,4.79,2.65,2.10,e,e,e,e,e,e,e,e,e,e,e,e,e,e,e,e,e,e,e,e,e,e,e,e,e,e,e,e,e,e,e,e,e,e,e,e,e,e,e,e,e,e,e,e,e,e,e,e,e,e,e,e,e,e,e,e,e,e,e,e,e,e,e,e,e,e,e,e,e,e,e,e,e,e,e,e,e,e,e,e,e,e,e,e,e,e,e,e,e,e,e,e,e,e,e,e,e,e,e,e,e,e,e,e,e,e,e,e,e,e,e,e
e,e,e,e,e,e,e,e,e,e,e,e,e,e,e,e,1.32,1.77,2.76,3.91,5.12,6.30,6.98,6.25,5.05,3.80,2.60,1.47,0.43,0.17,e,e,e,e,e,e,e,e,e,e,e,e,e,e,e,e,e,e,e,e,e,e,e,e,e,e,e,e,e,e,e,e,e,e,e,e,e,e,e,e,e,e,e,e,e,e,e,e,e,e,e,e,e,e,e,e,e,e,e,e,e,e,e,e,e,e,e,e,e,e,e,e,e,e,e,e,e,e,e,e,e,e,e,e,e,e,e,e,e,e,1.22,1.21,1.76,2.45,3.23,8.84,11.51,12.27,12.85,14.26,15.89,17.66,19.64,21.86,22.51,23.20,22.97,20.27,16.08,11.21,6.88,4.08,e,e,e,e,e,e,e,e,e,e,e,e,e,e,e,e,e,e,e,e,e,e,e,e,e,e,e,e,e,e,e,e,e,e,e,e,e,e,e,e,e,e,e,e,e,e,e,e,e,e,e,e,e,e,e,e,e,e,e,e,e,e,e,e,e,e,e,e,e,e,e,e,e,e,e,e,e,e,e,e,e,e,e,e,e,e,e,e,e,e,e,e,e,e,e,e,e,e,e,e,e,e,e,e,e,e,e,e,e,e,e,e,e,e
e,e,e,e,e,e,e,e,e,e,e,e,e,e,e,e,1.20,1.57,2.03,3.14,4.36,5.58,6.45,6.24,5.10,3.80,2.52,1.41,0.44,0.10,e,e,e,e,e,e,e,e,e,e,e,e,e,e,e,e,e,e,e,e,e,e,e,e,e,e,e,e,e,e,e,e,e,e,e,e,e,e,e,e,e,e,e,e,e,e,e,e,e,e,e,e,e,e,e,e,e,e,e,e,e,e,e,e,e,e,e,e,e,e,e,e,e,e,e,e,e,e,e,e,e,e,e,e,e,e,e,e,e,e,0.90,0.83,1.29,1.85,2.53,8.37,11.10,11.82,11.50,7.98,9.35,11.84,14.47,16.38,17.70,19.24,19.94,18.31,15.05,10.90,6.53,3.07,e,e,e,e,e,e,e,e,e,e,e,e,e,e,e,e,e,e,e,e,e,e,e,e,e,e,e,e,e,e,e,e,e,e,e,e,e,e,e,e,e,e,e,e,e,e,e,e,e,e,e,e,e,e,e,e,e,e,e,e,e,e,e,e,e,e,e,e,e,e,e,e,e,e,e,e,e,e,e,e,e,e,e,e,e,e,e,e,e,e,e,e,e,e,e,e,e,e,e,e,e,e,e,e,e,e,e,e,e,e,e,e,e,e
e,e,e,e,e,e,e,e,e,e,e,e,e,e,e,e,e,1.07,1.31,2.46,3.72,5.00,5.99,6.08,5.01,3.70,2.40,1.32,e,e,e,e,e,e,e,e,e,e,e,e,e,e,e,e,e,e,e,e,e,e,e,e,e,e,e,e,e,e,e,e,e,e,e,e,e,e,e,e,e,e,e,e,e,e,e,e,e,e,e,e,e,e,e,e,e,e,e,e,e,e,e,e,e,e,e,e,e,e,e,e,e,e,e,e,e,e,e,e,e,e,e,e,e,e,e,e,e,e,e,e,e,e,e,e,e,e,e,e,e,3.88,5.75,8.71,11.07,10.63,12.26,14.34,15.70,15.28,13.26,10.23,6.44,2.93,e,e,e,e,e,e,e,e,e,e,e,e,e,e,e,e,e,e,e,e,e,e,e,e,e,e,e,e,e,e,e,e,e,e,e,e,e,e,e,e,e,e,e,e,e,e,e,e,e,e,e,e,e,e,e,e,e,e,e,e,e,e,e,e,e,e,e,e,e,e,e,e,e,e,e,e,e,e,e,e,e,e,e,e,e,e,e,e,e,e,e,e,e,e,e,e,e,e,e,e,e,e,e,e,e,e,e,e,e,e,e,e,e,e
e,e,e,e,e,e,e,e,e,e,e,e,e,e,e,e,e,0.43,0.68,1.88,3.22,4.54,5.60,5.78,4.76,3.47,2.19,1.15,e,e,e,e,e,e,e,e,e,e,e,e,e,e,e,e,e,e,e,e,e,e,e,e,e,e,e,e,e,e,e,e,e,e,e,e,e,e,e,e,e,e,e,e,e,e,e,e,e,e,e,e,e,e,e,e,e,e,e,e,e,e,e,e,e,e,e,e,e,e,e,e,e,e,e,e,e,e,e,e,e,e,e,e,e,e,e,e,e,e,e,e,e,e,e,e,e,e,e,e,e,e,e,e,e,4.44,6.42,8.58,10.29,11.13,10.67,9.12,6.54,3.75,e,e,e,e,e,e,e,e,e,e,e,e,e,e,e,e,e,e,e,e,e,e,e,e,e,e,e,e,e,e,e,e,e,e,e,e,e,e,e,e,e,e,e,e,e,e,e,e,e,e,e,e,e,e,e,e,e,e,e,e,e,e,e,e,e,e,e,e,e,e,e,e,e,e,e,e,e,e,e,e,e,e,e,e,e,e,e,e,e,e,e,e,e,e,e,e,e,e,e,e,e,e,e,e,e,e,e,e,e,e,e,e,e,e
e,e,e,e,e,e,e,e,e,e,e,e,e,e,e,e,e,0.30,0.56,1.35,2.48,3.79,5.00,5.69,4.76,3.50,2.23,1.16,e,e,e,e,e,e,e,e,e,e,e,e,e,e,e,e,e,e,e,e,e,e,e,e,e,e,e,e,e,e,e,e,e,e,e,e,e,e,e,e,e,e,e,e,e,e,e,e,e,e,e,e,e,e,e,e,e,e,e,e,e,e,e,e,e,e,e,e,e,e,e,e,e,e,e,e,e,e,e,e,e,e,e,e,e,e,e,e,e,e,e,e,e,e,e,e,e,e,e,e,e,e,e,e,e,3.03,3.12,4.57,6.45,7.68,8.03,7.83,6.30,3.63,1.03,0.40,e,e,e,e,e,e,e,e,e,e,e,e,e,e,e,e,e,e,e,e,e,e,e,e,e,e,e,e,e,e,e,e,e,e,e,e,e,e,e,e,e,e,e,e,e,e,e,e,e,e,e,e,e,e,e,e,e,e,e,e,e,e,e,e,e,e,e,e,e,e,e,e,e,e,e,e,e,e,e,e,e,e,e,e,e,e,e,e,e,e,e,e,e,e,e,e,e,e,e,e,e,e,e,e,e,e,e,e,e,e,e,e
e,e,e,e,e,e,e,e,e,e,e,e,e,e,e,e,e,e,e,0.96,1.87,3.01,4.33,5.44,4.79,3.62,2.35,1.23,e,e,e,e,e,e,e,e,e,e,e,e,e,e,e,e,e,e,e,e,e,e,e,e,e,e,e,e,e,e,e,e,e,e,e,e,e,e,e,e,e,e,e,e,e,e,e,e,e,e,e,e,e,e,e,e,e,e,e,e,e,e,e,e,e,e,e,e,e,e,e,e,e,e,e,e,e,e,e,e,e,e,e,e,e,e,e,e,e,e,e,e,e,e,e,e,e,e,e,e,e,e,e,e,e,e,0.70,2.12,3.86,4.59,5.38,6.10,5.57,3.46,1.07,0.58,e,e,e,e,e,e,e,e,e,e,e,e,e,e,e,e,e,e,e,e,e,e,e,e,e,e,e,e,e,e,e,e,e,e,e,e,e,e,e,e,e,e,e,e,e,e,e,e,e,e,e,e,e,e,e,e,e,e,e,e,e,e,e,e,e,e,e,e,e,e,e,e,e,e,e,e,e,e,e,e,e,e,e,e,e,e,e,e,e,e,e,e,e,e,e,e,e,e,e,e,e,e,e,e,e,e,e,e,e,e,e,e
e,e,e,e,e,e,e,e,e,e,e,e,e,e,e,e,e,e,e,e,1.64,2.35,3.60,4.71,4.72,3.78,2.50,1.31,0.27,0.00,e,e,e,e,e,e,e,e,e,e,e,e,e,e,e,e,e,e,e,e,e,e,e,e,e,e,e,e,e,e,e,e,e,e,e,e,e,e,e,e,e,e,e,e,e,e,e,e,e,e,e,e,e,e,e,e,e,e,e,e,e,e,e,e,e,e,e,e,e,e,e,e,e,e,e,e,e,e,e,e,e,e,e,e,e,e,e,e,e,e,e,e,e,e,e,e,e,e,e,e,e,e,e,e,e,e,e,1.73,2.75,3.55,3.92,3.46,1.56,1.16,e,e,e,e,e,e,e,e,e,e,e,e,e,e,e,e,e,e,e,e,e,e,e,e,e,e,e,e,e,e,e,e,e,e,e,e,e,e,e,e,e,e,e,e,e,e,e,e,e,e,e,e,e,e,e,e,e,e,e,e,e,e,e,e,e,e,e,e,e,e,e,e,e,e,e,e,e,e,e,e,e,e,e,e,e,e,e,e,e,e,e,e,e,e,e,e,e,e,e,e,e,e,e,e,e,e,e,e,e,e,e,e
e,e,e,e,e,e,e,e,e,e,e,e,e,e,e,e,e,e,e,e,1.07,1.75,2.97,4.05,4.57,3.94,2.79,1.61,0.57,0.20,0.00,e,e,e,e,e,e,e,e,e,e,e,e,e,e,e,e,e,e,e,e,e,e,e,e,e,e,e,e,e,e,e,e,e,e,e,e,e,e,e,e,e,e,e,e,e,e,e,e,e,e,e,e,e,e,e,e,e,e,e,e,e,e,e,e,e,e,e,e,e,e,e,e,e,e,e,e,e,e,e,e,e,e,e,e,e,e,e,e,e,e,e,e,e,e,e,e,e,e,e,e,e,e,e,e,e,e,0.98,2.09,2.00,1.91,2.06,1.58,1.30,e,e,e,e,e,e,e,e,e,e,e,e,e,e,e,e,e,e,e,e,e,e,e,e,e,e,e,e,e,e,e,e,e,e,e,e,e,e,e,e,e,e,e,e,e,e,e,e,e,e,e,e,e,e,e,e,e,e,e,e,e,e,e,e,e,e,e,e,e,e,e,e,e,e,e,e,e,e,e,e,e,e,e,e,e,e,e,e,e,e,e,e,e,e,e,e,e,e,e,e,e,e,e,e,e,e,e,e,e,e,e,e
e,e,e,e,e,e,e,e,e,e,e,e,e,e,e,e,e,e,e,e,0.62,1.29,2.35,3.38,4.27,4.02,3.11,2.01,1.04,0.36,0.00,e,e,e,e,e,e,e,e,e,e,e,e,e,e,e,e,e,e,e,e,e,e,e,e,e,e,e,e,e,e,e,e,e,e,e,e,e,e,e,e,e,e,e,e,e,e,e,e,e,e,e,e,e,e,e,e,e,e,e,e,e,e,e,e,e,e,e,e,e,e,e,e,e,e,e,e,e,e,e,e,e,e,e,e,e,e,e,e,e,e,e,e,e,e,e,e,e,e,e,e,e,e,e,e,e,e,e,e,0.18,0.24,0.38,e,e,e,e,e,e,e,e,e,e,e,e,e,e,e,e,e,e,e,e,e,e,e,e,e,e,e,e,e,e,e,e,e,e,e,e,e,e,e,e,e,e,e,e,e,e,e,e,e,e,e,e,e,e,e,e,e,e,e,e,e,e,e,e,e,e,e,e,e,e,e,e,e,e,e,e,e,e,e,e,e,e,e,e,e,e,e,e,e,e,e,e,e,e,e,e,e,e,e,e,e,e,e,e,e,e,e,e,e,e,e,e,e,e
e,e,e,e,e,e,e,e,e,e,e,e,e,e,e,e,e,e,e,e,e,1.33,1.69,2.60,3.55,3.79,3.38,2.47,1.64,1.26,e,e,e,e,e,e,e,e,e,e,e,e,e,e,e,e,e,e,e,e,e,e,e,e,e,e,e,e,e,e,e,e,e,e,e,e,e,e,e,e,e,e,e,e,e,e,e,e,e,e,e,e,e,e,e,e,e,e,e,e,e,e,e,e,e,e,e,e,e,e,e,e,e,e,e,e,e,e,e,e,e,e,e,e,e,e,e,e,e,e,e,e,e,e,e,e,e,e,e,e,e,e,e,e,e,e,e,e,e,e,e,e,e,e,e,e,e,e,e,e,e,e,e,e,e,e,e,e,e,e,e,e,e,e,e,e,e,e,e,e,e,e,e,e,e,e,e,e,e,e,e,e,e,e,e,e,e,e,e,e,e,e,e,e,e,e,e,e,e,e,e,e,e,e,e,e,e,e,e,e,e,e,e,e,e,e,e,e,e,e,e,e,e,e,e,e,e,e,e,e,e,e,e,e,e,e,e,e,e,e,e,e,e,e,e,e,e,e,e,e,e,e,e,e,e,e
e,e,e,e,e,e,e,e,e,e,e,e,e,e,e,e,e,e,e,e,e,0.85,1.07,1.97,2.96,3.53,3.51,2.82,2.04,1.58,1.10,e,e,e,e,e,e,e,e,e,e,e,e,e,e,e,e,e,e,e,e,e,e,e,e,e,e,e,e,e,e,e,e,e,e,e,e,e,e,e,e,e,e,e,e,e,e,e,e,e,e,e,e,e,e,e,e,e,e,e,e,e,e,e,e,e,e,e,e,e,e,e,e,e,e,e,e,e,e,e,e,e,e,e,e,e,e,e,e,e,e,e,e,e,e,e,e,e,e,e,e,e,e,e,e,e,e,e,e,e,e,e,e,e,e,e,e,e,e,e,e,e,e,e,e,e,e,e,e,e,e,e,e,e,e,e,e,e,e,e,e,e,e,e,e,e,e,e,e,e,e,e,e,e,e,e,e,e,e,e,e,e,e,e,e,e,e,e,e,e,e,e,e,e,e,e,e,e,e,e,e,e,e,e,e,e,e,e,e,e,e,e,e,e,e,e,e,e,e,e,e,e,e,e,e,e,e,e,e,e,e,e,e,e,e,e,e,e,e,e,e,e,e,e,e,e
e,e,e,e,e,e,e,e,e,e,e,e,e,e,e,e,e,e,e,e,e,0.36,0.60,1.50,2.46,3.24,3.50,3.00,2.20,1.45,1.06,e,e,e,e,e,e,e,e,e,e,e,e,e,e,e,e,e,e,e,e,e,e,e,e,e,e,e,e,e,e,e,e,e,e,e,e,e,e,e,e,e,e,e,e,e,e,e,e,e,e,e,e,e,e,e,e,e,e,e,e,e,e,e,e,e,e,e,e,e,e,e,e,e,e,e,e,e,e,e,e,e,e,e,e,e,e,e,e,e,e,e,e,e,e,e,e,e,e,e,e,e,e,e,e,e,e,e,e,e,e,e,e,e,e,e,e,e,e,e,e,e,e,e,e,e,e,e,e,e,e,e,e,e,e,e,e,e,e,e,e,e,e,e,e,e,e,e,e,e,e,e,e,e,e,e,e,e,e,e,e,e,e,e,e,e,e,e,e,e,e,e,e,e,e,e,e,e,e,e,e,e,e,e,e,e,e,e,e,e,e,e,e,e,e,e,e,e,e,e,e,e,e,e,e,e,e,e,e,e,e,e,e,e,e,e,e,e,e,e,e,e,e,e,e,e
e,e,e,e,e,e,e,e,e,e,e,e,e,e,e,e,e,e,e,e,e,e,e,1.23,2.04,2.87,3.19,2.64,1.87,1.13,0.77,e,e,e,e,e,e,e,e,e,e,e,e,e,e,e,e,e,e,e,e,e,e,e,e,e,e,e,e,e,e,e,e,e,e,e,e,e,e,e,e,e,e,e,e,e,e,e,e,e,e,e,e,e,e,e,e,e,e,e,e,e,e,e,e,e,e,e,e,e,e,e,e,e,e,e,e,e,e,e,e,e,e,e,e,e,e,e,e,e,e,e,e,e,e,e,e,e,e,e,e,e,e,e,e,e,e,e,e,e,e,e,e,e,e,e,e,e,e,e,e,e,e,e,e,e,e,e,e,e,e,e,e,e,e,e,e,e,e,e,e,e,e,e,e,e,e,e,e,e,e,e,e,e,e,e,e,e,e,e,e,e,e,e,e,e,e,e,e,e,e,e,e,e,e,e,e,e,e,e,e,e,e,e,e,e,e,e,e,e,e,e,e,e,e,e,e,e,e,e,e,e,e,e,e,e,e,e,e,e,e,e,e,e,e,e,e,e,e,e,e,e,e,e,e,e
e,e,e,e,e,e,e,e,e,e,e,e,e,e,e,e,e,e,e,e,e,e,e,1.15,1.88,2.65,2.88,2.24,1.49,0.79,0.45,e,e,e,e,e,e,e,e,e,e,e,e,e,e,e,e,e,e,e,e,e,e,e,e,e,e,e,e,e,e,e,e,e,e,e,e,e,e,e,e,e,e,e,e,e,e,e,e,e,e,e,e,e,e,e,e,e,e,e,e,e,e,e,e,e,e,e,e,e,e,e,e,e,e,e,e,e,e,e,e,e,e,e,e,e,e,e,e,e,e,e,e,e,e,e,e,e,e,e,e,e,e,e,e,e,e,e,e,e,e,e,e,e,e,e,e,e,e,e,e,e,e,e,e,e,e,e,e,e,e,e,e,e,e,e,e,e,e,e,e,e,e,e,e,e,e,e,e,e,e,e,e,e,e,e,e,e,e,e,e,e,e,e,e,e,e,e,e,e,e,e,e,e,e,e,e,e,e,e,e,e,e,e,e,e,e,e,e,e,e,e,e,e,e,e,e,e,e,e,e,e,e,e,e,e,e,e,e,e,e,e,e,e,e,e,e,e,e,e,e,e,e,e,e,e
e,e,e,e,e,e,e,e,e,e,e,e,e,e,e,e,e,e,e,e,e,e,e,1.27,2.00,2.62,2.64,1.89,1.13,0.48,0.15,e,e,e,e,e,e,e,e,e,e,e,e,e,e,e,e,e,e,e,e,e,e,e,e,e,e,e,e,e,e,e,e,e,e,e,e,e,e,e,e,e,e,e,e,e,e,e,e,e,e,e,e,e,e,e,e,e,e,e,e,e,e,e,e,e,e,e,e,e,e,e,e,e,e,e,e,e,e,e,e,e,e,e,e,e,e,e,e,e,e,e,e,e,e,e,e,e,e,e,e,e,e,e,e,e,e,e,e,e,e,e,e,e,e,e,e,e,e,e,e,e,e,e,e,e,e,e,e,e,e,e,e,e,e,e,e,e,e,e,e,e,e,e,e,e,e,e,e,e,e,e,e,e,e,e,e,e,e,e,e,e,e,e,e,e,e,e,e,e,e,e,e,e,e,e,e,e,e,e,e,e,e,e,e,e,e,e,e,e,e,e,e,e,e,e,e,e,e,e,e,e,e,e,e,e,e,e,e,e,e,e,e,e,e,e,e,e,e,e,e,e,e,e,e,e
e,e,e,e,e,e,e,e,e,e,e,e,e,e,e,e,e,e,e,e,e,0.50,0.67,1.25,2.10,2.60,2.50,1.72,0.96,0.52,0.10,e,e,e,e,e,e,e,e,e,e,e,e,e,e,e,e,e,e,e,e,e,e,e,e,e,e,e,e,e,e,e,e,e,e,e,e,e,e,e,e,e,e,e,e,e,e,e,e,e,e,e,e,e,e,e,e,e,e,e,e,e,e,e,e,e,e,e,e,e,e,e,e,e,e,e,e,e,e,e,e,e,e,e,e,e,e,e,e,e,e,e,e,e,e,e,e,e,e,e,e,e,e,e,e,e,e,e,e,e,e,e,e,e,e,e,e,e,e,e,e,e,e,e,e,e,e,e,e,e,e,e,e,e,e,e,e,e,e,e,e,e,e,e,e,e,e,e,e,e,e,e,e,e,e,e,e,e,e,e,e,e,e,e,e,e,e,e,e,e,e,e,e,e,e,e,e,e,e,e,e,e,e,e,e,e,e,e,e,e,e,e,e,e,e,e,e,e,e,e,e,e,e,e,e,e,e,e,e,e,e,e,e,e,e,e,e,e,e,e,e,e,e,e,e,e
e,e,e,e,e,e,e,e,e,e,e,e,e,e,e,e,e,e,e,e,e,0.53,0.68,1.32,2.18,2.56,2.37,1.63,0.83,0.64,e,e,e,e,e,e,e,e,e,e,e,e,e,e,e,e,e,e,e,e,e,e,e,e,e,e,e,e,e,e,e,e,e,e,e,e,e,e,e,e,e,e,e,e,e,e,e,e,e,e,e,e,e,e,e,e,e,e,e,e,e,e,e,e,e,e,e,e,e,e,e,e,e,e,e,e,e,e,e,e,e,e,e,e,e,e,e,e,e,e,e,e,e,e,e,e,e,e,e,e,e,e,e,e,e,e,e,e,e,e,e,e,e,e,e,e,e,e,e,e,e,e,e,e,e,e,e,e,e,e,e,e,e,e,e,e,e,e,e,e,e,e,e,e,e,e,e,e,e,e,e,e,e,e,e,e,e,e,e,e,e,e,e,e,e,e,e,e,e,e,e,e,e,e,e,e,e,e,e,e,e,e,e,e,e,e,e,e,e,e,e,e,e,e,e,e,e,e,e,e,e,e,e,e,e,e,e,e,e,e,e,e,e,e,e,e,e,e,e,e,e,e,e,e,e,e
e,e,e,e,e,e,e,e,e,e,e,e,e,e,e,e,e,e,e,e,e,0.58,0.79,1.57,2.21,2.43,2.23,1.59,0.67,0.45,e,e,e,e,e,e,e,e,e,e,e,e,e,e,e,e,e,e,e,e,e,e,e,e,e,e,e,e,e,e,e,e,e,e,e,e,e,e,e,e,e,e,e,e,e,e,e,e,e,e,e,e,e,e,e,e,e,e,e,e,e,e,e,e,e,e,e,e,e,e,e,e,e,e,e,e,e,e,e,e,e,e,e,e,e,e,e,e,e,e,e,e,e,e,e,e,e,e,e,e,e,e,e,e,e,e,e,e,e,e,e,e,e,e,e,e,e,e,e,e,e,e,e,e,e,e,e,e,e,e,e,e,e,e,e,e,e,e,e,e,e,e,e,e,e,e,e,e,e,e,e,e,e,e,e,e,e,e,e,e,e,e,e,e,e,e,e,e,e,e,e,e,e,e,e,e,e,e,e,e,e,e,e,e,e,e,e,e,e,e,e,e,e,e,e,e,e,e,e,e,e,e,e,e,e,e,e,e,e,e,e,e,e,e,e,e,e,e,e,e,e,e,e,e,e,e
e,e,e,e,e,e,e,e,e,e,e,e,e,e,e,e,e,e,e,e,e,0.41,0.55,1.13,1.93,2.03,1.88,1.73,0.59,0.30,e,e,e,e,e,e,e,e,e,e,e,e,e,e,e,e,e,e,e,e,e,e,e,e,e,e,e,e,e,e,e,e,e,e,e,e,e,e,e,e,e,e,e,e,e,e,e,e,e,e,e,e,e,e,e,e,e,e,e,e,e,e,e,e,e,e,e,e,e,e,e,e,e,e,e,e,e,e,e,e,e,e,e,e,e,e,e,e,e,e,e,e,e,e,e,e,e,e,e,e,e,e,e,e,e,e,e,e,e,e,e,e,e,e,e,e,e,e,e,e,e,e,e,e,e,e,e,e,e,e,e,e,e,e,e,e,e,e,e,e,e,e,e,e,e,e,e,e,e,e,e,e,e,e,e,e,e,e,e,e,e,e,e,e,e,e,e,e,e,e,e,e,e,e,e,e,e,e,e,e,e,e,e,e,e,e,e,e,e,e,e,e,e,e,e,e,e,e,e,e,e,e,e,e,e,e,e,e,e,e,e,e,e,e,e,e,e,e,e,e,e,e,e,e,e,e
e,e,e,e,e,e,e,e,e,e,e,e,e,e,e,e,e,e,e,e,e,0.21,0.27,0.60,1.44,1.52,1.57,1.88,0.56,0.21,e,e,e,e,e,e,e,e,e,e,e,e,e,e,e,e,e,e,e,e,e,e,e,e,e,e,e,e,e,e,e,e,e,e,e,e,e,e,e,e,e,e,e,e,e,e,e,e,e,e,e,e,e,e,e,e,e,e,e,e,e,e,e,e,e,e,e,e,e,e,e,e,e,e,e,e,e,e,e,e,e,e,e,e,e,e,e,e,e,e,e,e,e,e,e,e,e,e,e,e,e,e,e,e,e,e,e,e,e,e,e,e,e,e,e,e,e,e,e,e,e,e,e,e,e,e,e,e,e,e,e,e,e,e,e,e,e,e,e,e,e,e,e,e,e,e,e,e,e,e,e,e,e,e,e,e,e,e,e,e,e,e,e,e,e,e,e,e,e,e,e,e,e,e,e,e,e,e,e,e,e,e,e,e,e,e,e,e,e,e,e,e,e,e,e,e,e,e,e,e,e,e,e,e,e,e,e,e,e,e,e,e,e,e,e,e,e,e,e,e,e,e,e,e,e,e
e,e,e,e,e,e,e,e,e,e,e,e,e,e,e,e,e,e,e,e,e,e,e,e,0.46,0.54,e,e,e,e,e,e,e,e,e,e,e,e,e,e,e,e,e,e,e,e,e,e,e,e,e,e,e,e,e,e,e,e,e,e,e,e,e,e,e,e,e,e,e,e,e,e,e,e,e,e,e,e,e,e,e,e,e,e,e,e,e,e,e,e,e,e,e,e,e,e,e,e,e,e,e,e,e,e,e,e,e,e,e,e,e,e,e,e,e,e,e,e,e,e,e,e,e,e,e,e,e,e,e,e,e,e,e,e,e,e,e,e,e,e,e,e,e,e,e,e,e,e,e,e,e,e,e,e,e,e,e,e,e,e,e,e,e,e,e,e,e,e,e,e,e,e,e,e,e,e,e,e,e,e,e,e,e,e,e,e,e,e,e,e,e,e,e,e,e,e,e,e,e,e,e,e,e,e,e,e,e,e,e,e,e,e,e,e,e,e,e,e,e,e,e,e,e,e,e,e,e,e,e,e,e,e,e,e,e,e,e,e,e,e,e,e,e,e,e,e,e,e,e,e,e,e,e,e,e,e
e,e,e,e,e,e,e,e,e,e,e,e,e,e,e,e,e,e,e,e,e,e,e,e,0.00,0.00,e,e,e,e,e,e,e,e,e,e,e,e,e,e,e,e,e,e,e,e,e,e,e,e,e,e,e,e,e,e,e,e,e,e,e,e,e,e,e,e,e,e,e,e,e,e,e,e,e,e,e,e,e,e,e,e,e,e,e,e,e,e,e,e,e,e,e,e,e,e,e,e,e,e,e,e,e,e,e,e,e,e,e,e,e,e,e,e,e,e,e,e,e,e,e,e,e,e,e,e,e,e,e,e,e,e,e,e,e,e,e,e,e,e,e,e,e,e,e,e,e,e,e,e,e,e,e,e,e,e,e,e,e,e,e,e,e,e,e,e,e,e,e,e,e,e,e,e,e,e,e,e,e,e,e,e,e,e,e,e,e,e,e,e,e,e,e,e,e,e,e,e,e,e,e,e,e,e,e,e,e,e,e,e,e,e,e,e,e,e,e,e,e,e,e,e,e,e,e,e,e,e,e,e,e,e,e,e,e,e,e,e,e,e,e,e,e,e,e,e,e,e,e,e,e,e,e,e,e,e
e,e,e,e,e,e,e,e,e,e,e,e,e,e,e,e,e,e,e,e,e,e,e,e,e,e,e,e,e,e,e,e,e,e,e,e,e,e,e,e,e,e,e,e,e,e,e,e,e,e,e,e,e,e,e,e,e,e,e,e,e,e,e,e,e,e,e,e,e,e,e,e,e,e,e,e,e,e,e,e,e,e,e,e,e,e,e,e,e,e,e,e,e,e,e,e,e,e,e,e,e,e,e,e,e,e,e,e,e,e,e,e,e,e,e,e,e,e,e,e,e,e,e,e,e,e,e,e,e,e,e,e,e,e,e,e,e,e,e,e,e,e,e,e,e,e,e,e,e,e,e,e,e,e,e,e,e,e,e,e,e,e,e,e,e,e,e,e,e,e,e,e,e,e,e,e,e,e,e,e,e,e,e,e,e,e,e,e,e,e,e,e,e,e,e,e,e,e,e,e,e,e,e,e,e,e,e,e,e,e,e,e,e,e,e,e,e,e,e,e,e,e,e,e,e,e,e,e,e,e,e,e,e,e,e,e,e,e,e,e,e,e,e,e,e,e,e,e,e,e,e,e,e,e,e,e
e,e,e,e,e,e,e,e,e,e,e,e,e,e,e,e,e,e,e,e,e,e,e,e,e,e,e,e,e,e,e,e,e,e,e,e,e,e,e,e,e,e,e,e,e,e,e,e,e,e,e,e,e,e,e,e,e,e,e,e,e,e,e,e,e,e,e,e,e,e,e,e,e,e,e,e,e,e,e,e,e,e,e,e,e,e,e,e,e,e,e,e,e,e,e,e,e,e,e,e,e,e,e,e,e,e,e,e,e,e,e,e,e,e,e,e,e,e,e,e,e,e,e,e,e,e,e,e,e,e,e,e,e,e,e,e,e,e,e,e,e,e,e,e,e,e,e,e,e,e,e,e,e,e,e,e,e,e,e,e,e,e,e,e,e,e,e,e,e,e,e,e,e,e,e,e,e,e,e,e,e,e,e,e,e,e,e,e,e,e,e,e,e,e,e,e,e,e,e,e,e,e,e,e,e,e,e,e,e,e,e,e,e,e,e,e,e,e,e,e,e,e,e,e,e,e,e,e,e,e,e,e,e,e,e,e,e,e,e,e,e,e,e,e,e,e,e,e,e,e,e,e,e,e,e,e
e,e,e,e,e,e,e,e,e,e,e,e,e,e,e,e,e,e,e,e,e,e,e,e,e,e,e,e,e,e,e,e,e,e,e,e,e,e,e,e,e,e,e,e,e,e,e,e,e,e,e,e,e,e,e,e,e,e,e,e,e,e,e,e,e,e,e,e,e,e,e,e,e,e,e,e,e,e,e,e,e,e,e,e,e,e,e,e,e,e,e,e,e,e,e,e,e,e,e,e,e,e,e,e,e,e,e,e,e,e,e,e,e,e,e,e,e,e,e,e,e,e,e,e,e,e,e,e,e,e,e,e,e,e,e,e,e,e,e,e,e,e,e,e,e,e,e,e,e,e,e,e,e,e,e,e,e,e,e,e,e,e,e,e,e,e,e,e,e,e,e,e,e,e,e,e,e,e,e,e,e,e,e,e,e,e,e,e,e,e,e,e,e,e,e,e,e,e,e,e,e,e,e,e,e,e,e,e,e,e,e,e,e,e,e,e,e,e,e,e,e,e,e,e,e,e,e,e,e,e,e,e,e,e,e,e,e,e,e,e,e,e,e,e,e,e,e,e,e,e,e,e,e,e,e,e
e,e,e,e,e,e,e,e,e,e,e,e,e,e,e,e,e,e,e,e,e,e,e,e,e,e,e,e,e,e,e,e,e,e,e,e,e,e,e,e,e,e,e,e,e,e,e,e,e,e,e,e,e,e,e,e,e,e,e,e,e,e,e,e,e,e,e,e,e,e,e,e,e,e,e,e,e,e,e,e,e,e,e,e,e,e,e,e,e,e,e,e,e,e,e,e,e,e,e,e,e,e,e,e,e,e,e,e,e,e,e,e,e,e,e,e,e,e,e,e,e,e,e,e,e,e,e,e,e,e,e,e,e,e,e,e,e,e,e,e,e,e,e,e,e,e,e,e,e,e,e,e,e,e,e,e,e,e,e,e,e,e,e,e,e,e,e,e,e,e,e,e,e,e,e,e,e,e,e,e,e,e,e,e,e,e,e,e,e,e,e,e,e,e,e,e,e,e,e,e,e,e,e,e,e,e,e,e,e,e,e,e,e,e,1.89,3.62,7.71,e,e,e,e,e,e,e,e,e,e,e,e,e,e,e,e,e,e,e,e,e,e,e,e,e,e,e,e,e,e,e,e,e,e,e,e,e,e,e
e,e,e,e,e,e,e,e,e,e,e,e,e,e,e,e,e,e,e,e,e,e,e,e,e,e,e,e,e,e,e,e,e,e,e,e,e,e,e,e,e,e,e,e,e,e,e,e,e,e,e,e,e,e,e,e,e,e,e,e,e,e,e,e,e,e,e,e,e,e,e,e,e,e,e,e,e,e,e,e,e,e,e,e,e,e,e,e,e,e,e,e,e,e,e,e,e,e,e,e,e,e,e,e,e,e,e,e,e,e,e,e,e,e,e,e,e,e,e,e,e,e,e,e,e,e,e,e,e,e,e,e,e,e,e,e,e,e,e,e,e,e,e,e,e,e,e,e,e,e,e,e,e,e,e,e,e,e,e,e,e,e,e,e,e,e,e,e,e,e,e,e,e,e,e,e,e,e,e,e,e,e,e,e,e,e,e,e,e,e,e,e,e,e,e,e,e,e,e,e,e,e,e,e,e,e,e,e,e,e,e,e,4.60,6.19,6.94,7.76,10.02,11.02,6.96,3.41,2.15,e,e,e,e,e,e,e,e,e,e,e,e,e,e,e,e,e,e,e,e,e,e,e,e,e,e,e,e,e,e,e,e,e,e,e
e,e,e,e,e,e,e,e,e,e,e,e,e,e,e,e,e,e,e,e,e,e,e,e,e,e,e,e,e,e,e,e,e,e,e,e,e,e,e,e,e,e,e,e,e,e,e,e,e,e,e,e,e,e,e,e,e,e,e,e,e,e,e,e,e,e,e,e,e,e,e,e,e,e,e,e,e,e,e,e,e,e,e,e,e,e,e,e,e,e,e,e,e,e,e,e,e,e,e,e,e,e,e,e,e,e,e,e,e,e,e,e,e,e,e,e,e,e,e,e,e,e,e,e,e,e,e,e,e,e,e,e,e,e,e,e,e,e,e,e,e,e,e,e,e,e,e,e,e,e,e,e,e,e,e,e,e,e,e,e,e,e,e,e,e,e,e,e,e,e,e,e,e,e,e,e,e,e,e,e,e,e,e,e,e,e,e,e,e,e,e,e,e,e,e,e,e,e,e,e,e,e,e,e,e,e,e,e,e,e,e,e,6.30,7.74,10.05,11.92,12.32,11.48,7.62,4.23,2.66,e,e,e,e,e,e,e,e,e,e,e,e,e,e,e,e,e,e,e,e,e,e,e,e,e,e,e,e,e,e,e,e,e,e,e
e,e,e,e,e,e,e,e,e,e,e,e,e,e,e,e,e,e,e,e,e,e,e,e,e,e,e,e,e,e,e,e,e,e,e,e,e,e,e,e,e,e,e,e,e,e,e,e,e,e,e,e,e,e,e,e,e,e,e,e,e,e,e,e,e,e,e,e,e,e,e,e,e,e,e,e,e,e,e,e,e,e,e,e,e,e,e,e,e,e,e,e,e,e,e,e,e,e,e,e,e,e,e,e,e,e,e,e,e,e,e,e,e,e,e,e,e,e,e,e,e,e,e,e,e,e,e,e,e,e,e,e,e,e,e,e,e,e,e,e,e,e,e,e,e,e,e,e,e,e,e,e,e,e,e,e,e,e,e,e,e,e,e,e,e,e,e,e,e,e,e,e,e,e,e,e,e,e,e,e,e,e,e,e,e,e,e,e,e,e,e,e,e,e,e,e,e,e,e,e,e,e,e,e,11.21,10.85,10.13,9.16,8.28,7.91,8.26,9.29,10.79,12.24,13.63,14.51,14.25,12.25,9.50,6.58,3.96,2.27,0.98,0.52,e,e,e,e,e,e,e,e,e,e,e,e,e,e,e,e,e,e,e,e,e,e,e,e,e,e,e,e,e,e,e,e
e,e,e,e,e,e,e,e,e,e,e,e,e,e,e,e,e,e,e,e,e,e,e,e,e,e,e,e,e,e,e,e,e,e,e,e,e,e,e,e,e,e,e,e,e,e,e,e,e,e,e,e,e,e,e,e,e,e,e,e,e,e,e,e,e,e,e,e,e,e,e,e,e,e,e,e,e,e,e,e,e,e,e,e,e,e,e,e,e,e,e,e,e,e,e,e,e,e,e,e,e,e,e,e,e,e,e,e,e,e,e,e,e,e,e,e,e,e,e,e,e,e,e,e,e,e,e,e,e,e,e,e,e,e,e,e,e,e,e,e,e,e,e,e,e,e,e,e,e,e,e,e,e,e,e,e,e,e,e,e,e,e,e,e,e,e,e,e,e,e,e,e,e,e,e,e,e,e,e,e,e,e,e,e,e,e,e,e,e,e,e,e,e,e,e,e,e,e,e,e,e,0.10,1.88,7.49,11.82,13.43,14.19,14.19,13.97,13.71,13.57,14.03,15.79,16.85,17.22,16.83,15.38,12.70,9.83,7.18,4.96,3.38,2.11,1.52,1.10,e,e,e,e,e,e,e,e,e,e,e,e,e,e,e,e,e,e,e,e,e,e,e,e,e,e,e,e,e,e,e
e,e,e,e,e,e,e,e,e,e,e,e,e,e,e,e,e,e,e,e,e,e,e,e,e,e,e,e,e,e,e,e,e,e,e,e,e,e,e,e,e,e,e,e,e,e,e,e,e,e,e,e,e,e,e,e,e,e,e,e,e,e,e,e,e,e,e,e,e,e,e,e,e,e,e,e,e,e,e,e,e,e,e,e,e,e,e,e,e,e,e,e,e,e,e,e,e,e,e,e,e,e,e,e,e,e,e,e,e,e,e,e,e,e,e,e,e,e,e,e,e,e,e,e,e,e,e,e,e,e,e,e,e,e,e,e,e,e,e,e,e,e,e,e,e,e,e,e,e,e,e,e,e,e,e,e,e,e,e,e,e,e,e,e,e,e,e,e,e,e,e,e,e,e,e,e,e,e,e,e,e,e,e,e,e,e,e,e,e,e,e,e,e,e,e,e,e,e,e,e,e,0.46,2.10,7.16,11.93,16.00,18.63,19.58,20.01,19.88,19.34,19.09,20.22,20.78,20.32,18.90,16.47,13.32,9.98,7.50,5.99,4.79,3.56,2.29,1.37,e,e,e,e,e,e,e,e,e,e,e,e,e,e,e,e,e,e,e,e,e,e,e,e,e,e,e,e,e,e,e
e,e,e,e,e,e,e,e,e,e,e,e,e,e,e,e,e,e,e,e,e,e,e,e,e,e,e,e,e,e,e,e,e,e,e,e,e,e,e,e,e,e,e,e,e,e,e,e,e,e,e,e,e,e,e,e,e,e,e,e,e,e,e,e,e,e,e,e,e,e,e,e,e,e,e,e,e,e,e,e,e,e,e,e,e,e,e,e,e,e,e,e,e,e,e,e,e,e,e,e,e,e,e,e,e,e,e,e,e,e,e,e,e,e,e,e,e,e,e,e,e,e,e,e,e,e,e,e,e,e,e,e,e,e,e,e,e,e,e,e,e,e,e,e,e,e,e,e,e,e,e,e,e,e,e,e,e,e,e,e,e,e,e,e,e,e,e,e,e,e,e,e,e,e,e,e,e,e,e,e,e,e,e,e,e,e,e,e,e,e,e,e,e,e,e,e,e,e,e,e,e,2.02,3.04,6.29,9.83,15.89,20.20,20.97,21.37,21.35,21.21,21.27,21.95,22.30,21.73,20.39,18.21,14.83,11.23,8.73,7.42,6.14,4.90,3.58,2.36,1.45,e,e,e,e,e,e,e,e,e,e,e,e,e,e,e,e,e,e,e,e,e,e,e,e,e,e,e,e,e,e
e,e,e,e,e,e,e,e,e,e,e,e,e,e,e,e,e,e,e,e,e,e,e,e,e,e,e,e,e,e,e,e,e,e,e,e,e,e,e,e,e,e,e,e,e,e,e,e,e,e,e,e,e,e,e,e,e,e,e,e,e,e,e,e,e,e,e,e,e,e,e,e,e,e,e,e,e,e,e,e,e,e,e,e,e,e,e,e,e,e,e,e,e,e,e,e,e,e,e,e,e,e,e,e,e,e,e,e,e,e,e,e,e,e,e,e,e,e,e,e,e,e,e,e,e,e,e,e,e,e,e,e,e,e,e,e,e,e,e,e,e,e,e,e,e,e,e,e,e,e,e,e,e,e,e,e,e,e,e,e,e,e,e,e,e,e,e,e,e,e,e,e,e,e,e,e,e,e,e,e,e,e,e,e,e,e,e,e,e,e,e,e,e,e,e,e,e,e,e,e,0.90,2.26,3.59,6.01,8.80,15.64,20.70,21.53,22.22,22.55,22.73,22.93,23.30,23.55,23.11,21.95,19.97,17.06,13.71,10.94,9.02,7.55,6.22,4.85,3.47,2.33,2.16,0.94,0.10,e,e,e,e,e,e,e,e,e,e,e,e,e,e,e,e,e,e,e,e,e,e,e,e,e,2.60,2.84
e,e,e,e,e,e,e,e,e,e,e,e,e,e,e,e,e,e,e,e,e,e,e,e,e,e,e,e,e,e,e,e,e,e,e,e,e,e,e,e,e,e,e,e,e,e,e,e,e,e,e,e,e,e,e,e,e,e,e,e,e,e,e,e,e,e,e,e,e,e,e,e,e,e,e,e,e,e,e,e,e,e,e,e,e,e,e,e,e,e,e,e,e,e,e,e,e,e,e,e,e,e,e,e,e,e,e,e,e,e,e,e,e,e,e,e,e,e,e,e,e,e,e,e,e,e,e,e,e,e,e,e,e,e,e,e,e,e,e,e,e,e,e,e,e,e,e,e,e,e,e,e,e,e,e,e,e,e,e,e,e,e,e,e,e,e,e,e,e,e,e,e,e,e,e,e,e,e,e,e,e,e,e,e,e,e,e,e,e,e,e,e,e,e,e,e,e,e,e,e,0.99,2.10,3.95,6.12,8.46,15.00,20.17,21.55,22.66,23.47,23.98,24.28,24.46,24.69,24.48,23.57,21.75,19.63,16.79,13.70,10.88,9.04,7.53,6.08,4.74,3.65,2.58,1.23,0.40,e,e,e,e,e,e,e,e,e,e,e,e,e,e,e,e,e,e,e,e,e,e,e,e,e,3.08,3.64
e,e,e,e,e,e,e,e,e,e,e,e,e,e,e,e,e,e,e,e,e,e,e,e,e,e,e,e,e,e,e,e,e,e,e,e,e,e,e,e,e,e,e,e,e,e,e,e,e,e,e,e,e,e,e,e,e,e,e,e,e,e,e,e,e,e,e,e,e,e,e,e,e,e,e,e,e,e,e,e,e,e,e,e,e,e,e,e,e,e,e,e,e,e,e,e,e,e,e,e,e,e,e,e,e,e,e,e,e,e,e,e,e,e,e,e,e,e,e,e,e,e,e,e,e,e,e,e,e,e,e,e,e,e,e,e,e,e,e,e,e,e,e,e,e,e,e,e,e,e,e,e,e,e,e,e,e,e,e,e,e,e,e,e,e,e,e,e,e,e,e,e,e,e,e,e,e,e,e,e,e,e,e,e,e,e,e,e,e,e,e,e,e,e,e,e,e,e,e,e,1.52,2.64,4.49,6.39,8.31,12.71,17.45,20.91,22.27,23.49,24.60,25.39,25.56,25.78,25.86,25.28,23.67,21.86,19.38,16.48,13.44,10.80,8.84,7.27,6.09,5.38,4.19,2.85,1.78,1.06,e,e,e,e,e,e,e,e,e,e,e,e,e,e,e,e,e,e,e,e,e,e,0.80,2.76,4.78,6.38
e,e,e,e,e,e,e,e,e,e,e,e,e,e,e,e,e,e,e,e,e,e,e,e,e,e,e,e,e,e,e,e,e,e,e,e,e,e,e,e,e,e,e,e,e,e,e,e,e,e,e,e,e,e,e,e,e,e,e,e,e,e,e,e,e,e,e,e,e,e,e,e,e,e,e,e,e,e,e,e,e,e,e,e,e,e,e,e,e,e,e,e,e,e,e,e,e,e,e,e,e,e,e,e,e,e,e,e,e,e,e,e,e,e,e,e,e,e,e,e,e,e,e,e,e,e,e,e,e,e,e,e,e,e,e,e,e,e,e,e,e,e,e,e,e,e,e,e,e,e,e,e,e,e,e,e,e,e,e,e,e,e,e,e,e,e,e,e,e,e,e,e,e,e,e,e,e,e,e,e,e,e,e,e,e,e,e,e,e,e,e,e,e,e,e,e,e,e,e,e,1.83,2.92,4.69,6.41,8.12,11.09,15.32,19.86,21.64,23.15,24.61,25.82,26.38,26.83,27.14,26.86,25.61,23.96,21.71,19.07,16.13,13.01,10.49,8.70,7.60,7.12,6.06,4.76,3.30,1.99,e,e,e,e,e,e,e,e,e,e,e,e,e,e,e,e,e,e,e,e,e,e,1.94,3.93,6.55,9.45
e,e,e,e,e,e,e,e,e,e,e,e,e,e,e,e,e,e,e,e,e,e,e,e,e,e,e,e,e,e,e,e,e,e,e,e,e,e,e,e,e,e,e,e,e,e,e,e,e,e,e,e,e,e,e,e,e,e,e,e,e,e,e,e,e,e,e,e,e,e,e,e,e,e,e,e,e,e,e,e,e,e,e,e,e,e,e,e,e,e,e,e,e,e,e,e,e,e,e,e,e,e,e,e,e,e,e,e,e,e,e,e,e,e,e,e,e,e,e,e,e,e,e,e,e,e,e,e,e,e,e,e,e,e,e,e,e,e,e,e,e,e,e,e,e,e,e,e,e,e,e,e,e,e,e,e,e,e,e,e,e,e,e,e,e,e,e,e,e,e,e,e,e,e,e,e,e,e,e,e,e,e,e,e,e,e,e,e,e,e,e,e,e,e,e,e,e,e,e,e,1.85,2.91,4.54,6.19,7.87,10.34,14.02,18.39,20.80,22.50,24.05,25.54,26.84,27.75,28.28,28.29,27.54,26.01,23.86,21.48,18.88,15.72,12.69,10.61,9.46,8.95,8.10,6.79,5.23,3.62,2.22,0.80,0.17,e,e,e,e,e,e,e,e,e,e,e,e,e,e,e,e,e,1.77,2.12,3.95,6.33,9.22,12.74
e,e,e,e,e,e,e,e,e,e,e,e,e,e,e,e,e,e,e,e,e,e,e,e,e,e,e,e,e,e,e,e,e,e,e,e,e,e,e,e,e,e,e,e,e,e,e,e,e,e,e,e,e,e,e,e,e,e,e,e,e,e,e,e,e,e,e,e,e,e,e,e,e,e,e,e,e,e,e,e,e,e,e,e,e,e,e,e,e,e,e,e,e,e,e,e,e,e,e,e,e,e,e,e,e,e,e,e,e,e,e,e,e,e,e,e,e,e,e,e,e,e,e,e,e,e,e,e,e,e,e,e,e,e,e,e,e,e,e,e,e,e,e,e,e,e,e,e,e,e,e,e,e,e,e,e,e,e,e,e,e,e,e,e,e,e,e,e,e,e,e,e,e,e,e,e,e,e,e,e,e,e,e,e,e,e,e,e,e,e,e,e,e,e,e,e,e,e,e,0.43,1.65,2.96,4.52,6.14,7.75,9.69,12.47,16.11,19.38,21.46,23.13,24.75,26.42,27.90,29.04,29.67,29.45,28.20,26.29,24.18,21.91,19.15,16.43,14.44,13.04,11.84,10.42,8.82,7.13,5.43,3.93,2.37,1.50,0.73,0.10,e,e,e,e,e,e,e,e,e,e,e,e,e,0.90,2.06,3.43,4.23,6.27,9.10,12.71,16.96
e,e,e,e,e,e,e,e,e,e,e,e,e,e,e,e,e,e,e,e,e,e,e,e,e,e,e,e,e,e,e,e,e,e,e,e,e,e,e,e,e,e,e,e,e,e,e,e,e,e,e,e,e,e,e,e,e,e,e,e,e,e,e,e,e,e,e,e,e,e,e,e,e,e,e,e,e,e,e,e,e,e,e,e,e,e,e,e,e,e,e,e,e,e,e,e,e,e,e,e,e,e,e,e,e,e,e,e,e,e,e,e,e,e,e,e,e,e,e,e,e,e,e,e,e,e,e,e,e,e,e,e,e,e,e,e,e,e,e,e,e,e,e,e,e,e,e,e,e,e,e,e,e,e,e,e,e,e,e,e,e,e,e,e,e,e,e,e,e,e,e,e,e,e,e,e,e,e,e,e,e,e,e,e,e,e,e,e,e,e,e,e,e,e,e,e,e,e,e,0.50,1.65,3.09,4.59,6.16,7.67,9.23,11.35,14.32,17.94,20.38,22.25,24.00,25.94,27.93,29.78,31.16,31.58,30.75,29.01,27.04,24.99,22.61,20.25,18.29,16.55,14.74,12.83,10.91,8.99,7.13,5.61,3.94,2.42,1.22,0.58,e,e,e,e,e,e,e,e,e,e,e,e,e,1.88,3.00,4.76,6.74,9.14,12.50,16.68,21.31
e,e,e,e,e,e,e,e,e,e,e,e,e,e,e,e,e,e,e,e,e,e,e,e,e,e,e,e,e,e,e,e,e,e,e,e,e,e,e,e,e,e,e,e,e,e,e,e,e,e,e,e,e,e,e,e,e,e,e,e,e,e,e,e,e,e,e,e,e,e,e,e,e,e,e,e,e,e,e,e,e,e,e,e,e,e,e,e,e,e,e,e,e,e,e,e,e,e,e,e,e,e,e,e,e,e,e,e,e,e,e,e,e,e,e,e,e,e,e,e,e,e,e,e,e,e,e,e,e,e,e,e,e,e,e,e,e,e,e,e,e,e,e,e,e,e,e,e,e,e,e,e,e,e,e,e,e,e,e,e,e,e,e,e,e,e,e,e,e,e,e,e,e,e,e,e,e,e,e,e,e,e,e,e,e,e,e,e,e,e,e,e,e,e,e,e,e,e,e,0.76,1.91,3.34,4.80,6.22,7.63,9.10,11.07,13.76,16.74,19.41,21.59,23.50,25.71,28.07,30.64,32.88,34.09,33.85,32.14,30.08,28.05,25.84,23.63,21.42,19.27,17.25,15.30,13.14,10.81,8.51,6.74,4.99,3.60,2.59,1.82,1.43,1.02,0.61,0.34,0.24,0.22,0.18,0.20,0.53,1.22,1.86,2.48,3.27,4.13,5.62,7.40,9.52,12.85,16.87,21.17,25.49
e,e,e,e,e,e,e,e,e,e,e,e,e,e,e,e,e,e,e,e,e,e,e,e,e,e,e,e,e,e,e,e,e,e,e,e,e,e,e,e,e,e,e,e,e,e,e,e,e,e,e,e,e,e,e,e,e,e,e,e,e,e,e,e,e,e,e,e,e,e,e,e,e,e,e,e,e,e,e,e,e,e,e,e,e,e,e,e,e,e,e,e,e,e,e,e,e,e,e,e,e,e,e,e,e,e,e,e,e,e,e,e,e,e,e,e,e,e,e,e,e,e,e,e,e,e,e,e,e,e,e,e,e,e,e,e,e,e,e,e,e,e,e,e,e,e,e,e,e,e,e,e,e,e,e,e,e,e,e,e,e,e,e,e,e,e,e,e,e,e,e,e,e,e,e,e,e,e,e,e,e,e,e,e,e,e,e,e,e,e,e,e,e,e,e,e,e,e,e,1.06,2.18,3.55,4.93,6.28,7.63,9.04,10.96,13.56,16.36,19.09,21.52,23.77,26.17,28.63,31.80,34.79,36.52,36.64,35.23,33.52,31.69,29.16,26.65,24.25,21.98,19.77,17.57,15.20,12.56,9.85,7.83,6.08,4.78,3.86,3.09,2.35,1.85,1.49,1.21,1.04,1.09,1.13,1.21,1.67,2.29,3.18,4.18,5.13,6.39,8.25,10.52,13.26,16.92,21.09,25.23,29.06
e,e,e,e,e,e,e,e,e,e,e,e,e,e,e,e,e,e,e,e,e,e,e,e,e,e,e,e,e,e,e,e,e,e,e,e,e,e,e,e,e,e,e,e,e,e,e,e,e,e,e,e,e,e,e,e,e,e,e,e,e,e,e,e,e,e,e,e,e,e,e,e,e,e,e,e,e,e,e,e,e,e,e,e,e,e,e,e,e,e,e,e,e,e,e,e,e,e,e,e,e,e,e,e,e,e,e,e,e,e,e,e,e,e,e,e,e,e,e,e,e,e,e,e,e,e,e,e,e,e,e,e,e,e,e,e,e,e,e,e,e,e,e,e,e,e,e,e,e,e,e,e,e,e,e,e,e,e,e,e,e,e,e,e,e,e,e,e,e,e,e,e,e,e,e,e,e,e,e,e,e,e,e,e,e,e,e,e,e,e,e,e,e,e,e,e,e,e,e,1.39,2.48,3.78,5.08,6.39,7.71,9.09,11.00,13.61,16.37,19.13,21.80,24.39,27.01,29.79,33.52,36.99,38.95,39.32,38.39,37.15,35.58,32.77,29.76,27.05,24.61,22.23,19.75,17.18,14.30,11.24,8.91,7.18,5.96,5.06,4.32,3.45,2.94,2.62,2.33,2.08,2.23,2.37,2.50,3.07,3.70,4.82,6.17,7.33,8.87,11.17,14.05,17.46,21.28,25.25,28.97,32.19
e,e,e,e,e,e,e,e,e,e,e,e,e,e,e,e,e,e,e,e,e,e,e,e,e,e,e,e,e,e,e,e,e,e,e,e,e,e,e,e,e,e,e,e,e,e,e,e,e,e,e,e,e,e,e,e,e,e,e,e,e,e,e,e,e,e,e,e,e,e,e,e,e,e,e,e,e,e,e,e,e,e,e,e,e,e,e,e,e,e,e,e,e,e,e,e,e,e,e,e,e,e,e,e,e,e,e,e,e,e,e,e,e,e,e,e,e,e,e,e,e,e,e,e,e,e,e,e,e,e,e,e,e,e,e,e,e,e,e,e,e,e,e,e,e,e,e,e,e,e,e,e,e,e,e,e,e,e,e,e,e,e,e,e,e,e,e,e,e,e,e,e,e,e,e,e,e,e,e,e,e,e,e,e,e,e,e,e,e,e,e,e,e,e,e,e,e,0.90,1.07,1.75,2.88,4.10,5.33,6.64,7.96,9.37,11.35,14.03,16.76,19.71,22.60,25.40,28.39,32.41,36.67,39.97,41.41,41.95,41.76,41.04,39.67,37.15,33.52,30.04,27.04,24.53,21.89,19.10,16.09,12.90,10.01,8.30,7.13,6.18,5.31,4.55,4.05,3.70,3.40,3.12,3.36,3.58,3.68,4.20,5.13,6.21,7.45,9.11,11.76,14.96,18.45,22.19,26.21,29.42,32.12,34.55
e,e,e,e,e,e,e,e,e,e,e,e,e,e,e,e,e,e,e,e,e,e,e,e,e,e,e,e,e,e,e,e,e,e,e,e,e,e,e,e,e,e,e,e,e,e,e,e,e,e,e,e,e,e,e,e,e,e,e,e,e,e,e,e,e,e,e,e,e,e,e,e,e,e,e,e,e,e,e,e,e,e,e,e,e,e,e,e,e,e,e,e,e,e,e,e,e,e,e,e,e,e,e,e,e,e,e,e,e,e,e,e,e,e,e,e,e,e,e,e,e,e,e,e,e,e,e,e,e,e,e,e,e,e,e,e,e,e,e,e,e,e,e,e,e,e,e,e,e,e,e,e,e,e,e,e,e,e,e,e,e,e,e,e,e,e,e,e,e,e,e,e,e,1.54,2.99,3.90,e,e,e,e,e,e,e,e,e,e,e,e,e,e,e,e,e,e,e,e,1.10,1.45,1.79,2.45,3.43,4.52,5.70,6.98,8.26,9.75,11.84,14.60,17.37,20.64,23.90,27.13,30.71,35.24,39.18,42.00,43.48,44.47,44.78,44.27,42.85,40.48,37.21,33.33,29.44,26.21,23.47,20.84,18.02,14.90,11.74,9.58,8.19,7.23,6.33,5.66,5.15,4.75,4.44,4.17,4.41,4.70,4.91,5.35,6.35,7.45,8.85,11.18,14.46,18.31,22.31,26.23,29.86,32.76,35.17,37.43
e,e,e,e,e,e,e,e,e,e,e,e,e,e,e,e,e,e,e,e,e,e,e,e,e,e,e,e,e,e,e,e,e,e,e,e,e,e,e,e,e,e,e,e,e,e,e,e,e,e,e,e,e,e,e,e,e,e,e,e,e,e,e,e,e,e,e,e,e,e,e,e,e,e,e,e,e,e,e,e,e,e,e,e,e,e,e,e,e,e,e,e,e,e,e,e,e,e,e,e,e,e,e,e,e,e,e,e,e,e,e,e,e,e,e,e,e,e,e,e,e,e,e,e,e,e,e,e,e,e,e,e,e,e,e,e,e,e,e,e,e,e,e,e,e,e,e,e,e,e,e,e,e,e,e,e,e,e,e,e,e,e,e,e,e,e,e,e,e,e,e,e,e,2.57,3.85,4.54,e,e,e,e,e,e,e,e,e,e,e,e,e,e,e,e,e,e,e,e,1.40,1.96,2.92,3.46,4.13,5.04,6.14,7.38,8.61,10.23,12.45,15.27,18.09,21.76,25.51,29.27,33.45,37.96,41.18,43.47,45.27,46.81,47.53,47.08,45.45,43.11,40.57,36.59,31.83,27.57,24.76,22.45,19.98,17.07,13.82,11.03,9.25,8.24,7.36,6.75,6.23,5.79,5.47,5.24,5.42,5.77,6.13,6.51,7.46,8.63,10.36,13.30,16.89,21.27,25.71,29.65,32.72,35.56,38.17,40.70
e,e,e,e,e,e,e,e,e,e,e,e,e,e,e,e,e,e,e,e,e,e,e,e,e,e,e,e,e,e,e,e,e,e,e,e,e,e,e,e,e,e,e,e,e,e,e,e,e,e,e,e,e,e,e,e,e,e,e,e,e,e,e,e,e,e,e,e,e,e,e,e,e,e,e,e,e,e,e,e,e,e,e,e,e,e,e,e,e,e,e,e,e,e,e,e,e,e,e,e,e,e,e,e,e,e,e,e,e,e,e,e,e,e,e,e,e,e,e,e,e,e,e,e,e,e,e,e,e,e,e,e,e,e,e,e,e,e,e,e,e,e,e,e,e,e,e,e,e,e,e,e,e,e,e,e,e,e,e,e,e,e,e,e,e,e,e,e,e,e,e,e,e,8.25,8.66,6.11,0.30,e,e,e,e,e,e,e,e,e,e,e,e,e,e,e,e,e,0.64,1.90,2.70,3.44,4.34,4.98,5.16,5.73,6.68,7.82,9.05,10.93,13.33,16.07,18.83,22.88,27.22,31.53,35.86,39.70,42.53,44.76,46.73,48.50,49.82,49.58,47.69,45.17,42.61,39.02,34.27,28.91,26.19,23.98,21.71,19.11,15.90,12.88,10.64,9.21,8.37,7.78,7.32,6.88,6.50,6.25,6.44,6.81,7.23,7.65,8.56,10.02,12.07,14.97,18.56,23.57,28.37,32.03,35.02,38.00,41.11,44.35
e,e,e,e,e,e,e,e,e,e,e,e,e,e,e,e,e,e,e,e,e,e,e,e,e,e,e,e,e,e,e,e,e,e,e,e,e,e,e,e,e,e,e,e,e,e,e,e,e,e,e,e,e,e,e,e,e,e,e,e,e,e,e,e,e,e,e,e,e,e,e,e,e,e,e,e,e,e,e,e,e,e,e,e,e,e,e,e,e,e,e,e,e,e,e,e,e,e,e,e,e,e,e,e,e,e,e,e,e,e,e,e,e,e,e,e,e,e,e,e,e,e,e,e,e,e,e,e,e,e,e,e,e,e,e,e,e,e,e,e,e,e,e,e,e,e,e,e,e,e,e,e,e,e,e,e,e,e,e,e,e,e,e,e,e,e,e,e,e,e,e,e,e,11.69,12.13,8.83,3.83,e,e,e,e,e,e,e,e,e,e,e,e,e,e,e,e,e,1.58,2.75,4.03,5.10,5.92,6.54,6.49,6.68,7.33,8.41,9.65,11.67,14.14,16.86,19.76,24.18,29.00,33.72,38.02,41.25,43.78,46.03,48.16,50.14,51.91,51.71,49.45,46.81,44.18,41.06,36.75,30.95,27.76,25.40,23.18,20.77,17.79,14.82,12.43,10.71,9.62,8.88,8.36,7.93,7.52,7.30,7.48,7.84,8.32,8.86,9.99,11.71,13.92,16.71,20.31,25.35,30.09,33.62,36.77,40.06,43.61,47.31
e,e,e,e,e,e,e,e,e,e,e,e,e,e,e,e,e,e,e,e,e,e,e,e,e,e,e,e,e,e,e,e,e,e,e,e,e,e,e,e,e,e,e,e,e,e,e,e,e,e,e,e,e,e,e,e,e,e,e,e,e,e,e,e,e,e,e,e,e,e,e,e,e,e,e,e,e,e,e,e,e,e,e,e,e,e,e,e,e,e,e,e,e,e,e,e,e,e,e,e,e,e,e,e,e,e,e,e,e,e,e,e,e,e,e,e,e,e,e,e,e,e,e,e,e,e,e,e,e,e,e,e,e,e,e,e,e,e,e,e,e,e,e,e,e,e,e,e,e,e,e,e,e,e,e,e,e,e,e,e,e,e,e,e,e,e,e,e,e,e,e,e,7.55,12.64,13.92,12.54,10.31,e,e,e,e,e,e,e,e,e,e,e,e,e,e,1.49,2.26,3.07,3.37,4.39,5.70,6.83,7.65,8.16,8.08,7.90,8.10,9.12,10.40,12.40,14.85,17.63,20.86,25.64,30.83,35.80,39.94,42.69,45.03,47.31,49.63,51.87,53.89,53.55,50.86,48.12,45.47,42.80,39.19,33.74,29.52,26.75,24.45,22.09,19.49,16.79,14.53,12.70,11.11,10.09,9.42,8.93,8.56,8.38,8.53,8.90,9.43,10.20,11.77,13.68,15.87,18.62,22.29,26.78,31.05,34.61,38.04,41.74,45.58,49.45
e,e,e,e,e,e,e,e,e,e,e,e,e,e,e,e,e,e,e,e,e,e,e,e,e,e,e,e,e,e,e,e,e,e,e,e,e,e,e,e,e,e,e,e,e,e,e,e,e,e,e,e,e,e,e,e,e,e,e,e,e,e,e,e,e,e,e,e,e,e,e,e,e,e,e,e,e,e,e,e,e,e,e,e,e,e,e,e,e,e,e,e,e,e,e,e,e,e,e,e,e,e,e,e,e,e,e,e,e,e,e,e,e,e,e,e,e,e,e,e,e,e,e,e,e,e,e,e,e,e,e,e,e,e,e,e,e,e,e,e,e,e,e,e,e,e,e,e,e,e,e,e,e,e,e,e,e,e,e,e,e,e,e,e,e,e,e,e,e,e,10.30,10.91,11.41,14.86,16.23,15.22,12.60,9.07,5.06,2.35,0.84,0.42,0.16,0.10,0.13,0.27,0.65,1.09,1.86,2.87,3.79,3.63,4.31,5.00,5.25,6.13,7.38,8.66,9.73,10.20,9.82,9.25,9.08,9.82,11.09,13.20,15.66,18.42,22.03,26.98,32.55,37.78,41.31,43.93,46.33,48.79,51.40,54.08,56.07,55.64,52.79,49.64,46.87,44.24,41.23,37.10,31.96,28.51,25.92,23.54,21.09,18.58,16.32,14.40,12.86,11.67,10.82,10.17,9.69,9.47,9.71,10.21,10.96,12.10,13.71,15.63,17.92,20.92,24.92,28.88,32.53,35.87,39.19,42.85,46.69,50.75
e,e,e,e,e,e,e,e,e,e,e,e,e,e,e,e,e,e,e,e,e,e,e,e,e,e,e,e,e,e,e,e,e,e,e,e,e,e,e,e,e,e,e,e,e,e,e,e,e,e,e,e,e,e,e,e,e,e,e,e,e,e,e,e,e,e,e,e,e,e,e,e,e,e,e,e,e,e,e,e,e,e,e,e,e,e,e,e,e,e,e,e,e,e,e,e,e,e,e,e,e,e,e,e,e,e,e,e,e,e,e,e,e,e,e,e,e,e,e,e,e,e,e,e,e,e,e,e,e,e,e,e,e,e,e,e,e,e,e,e,e,e,e,e,e,e,e,e,e,e,e,e,e,e,e,e,e,e,e,e,e,e,e,e,e,e,e,e,e,e,10.07,12.07,14.97,17.24,18.40,17.52,14.55,10.34,6.47,3.66,1.88,1.13,0.88,0.78,0.74,0.83,1.26,1.86,2.69,3.70,4.82,5.86,6.72,7.17,7.24,7.94,9.25,10.78,12.14,12.64,12.07,11.27,10.76,10.95,11.80,13.84,16.27,18.98,22.85,27.90,33.84,39.35,42.14,44.68,47.17,49.78,52.73,56.13,58.20,57.94,55.41,51.91,48.74,45.92,43.24,40.13,34.92,30.81,27.69,25.19,22.77,20.36,18.06,16.05,14.62,13.32,12.34,11.60,11.08,10.86,11.17,11.78,12.68,14.04,15.63,17.63,20.23,23.70,27.78,31.23,34.37,37.45,40.60,44.13,47.92,52.11
e,e,e,e,e,e,e,e,e,e,e,e,e,e,e,e,e,e,e,e,e,e,e,e,e,e,e,e,e,e,e,e,e,e,e,e,e,e,e,e,e,e,e,e,e,e,e,e,e,e,e,e,e,e,e,e,e,e,e,e,e,e,e,e,e,e,e,e,e,e,e,e,e,e,e,e,e,e,e,e,e,e,e,e,e,e,e,e,e,e,e,e,e,e,e,e,e,e,e,e,e,e,e,e,e,e,e,e,e,e,e,e,e,e,e,e,e,e,e,e,e,e,e,e,e,e,e,e,e,e,e,e,e,e,e,e,e,e,e,e,e,e,e,e,e,e,e,e,e,e,e,e,e,e,e,e,e,e,e,e,e,e,e,e,e,e,e,e,e,1.13,7.50,13.83,17.13,19.41,20.09,19.48,17.54,13.87,10.24,7.13,4.63,3.04,2.81,2.60,2.37,2.33,2.91,3.92,4.92,5.96,7.39,8.52,9.14,9.36,9.38,9.88,11.47,13.36,14.97,15.63,15.17,14.38,13.57,12.90,12.62,14.24,16.52,19.12,23.02,28.11,34.43,40.20,42.20,44.64,47.18,49.88,53.16,57.69,60.10,60.50,58.94,55.38,51.38,48.13,45.38,42.39,38.48,33.90,29.93,27.12,24.63,22.16,19.80,17.72,16.32,14.95,13.97,13.29,12.87,12.75,13.08,13.69,14.57,15.85,17.46,19.74,22.93,27.16,30.80,33.81,36.63,39.51,42.55,45.90,49.66,53.88
e,e,e,e,e,e,e,e,e,e,e,e,e,e,e,e,e,e,e,e,e,e,e,e,e,e,e,e,e,e,e,e,e,e,e,e,e,e,e,e,e,e,e,e,e,e,e,e,e,e,e,e,e,e,e,e,e,e,e,e,e,e,e,e,e,e,e,e,e,e,e,e,e,e,e,e,e,e,e,e,e,e,e,e,e,e,e,e,e,e,e,e,e,e,e,e,e,e,e,e,e,e,e,e,e,e,e,e,e,e,e,e,e,e,e,e,e,e,e,e,e,e,e,e,e,e,e,e,e,e,e,e,e,e,e,e,e,e,e,e,e,e,e,e,e,e,e,e,e,e,e,e,e,e,e,e,e,e,e,e,e,e,e,e,e,e,e,e,e,5.19,9.61,14.95,18.23,20.31,20.95,20.61,19.31,16.50,12.59,9.15,6.52,4.91,4.61,4.21,3.84,3.82,4.49,5.46,6.66,8.13,9.96,11.29,11.88,11.97,11.92,12.58,14.29,16.18,17.82,18.88,18.83,18.09,17.05,15.95,14.95,15.21,16.59,19.16,22.88,27.54,33.50,39.26,41.86,44.19,46.64,49.42,52.89,57.67,60.65,61.63,60.68,57.96,54.21,50.70,47.55,44.53,41.22,37.03,32.88,29.37,26.54,23.97,21.59,19.48,17.92,16.57,15.64,15.02,14.67,14.68,15.01,15.62,16.52,17.75,19.42,21.87,25.26,29.63,33.09,36.08,39.06,42.17,45.19,48.23,51.52,55.24
e,e,e,e,e,e,e,e,e,e,e,e,e,e,e,e,e,e,e,e,e,e,e,e,e,e,e,e,e,e,e,e,e,e,e,e,e,e,e,e,e,e,e,e,e,e,e,e,e,e,e,e,e,e,e,e,e,e,e,e,e,e,e,e,e,e,e,e,e,e,e,e,e,e,e,e,e,e,e,e,e,e,e,e,e,e,e,e,e,e,e,e,e,e,e,e,e,e,e,e,e,e,e,e,e,e,e,e,e,e,e,e,e,e,e,e,e,e,e,e,e,e,e,e,e,e,e,e,e,e,e,e,e,e,e,e,e,e,e,e,e,e,e,e,e,e,e,e,e,e,e,e,e,e,e,e,e,e,e,e,e,e,e,e,e,e,e,e,e,8.92,11.70,15.57,18.81,20.72,21.53,21.51,20.67,18.71,14.78,11.09,8.31,6.77,6.28,5.70,5.26,5.29,5.99,6.84,8.32,10.40,12.73,14.21,14.77,14.76,14.62,15.38,17.11,19.02,20.82,22.46,22.95,22.38,21.16,19.63,17.88,16.61,16.87,19.12,22.52,26.69,32.00,37.52,41.19,43.45,45.83,48.63,52.18,57.14,60.80,62.45,62.02,60.03,56.73,53.11,49.64,46.58,43.55,39.91,35.83,31.66,28.37,25.72,23.38,21.25,19.48,18.19,17.34,16.78,16.50,16.61,16.95,17.54,18.43,19.67,21.51,24.06,27.43,31.63,35.09,38.28,41.59,45.02,48.00,50.71,53.50,56.68
e,e,e,e,e,e,e,e,e,e,e,e,e,e,e,e,e,e,e,e,e,e,e,e,e,e,e,e,e,e,e,e,e,e,e,e,e,e,e,e,e,e,e,e,e,e,e,e,e,e,e,e,e,e,e,e,e,e,e,e,e,e,e,e,e,e,e,e,e,e,e,e,e,e,e,e,e,e,e,e,e,e,e,e,e,e,e,e,e,e,e,e,e,e,e,e,e,e,e,e,e,e,e,e,e,e,e,e,e,e,e,e,e,e,e,e,e,e,e,e,e,e,e,e,e,e,e,e,e,e,e,e,e,e,e,e,e,e,e,e,e,e,e,e,e,e,e,e,e,e,e,e,e,e,e,e,e,e,e,e,e,e,e,e,e,e,e,e,e,8.02,11.08,15.30,18.75,20.78,22.07,22.46,21.90,20.43,17.73,14.09,10.63,8.61,7.67,7.04,6.68,6.73,7.30,8.20,10.16,13.05,16.07,17.47,17.86,17.70,17.37,17.76,19.36,21.66,24.31,26.81,28.03,27.90,26.63,24.23,21.22,18.88,17.93,18.91,21.78,25.65,30.12,35.01,39.85,42.26,44.66,47.35,50.71,56.45,61.00,63.56,63.78,61.36,58.14,54.70,51.39,48.42,45.41,41.99,38.08,33.80,29.87,27.31,25.13,22.98,21.00,19.80,19.06,18.60,18.40,18.52,18.90,19.42,20.19,21.59,23.85,26.46,29.47,33.17,36.89,40.54,44.26,47.88,50.65,53.16,55.75,58.71
e,e,e,e,e,e,e,e,e,e,e,e,e,e,e,e,e,e,e,e,e,e,e,e,e,e,e,e,e,e,e,e,e,e,e,e,e,e,e,e,e,e,e,e,e,e,e,e,e,e,e,e,e,e,e,e,e,e,e,e,e,e,e,e,e,e,e,e,e,e,e,e,e,e,e,e,e,e,e,e,e,e,e,e,e,e,e,e,e,e,e,e,e,e,e,e,e,e,e,e,e,e,e,e,e,e,e,e,e,e,e,e,e,e,e,e,e,e,e,e,e,e,e,e,e,e,e,e,e,e,e,e,e,e,e,e,e,e,e,e,e,e,e,e,e,e,e,e,e,e,e,e,e,e,e,e,e,e,e,e,e,e,e,e,e,e,e,e,e,7.70,11.22,14.26,17.79,20.41,22.02,22.96,23.13,21.95,20.02,16.93,13.49,10.82,9.27,8.49,8.15,8.21,8.72,10.08,12.63,16.00,19.25,20.63,21.03,20.83,20.28,20.27,21.36,23.53,26.43,29.16,31.12,31.43,30.35,28.10,25.20,22.00,19.70,19.30,21.45,24.80,28.51,32.62,37.49,40.82,43.73,46.68,50.40,56.91,61.77,64.77,65.45,62.70,59.56,56.33,53.16,50.21,47.15,43.74,39.77,35.26,30.85,28.16,26.03,24.06,22.46,21.38,20.65,20.21,20.08,20.12,20.39,20.87,21.69,23.16,25.18,27.57,30.52,34.39,38.45,42.48,46.43,50.06,52.85,55.46,58.25,61.39
e,e,e,e,e,e,e,e,e,e,e,e,e,e,e,e,e,e,e,e,e,e,e,e,e,e,e,e,e,e,e,e,e,e,e,e,e,e,e,e,e,e,e,e,e,e,e,e,e,e,e,e,e,e,e,e,e,e,e,e,e,e,e,e,e,e,e,e,e,e,e,e,e,e,e,e,e,e,e,e,e,e,e,e,e,e,e,e,e,e,e,e,e,e,e,e,e,e,e,e,e,e,e,e,e,e,e,e,e,e,e,e,e,e,e,e,e,e,e,e,e,e,e,e,e,e,e,e,e,e,e,e,e,e,e,e,e,e,e,e,e,e,e,e,e,e,e,e,e,e,e,e,e,e,e,e,e,e,e,e,e,e,e,e,e,e,e,e,e,e,10.50,12.18,16.20,19.63,21.56,23.08,24.11,23.35,21.88,19.52,16.54,13.39,11.27,10.20,9.76,9.80,10.24,12.25,15.32,18.89,22.14,23.71,24.27,24.11,23.36,22.96,23.31,24.98,27.74,30.41,33.04,33.86,33.13,31.45,29.20,25.46,22.04,20.38,21.49,24.20,27.24,30.61,34.93,39.33,42.99,46.40,50.67,58.16,63.19,66.26,67.12,64.23,61.19,58.05,54.94,51.98,48.88,45.33,41.16,36.37,31.67,28.72,26.59,24.94,23.90,22.95,22.17,21.69,21.60,21.53,21.64,22.10,23.05,24.55,26.07,28.12,31.10,35.39,39.75,44.08,48.15,51.70,54.63,57.50,60.63,64.07
e,e,e,e,e,e,e,e,e,e,e,e,e,e,e,e,e,e,e,e,e,e,e,e,e,e,e,e,e,e,e,e,e,e,e,e,e,e,e,e,e,e,e,e,e,e,e,e,e,e,e,e,e,e,e,e,e,e,e,e,e,e,e,e,e,e,e,e,e,e,e,e,e,e,e,e,e,e,e,e,e,e,e,e,e,e,e,e,e,e,e,e,e,e,e,e,e,e,e,e,e,e,e,e,e,e,e,e,e,e,e,e,e,e,e,e,e,e,e,e,e,e,e,e,e,e,e,e,e,e,e,e,e,e,e,e,e,e,e,e,e,e,e,e,e,e,e,e,e,e,e,e,e,e,e,e,e,e,e,e,e,e,e,e,e,e,e,e,e,e,4.37,7.17,13.83,18.07,20.56,22.46,24.03,24.66,23.37,21.42,19.18,16.70,14.54,12.86,11.91,11.76,12.01,14.42,17.55,20.85,24.24,26.68,27.61,27.51,26.79,26.23,25.65,26.35,28.55,31.34,34.40,35.88,35.74,34.21,31.87,28.53,25.35,23.13,22.25,24.26,26.95,29.90,33.81,38.17,42.48,46.42,50.90,60.16,66.04,68.83,68.95,66.57,63.57,60.11,56.68,53.78,50.79,46.98,42.51,37.60,32.97,29.67,27.60,26.36,25.41,24.48,23.64,23.08,22.96,22.88,22.90,23.40,24.48,25.91,27.32,29.11,31.84,36.12,40.46,44.91,49.05,52.58,55.64,58.75,61.99,65.40
e,e,e,e,e,e,e,e,e,e,e,e,e,e,e,e,e,e,e,e,e,e,e,e,e,e,e,e,e,e,e,e,e,e,e,e,e,e,e,e,e,e,e,e,e,e,e,e,e,e,e,e,e,e,e,e,e,e,e,e,e,e,e,e,e,e,e,e,e,e,e,e,e,e,e,e,e,e,e,e,e,e,e,e,e,e,e,e,e,e,e,e,e,e,e,e,e,e,e,e,e,e,e,e,e,e,e,e,e,e,e,e,e,e,e,e,e,e,e,e,e,e,e,e,e,e,e,e,e,e,e,e,e,e,e,e,e,e,e,e,e,e,e,e,e,e,e,e,e,e,e,e,e,e,e,e,e,e,e,e,e,e,e,e,e,e,e,e,e,e,1.20,4.52,10.57,15.47,19.18,21.82,23.74,25.30,24.62,23.03,21.19,19.32,17.35,15.46,14.28,13.97,13.89,16.05,18.95,22.19,26.00,29.48,31.24,31.61,30.93,29.69,28.20,28.06,29.70,32.64,36.02,37.97,38.24,36.83,34.31,31.13,28.07,25.54,23.66,24.67,26.75,29.35,32.88,37.14,41.74,46.10,51.11,61.31,67.59,70.40,70.53,68.81,66.20,62.53,58.66,55.57,52.61,49.02,44.60,39.47,34.70,30.99,28.79,27.66,26.74,25.84,25.00,24.47,24.40,24.34,24.31,24.61,25.41,26.76,28.14,29.93,32.61,36.71,41.03,45.42,49.48,53.01,56.21,59.50,62.85,66.24
e,e,e,e,e,e,e,e,e,e,e,e,e,e,e,e,e,e,e,e,e,e,e,e,e,e,e,e,e,e,e,e,e,e,e,e,e,e,e,e,e,e,e,e,e,e,e,e,e,e,e,e,e,e,e,e,e,e,e,e,e,e,e,e,e,e,e,e,e,e,e,e,e,e,e,e,e,e,e,e,e,e,e,e,e,e,e,e,e,e,e,e,e,e,e,e,e,e,e,e,e,e,e,e,e,e,e,e,e,e,e,e,e,e,e,e,e,e,e,e,e,e,e,e,e,e,e,e,e,e,e,e,e,e,e,e,e,e,e,e,e,e,e,e,e,e,e,e,e,e,e,e,e,e,e,e,e,e,e,e,e,e,e,e,e,e,e,e,e,e,e,e,6.59,12.06,17.40,21.10,23.34,25.30,25.63,24.44,22.68,21.20,19.58,17.90,16.78,16.32,15.84,17.20,19.71,23.12,27.54,32.10,34.99,36.16,35.50,33.35,31.08,30.21,31.31,34.27,37.84,40.05,40.58,39.31,36.65,33.35,30.14,27.45,25.58,25.38,26.60,28.87,32.04,36.24,40.80,45.46,51.18,61.37,67.58,70.78,71.76,70.83,68.90,65.26,60.97,57.44,54.39,51.39,47.34,41.96,36.81,32.70,30.16,28.82,27.87,27.02,26.27,25.87,25.92,25.92,25.87,25.78,25.96,27.18,28.55,30.58,33.43,37.24,41.50,45.68,49.56,53.08,56.41,59.83,63.29,66.72
e,e,e,e,e,e,e,e,e,e,e,e,e,e,e,e,e,e,e,e,e,e,e,e,e,e,e,e,e,e,e,e,e,e,e,e,e,e,e,e,e,e,e,e,e,e,e,e,e,e,e,e,e,e,e,e,e,e,e,e,e,e,e,e,e,e,e,e,e,e,e,e,e,e,e,e,e,e,e,e,e,e,e,e,e,e,e,e,e,e,e,e,e,e,e,e,e,e,e,e,e,e,e,e,e,e,e,e,e,e,e,e,e,e,e,e,e,e,e,e,e,e,e,e,e,e,e,e,e,e,e,e,e,e,e,e,e,e,e,e,e,e,e,e,e,e,e,e,e,e,e,e,e,e,e,e,e,e,e,e,e,e,e,e,e,e,e,e,e,e,e,e,4.13,9.02,14.88,19.54,22.68,25.08,26.47,25.83,24.22,22.87,21.48,20.14,19.07,18.34,17.81,18.56,20.90,24.56,29.17,34.38,37.74,39.22,38.91,37.54,35.02,33.43,33.63,35.77,38.84,41.30,42.33,41.19,38.81,35.55,32.13,29.15,27.38,26.45,27.03,28.90,31.64,35.78,40.27,44.92,50.52,59.61,66.02,70.02,72.02,72.27,70.96,67.99,64.07,60.01,56.67,53.55,49.76,44.83,39.16,35.05,32.12,30.06,28.86,28.07,27.53,27.31,27.50,27.52,27.42,27.24,27.20,27.84,29.09,31.41,34.53,38.07,41.75,45.63,49.44,52.98,56.33,59.77,63.30,66.80
e,e,e,e,e,e,e,e,e,e,e,e,e,e,e,e,e,e,e,e,e,e,e,e,e,e,e,e,e,e,e,e,e,e,e,e,e,e,e,e,e,e,e,e,e,e,e,e,e,e,e,e,e,e,e,e,e,e,e,e,e,e,e,e,e,e,e,e,e,e,e,e,e,e,e,e,e,e,e,e,e,e,e,e,e,e,e,e,e,e,e,e,e,e,e,e,e,e,e,e,e,e,e,e,e,e,e,e,e,e,e,e,e,e,e,e,e,e,e,e,e,e,e,e,e,e,e,e,e,e,e,e,e,e,e,e,e,e,e,e,e,e,e,e,e,e,e,e,e,e,e,e,e,e,e,e,e,e,e,e,e,e,e,e,e,e,e,e,e,e,e,e,2.90,6.85,12.38,17.81,22.15,25.03,27.29,27.22,25.86,24.59,23.41,22.33,21.31,20.41,20.00,20.49,22.68,26.34,30.95,36.41,39.80,41.31,41.34,40.63,38.44,36.59,36.03,37.24,39.69,42.20,43.69,43.00,40.85,37.75,34.31,31.08,29.05,27.70,27.79,29.21,31.63,35.55,39.91,44.47,49.81,57.65,64.22,69.03,72.10,73.45,72.66,70.41,67.10,62.97,59.40,56.06,52.40,47.90,42.08,37.81,34.50,31.97,30.55,29.65,29.20,29.20,29.60,29.64,29.35,28.90,28.51,28.75,30.29,32.92,36.11,39.28,42.25,45.67,49.28,52.83,56.20,59.64,63.14,66.56
e,e,e,e,e,e,e,e,e,e,e,e,e,e,e,e,e,e,e,e,e,e,e,e,e,e,e,e,e,e,e,e,e,e,e,e,e,e,e,e,e,e,e,e,e,e,e,e,e,e,e,e,e,e,e,e,e,e,e,e,e,e,e,e,e,e,e,e,e,e,e,e,e,e,e,e,e,e,e,e,e,e,e,e,e,e,e,e,e,e,e,e,e,e,e,e,e,e,e,e,e,e,e,e,e,e,e,e,e,e,e,e,e,e,e,e,e,e,e,e,e,e,e,e,e,e,e,e,e,e,e,e,e,e,e,e,e,e,e,e,e,e,e,e,e,e,e,e,e,e,e,e,e,e,e,e,e,e,e,e,e,e,e,e,e,e,e,e,e,e,e,e,e,5.91,10.20,16.12,21.90,25.37,28.13,28.62,27.67,26.47,25.46,24.51,23.54,22.71,22.52,23.24,25.27,28.52,32.92,38.12,41.04,42.32,42.58,41.79,40.63,39.33,38.33,38.70,40.56,42.83,44.64,44.91,42.78,40.00,36.84,33.45,30.63,29.15,28.93,29.86,32.14,35.62,39.70,44.16,49.29,56.01,62.54,68.05,72.14,74.37,74.00,72.31,69.75,66.31,62.68,59.18,55.48,51.16,45.83,40.99,37.39,34.97,33.48,32.18,31.65,31.87,32.61,32.68,31.96,30.87,29.90,30.15,32.57,35.50,38.36,41.00,43.25,45.96,49.15,52.67,56.07,59.53,62.85,65.89
e,e,e,e,e,e,e,e,e,e,e,e,e,e,e,e,e,e,e,e,e,e,e,e,e,e,e,e,e,e,e,e,e,e,e,e,e,e,e,e,e,e,e,e,e,e,e,e,e,e,e,e,e,e,e,e,e,e,e,e,e,e,e,e,e,e,e,e,e,e,e,e,e,e,e,e,e,e,e,e,e,e,e,e,e,e,e,e,e,e,e,e,e,e,e,e,e,e,e,e,e,e,e,e,e,e,e,e,e,e,e,e,e,e,e,e,e,e,e,e,e,e,e,e,e,e,e,e,e,e,e,e,e,e,e,e,e,e,e,e,e,e,e,e,e,e,e,e,e,e,e,e,e,e,e,e,e,e,e,e,e,e,e,e,e,e,e,e,e,e,e,e,e,4.85,8.98,15.00,21.18,25.68,29.23,30.33,29.79,28.65,27.67,26.73,25.91,25.34,25.25,26.04,27.83,30.74,34.98,39.24,41.79,43.32,44.14,43.35,42.45,41.49,40.66,40.62,41.95,44.01,46.06,47.13,45.88,43.31,39.85,35.98,33.13,31.38,30.70,31.25,33.52,36.45,39.91,43.96,48.93,55.12,61.60,67.40,71.94,74.65,75.11,73.85,71.56,68.67,65.28,61.83,58.10,53.74,48.54,43.68,40.29,38.32,37.29,36.50,36.25,36.46,36.92,36.89,36.41,35.76,35.22,35.40,36.86,38.56,40.33,42.36,44.40,46.74,49.51,52.77,56.22,59.67,62.40,64.55
e,e,e,e,e,e,e,e,e,e,e,e,e,e,e,e,e,e,e,e,e,e,e,e,e,e,e,e,e,e,e,e,e,e,e,e,e,e,e,e,e,e,e,e,e,e,e,e,e,e,e,e,e,e,e,e,e,e,e,e,e,e,e,e,e,e,e,e,e,e,e,e,e,e,e,e,e,e,e,e,e,e,e,e,e,e,e,e,e,e,e,e,e,e,e,e,e,e,e,e,e,e,e,e,e,e,e,e,e,e,e,e,e,e,e,e,e,e,e,e,e,e,e,e,e,e,e,e,e,e,e,e,e,e,e,e,e,e,e,e,e,e,e,e,e,e,e,e,e,e,e,e,e,e,e,e,e,e,e,e,e,e,e,e,e,e,e,e,e,e,e,e,e,3.63,7.87,13.85,20.15,25.70,30.23,32.23,32.28,31.20,30.11,29.11,28.38,28.00,27.95,28.68,30.20,32.79,36.84,40.12,42.41,44.26,45.62,45.07,44.26,43.54,42.98,42.70,43.46,45.28,47.51,49.19,49.06,46.86,43.17,38.76,35.80,33.84,32.80,32.95,35.01,37.39,40.24,43.89,48.75,54.69,61.13,67.05,71.81,74.81,76.19,75.32,73.11,70.49,67.29,63.91,60.12,55.62,50.41,45.82,42.86,41.40,40.82,40.57,40.60,40.76,40.89,40.81,40.67,40.59,40.59,40.64,40.95,41.37,42.08,43.52,45.46,47.57,50.04,53.08,56.61,60.01,62.23,63.55
e,e,e,e,e,e,e,e,e,e,e,e,e,e,e,e,e,e,e,e,e,e,e,e,e,e,e,e,e,e,e,e,e,e,e,e,e,e,e,e,e,e,e,e,e,e,e,e,e,e,e,e,e,e,e,e,e,e,e,e,e,e,e,e,e,e,e,e,e,e,e,e,e,e,e,e,e,e,e,e,e,e,e,e,e,e,e,e,e,e,e,e,e,e,e,e,e,e,e,e,e,e,e,e,e,e,e,e,e,e,e,e,e,e,e,e,e,e,e,e,e,e,e,e,e,e,e,e,e,e,e,e,e,e,e,e,e,e,e,e,e,e,e,e,e,e,e,e,e,e,e,e,e,e,e,e,e,e,e,e,e,e,e,e,e,e,e,e,e,e,e,e,e,1.97,6.18,12.13,18.58,24.83,30.74,34.41,35.66,34.58,33.14,31.97,31.05,30.43,30.36,30.80,32.02,34.29,37.99,40.84,43.05,44.99,46.61,46.95,46.44,45.79,45.28,44.92,44.86,46.33,48.61,50.50,51.42,50.22,46.95,42.11,38.10,36.34,35.29,34.89,36.11,37.93,40.56,44.13,48.96,54.98,61.45,67.34,72.08,75.19,77.40,76.91,74.56,71.54,68.12,64.65,60.72,55.98,50.63,46.69,44.40,43.31,42.67,42.33,42.30,42.46,42.71,42.81,42.71,42.63,42.59,42.47,42.71,43.01,43.46,44.44,46.11,48.07,50.59,53.85,57.47,60.73,63.08,64.18
e,e,e,e,e,e,e,e,e,e,e,e,e,e,e,e,e,e,e,e,e,e,e,e,e,e,e,e,e,e,e,e,e,e,e,e,e,e,e,e,e,e,e,e,e,e,e,e,e,e,e,e,e,e,e,e,e,e,e,e,e,e,e,e,e,e,e,e,e,e,e,e,e,e,e,e,e,e,e,e,e,e,e,e,e,e,e,e,e,e,e,e,e,e,e,e,e,e,e,e,e,e,e,e,e,e,e,e,e,e,e,e,e,e,e,e,e,e,e,e,e,e,e,e,e,e,e,e,e,e,e,e,e,e,e,e,e,e,e,e,e,e,e,e,e,e,e,e,e,e,e,e,e,e,e,e,e,e,e,e,e,e,e,e,e,e,e,e,e,e,e,e,e,1.46,5.72,10.51,17.35,24.12,30.76,35.91,38.50,37.52,35.77,34.25,33.13,32.52,32.46,32.80,33.63,35.33,38.44,41.08,43.46,45.73,47.69,48.58,48.46,47.97,47.41,46.88,46.58,47.53,49.43,51.66,53.48,52.63,49.89,45.75,40.98,38.59,37.27,36.70,37.38,38.72,41.17,44.67,49.40,55.49,62.03,68.15,73.26,76.69,78.83,78.25,75.73,72.37,68.79,65.18,61.19,56.48,51.07,47.71,45.95,45.11,44.54,44.16,44.05,44.16,44.43,44.69,44.70,44.66,44.58,44.35,44.48,44.64,44.93,45.70,47.04,48.86,51.38,54.73,58.36,61.49,63.28,63.54
e,e,e,e,e,e,e,e,e,e,e,e,e,e,e,e,e,e,e,e,e,e,e,e,e,e,e,e,e,e,e,e,e,e,e,e,e,e,e,e,e,e,e,e,e,e,e,e,e,e,e,e,e,e,e,e,e,e,e,e,e,e,e,e,e,e,e,e,e,e,e,e,e,e,e,e,e,e,e,e,e,e,e,e,e,e,e,e,e,e,e,e,e,e,e,e,e,e,e,e,e,e,e,e,e,e,e,e,e,e,e,e,e,e,e,e,e,e,e,e,e,e,e,e,e,e,e,e,e,e,e,e,e,e,e,e,e,e,e,e,e,e,e,e,e,e,e,e,e,e,e,e,e,e,e,e,e,e,e,e,e,e,e,e,e,e,e,e,e,e,e,e,e,e,5.29,9.08,16.45,23.63,30.59,36.87,40.71,40.10,38.08,36.20,34.94,34.43,34.42,34.73,35.22,36.25,38.62,41.13,43.77,46.41,48.74,50.03,50.32,50.02,49.38,48.70,48.47,49.03,50.55,53.13,55.49,54.61,52.35,49.27,44.24,40.98,39.21,38.54,38.84,39.90,42.19,45.54,50.10,56.19,62.78,69.16,74.75,78.55,80.26,79.39,76.69,72.95,69.20,65.46,61.47,56.94,51.82,48.94,47.52,46.88,46.42,46.03,45.84,45.86,46.12,46.48,46.65,46.66,46.52,46.26,46.24,46.28,46.46,47.12,48.15,49.86,52.39,55.73,59.25,62.25,63.17,62.30
e,e,e,e,e,e,e,e,e,e,e,e,e,e,e,e,e,e,e,e,e,e,e,e,e,e,e,e,e,e,e,e,e,e,e,e,e,e,e,e,e,e,e,e,e,e,e,e,e,e,e,e,e,e,e,e,e,e,e,e,e,e,e,e,e,e,e,e,e,e,e,e,e,e,e,e,e,e,e,e,e,e,e,e,e,e,e,e,e,e,e,e,e,e,e,e,e,e,e,e,e,e,e,e,e,e,e,e,e,e,e,e,e,e,e,e,e,e,e,e,e,e,e,e,e,e,e,e,e,e,e,e,e,e,e,e,e,e,e,e,e,e,e,e,e,e,e,e,e,e,e,e,e,e,e,e,e,e,e,e,e,e,e,e,e,e,e,e,e,e,e,e,e,e,4.13,8.25,16.23,23.61,30.63,36.98,41.40,42.07,39.80,37.96,36.84,36.34,36.33,36.64,37.02,37.65,39.11,41.45,44.15,46.95,49.53,51.23,51.82,51.65,51.04,50.48,50.42,51.49,53.52,56.09,57.79,56.74,54.50,51.73,47.97,44.40,41.98,40.82,40.81,42.22,44.27,47.18,51.51,57.21,63.64,70.01,75.68,79.65,81.21,80.22,77.26,72.87,68.78,65.13,61.27,57.07,53.45,50.78,49.29,48.67,48.27,47.92,47.65,47.57,47.78,48.20,48.53,48.59,48.39,48.14,47.98,47.93,48.07,48.58,49.45,51.25,53.80,56.93,60.14,62.96,63.11,61.08
e,e,e,e,e,e,e,e,e,e,e,e,e,e,e,e,e,e,e,e,e,e,e,e,e,e,e,e,e,e,e,e,e,e,e,e,e,e,e,e,e,e,e,e,e,e,e,e,e,e,e,e,e,e,e,e,e,e,e,e,e,e,e,e,e,e,e,e,e,e,e,e,e,e,e,e,e,e,e,e,e,e,e,e,e,e,e,e,e,e,e,e,e,e,e,e,e,e,e,e,e,e,e,e,e,e,e,e,e,e,e,e,e,e,e,e,e,e,e,e,e,e,e,e,e,e,e,e,e,e,e,e,e,e,e,e,e,e,e,e,e,e,e,e,e,e,e,e,e,e,e,e,e,e,e,e,e,e,e,e,e,e,e,e,e,e,e,e,e,e,e,e,e,e,3.87,8.16,16.45,23.99,31.06,37.42,42.38,44.48,42.44,40.63,39.36,38.53,38.45,38.66,39.07,39.66,40.66,42.55,44.78,47.26,49.92,52.02,53.13,53.27,52.72,52.30,52.87,54.42,56.65,59.08,60.31,59.42,57.41,54.77,51.68,48.02,45.22,43.55,43.01,44.50,46.43,49.01,52.91,58.06,64.43,70.82,76.45,80.38,82.10,81.08,77.74,72.65,68.38,64.85,61.36,57.84,55.23,52.73,51.40,51.10,50.95,50.55,50.13,49.80,49.75,50.18,50.65,50.76,50.47,50.19,49.97,49.89,50.00,50.43,51.27,53.00,55.34,58.16,61.19,62.94,62.16,59.58
e,e,e,e,e,e,e,e,e,e,e,e,e,e,e,e,e,e,e,e,e,e,e,e,e,e,e,e,e,e,e,e,e,e,e,e,e,e,e,e,e,e,e,e,e,e,e,e,e,e,e,e,e,e,e,e,e,e,e,e,e,e,e,e,e,e,e,e,e,e,e,e,e,e,e,e,e,e,e,e,e,e,e,e,e,e,e,e,e,e,e,e,e,e,e,e,e,e,e,e,e,e,e,e,e,e,e,e,e,e,e,e,e,e,e,e,e,e,e,e,e,e,e,e,e,e,e,e,e,e,e,e,e,e,e,e,e,e,e,e,e,e,e,e,e,e,e,e,e,e,e,e,e,e,e,e,e,e,e,e,e,e,e,e,e,e,e,e,e,e,e,e,e,e,4.44,8.75,17.12,24.78,31.89,38.34,43.87,47.29,46.03,44.31,42.66,41.31,41.06,41.05,41.49,42.26,43.16,44.43,45.77,47.59,50.16,52.63,54.37,54.90,54.43,54.15,55.57,57.49,59.65,61.94,63.00,62.53,60.91,58.32,55.29,51.73,48.79,46.64,45.38,46.60,48.54,50.99,54.33,58.85,65.19,71.63,77.17,80.91,82.98,81.98,78.22,72.53,68.19,64.81,61.84,59.18,56.98,54.69,53.79,54.08,54.33,53.89,53.32,52.70,52.18,52.47,53.01,53.13,52.76,52.42,52.23,52.17,52.26,52.65,53.55,55.07,57.03,59.44,62.26,62.26,60.47,57.85
e,e,e,e,e,e,e,e,e,e,e,e,e,e,e,e,e,e,e,e,e,e,e,e,e,e,e,e,e,e,e,e,e,e,e,e,e,e,e,e,e,e,e,e,e,e,e,e,e,e,e,e,e,e,e,e,e,e,e,e,e,e,e,e,e,e,e,e,e,e,e,e,e,e,e,e,e,e,e,e,e,e,e,e,e,e,e,e,e,e,e,e,e,e,e,e,e,e,e,e,e,e,e,e,e,e,e,e,e,e,e,e,e,e,e,e,e,e,e,e,e,e,e,e,e,e,e,e,e,e,e,e,e,e,e,e,e,e,e,e,e,e,e,e,e,e,e,e,e,e,e,e,e,e,e,e,e,e,e,e,e,e,e,e,e,e,e,e,e,e,e,e,e,e,5.38,9.93,18.67,26.38,33.25,40.12,46.24,49.98,50.38,49.27,47.80,46.48,45.81,45.29,45.29,45.63,45.99,46.97,47.87,49.22,51.59,54.44,56.06,56.45,56.01,55.84,57.14,59.27,61.94,64.74,65.88,65.41,63.80,61.37,58.69,55.42,52.29,49.64,47.97,48.51,50.50,53.16,56.32,60.39,66.28,72.47,77.96,81.82,83.94,82.84,79.05,73.51,68.97,65.70,62.90,60.31,58.25,56.45,56.17,57.02,57.58,57.69,57.45,56.87,55.97,55.19,55.40,55.48,55.13,54.90,54.80,54.78,54.83,55.10,55.91,57.29,58.99,60.90,62.62,61.35,58.95,56.27
e,e,e,e,e,e,e,e,e,e,e,e,e,e,e,e,e,e,e,e,e,e,e,e,e,e,e,e,e,e,e,e,e,e,e,e,e,e,e,e,e,e,e,e,e,e,e,e,e,e,e,e,e,e,e,e,e,e,e,e,e,e,e,e,e,e,e,e,e,e,e,e,e,e,e,e,e,e,e,e,e,e,e,e,e,e,e,e,e,e,e,e,e,e,e,e,e,e,e,e,e,e,e,e,e,e,e,e,e,e,e,e,e,e,e,e,e,e,e,e,e,e,e,e,e,e,e,e,e,e,e,e,e,e,e,e,e,e,e,e,e,e,e,e,e,e,e,e,e,e,e,e,e,e,e,e,e,e,e,e,e,e,e,e,e,e,e,e,e,e,e,e,e,e,6.10,11.04,20.26,27.52,34.14,41.39,48.20,52.69,54.65,54.39,53.43,52.39,51.34,50.35,49.84,49.70,49.67,50.53,51.36,52.50,54.41,56.82,57.87,57.96,57.58,57.51,58.47,60.95,64.39,67.81,69.22,68.50,66.62,64.14,61.67,58.75,55.60,52.67,50.89,51.05,53.02,55.74,58.67,62.19,67.45,73.28,78.74,82.65,84.94,83.88,80.25,75.30,70.35,66.94,64.17,61.60,59.59,58.31,58.51,59.69,60.48,61.00,61.01,60.50,59.44,58.09,57.91,57.84,57.54,57.43,57.41,57.41,57.42,57.58,58.28,59.52,60.94,62.16,62.34,60.36,57.74,55.05
e,e,e,e,e,e,e,e,e,e,e,e,e,e,e,e,e,e,e,e,e,e,e,e,e,e,e,e,e,e,e,e,e,e,e,e,e,e,e,e,e,e,e,e,e,e,e,e,e,e,e,e,e,e,e,e,e,e,e,e,e,e,e,e,e,e,e,e,e,e,e,e,e,e,e,e,e,e,e,e,e,e,e,e,e,e,e,e,e,e,e,e,e,e,e,e,e,e,e,e,e,e,e,e,e,e,e,e,e,e,e,e,e,e,e,e,e,e,e,e,e,e,e,e,e,e,e,e,e,e,e,e,e,e,e,e,e,e,e,e,e,e,e,e,e,e,e,e,e,e,e,e,e,e,e,e,e,e,e,e,e,e,e,e,e,e,e,e,e,e,e,e,e,e,6.35,11.84,21.61,27.73,34.13,41.56,49.17,55.35,58.45,59.24,59.14,58.58,57.33,56.04,55.11,54.60,54.59,55.49,56.67,57.92,59.09,59.82,59.84,59.54,59.21,59.22,59.81,62.84,67.30,71.31,73.17,72.03,69.51,66.60,64.05,61.48,58.59,55.80,54.26,54.63,56.45,58.88,61.43,64.17,68.64,74.06,79.46,83.23,85.97,85.17,82.00,78.02,72.39,68.48,65.60,63.19,61.23,60.36,60.78,61.95,62.88,63.42,63.42,62.92,61.99,61.10,60.52,60.14,59.93,59.93,59.93,59.93,59.93,60.03,60.60,61.66,62.69,62.97,61.28,59.28,56.97,54.37
e,e,e,e,e,e,e,e,e,e,e,e,e,e,e,e,e,e,e,e,e,e,e,e,e,e,e,e,e,e,e,e,e,e,e,e,e,e,e,e,e,e,e,e,e,e,e,e,e,e,e,e,e,e,e,e,e,e,e,e,e,e,e,e,e,e,e,e,e,e,e,e,e,e,e,e,e,e,e,e,e,e,e,e,e,e,e,e,e,e,e,e,e,e,e,e,e,e,e,e,e,e,e,e,e,e,e,e,e,e,e,e,e,e,e,e,e,e,e,e,e,e,e,e,e,e,e,e,e,e,e,e,e,e,e,e,e,e,e,e,e,e,e,e,e,e,e,e,e,e,e,e,e,e,e,e,e,e,e,e,e,e,e,e,e,e,e,e,e,e,e,e,e,e,6.35,12.09,22.10,27.75,33.83,41.02,48.83,56.07,59.91,61.65,62.23,61.92,61.03,60.38,59.85,59.50,59.62,60.55,62.17,63.78,64.75,64.80,64.03,63.01,62.18,62.09,62.52,65.31,69.93,74.90,77.20,76.23,72.94,68.49,65.86,63.41,61.04,58.98,57.88,58.38,59.96,62.00,64.22,66.66,70.34,75.14,80.26,83.74,86.78,86.97,84.78,80.96,75.44,70.64,67.15,65.03,63.32,62.53,62.96,64.17,65.23,65.83,65.74,65.13,64.17,63.27,62.44,61.72,61.36,61.74,61.89,61.92,61.91,61.97,62.62,62.90,62.74,61.95,60.09,58.31,56.21,53.83
e,e,e,e,e,e,e,e,e,e,e,e,e,e,e,e,e,e,e,e,e,e,e,e,e,e,e,e,e,e,e,e,e,e,e,e,e,e,e,e,e,e,e,e,e,e,e,e,e,e,e,e,e,e,e,e,e,e,e,e,e,e,e,e,e,e,e,e,e,e,e,e,e,e,e,e,e,e,e,e,e,e,e,e,e,e,e,e,e,e,e,e,e,e,e,e,e,e,e,e,e,e,e,e,e,e,e,e,e,e,e,e,e,e,e,e,e,e,e,e,e,e,e,e,e,e,e,e,e,e,e,e,e,e,e,e,e,e,e,e,e,e,e,e,e,e,e,e,e,e,e,e,e,e,e,e,e,e,e,e,e,e,e,e,e,e,e,e,e,e,e,e,e,e,6.09,11.95,22.13,27.69,33.62,40.49,48.17,55.90,60.37,62.87,64.11,64.34,64.19,64.29,64.27,64.19,64.45,65.41,67.32,69.17,70.06,69.84,68.55,66.96,65.66,65.31,65.54,67.90,72.36,78.09,80.78,80.06,76.25,70.54,67.53,65.11,63.27,62.01,61.45,62.16,63.55,65.22,67.12,69.35,72.31,76.39,81.07,84.50,87.90,89.19,87.98,84.09,78.92,73.47,69.27,67.00,65.51,64.71,65.09,66.32,67.53,68.19,68.00,67.22,66.13,65.08,64.07,63.11,62.55,63.20,63.33,63.28,63.20,63.20,63.69,63.17,61.93,60.28,58.66,57.14,55.33,53.33
e,e,e,e,e,e,e,e,e,e,e,e,e,e,e,e,e,e,e,e,e,e,e,e,e,e,e,e,e,e,e,e,e,e,e,e,e,e,e,e,e,e,e,e,e,e,e,e,e,e,e,e,e,e,e,e,e,e,e,e,e,e,e,e,e,e,e,e,e,e,e,e,e,e,e,e,e,e,e,e,e,e,e,e,e,e,e,e,e,e,e,e,e,e,e,e,e,e,e,e,e,e,e,e,e,e,e,e,e,e,e,e,e,e,e,e,e,e,e,e,e,e,e,e,e,e,e,e,e,e,e,e,e,e,e,e,e,e,e,e,e,e,e,e,e,e,e,e,e,e,e,e,e,e,e,e,e,e,e,e,e,e,e,e,e,e,e,e,e,e,e,e,e,e,5.26,11.17,21.54,27.57,33.92,40.63,47.67,54.72,59.83,62.66,64.68,66.44,67.62,68.03,68.16,68.28,68.59,69.54,71.23,72.81,73.58,73.41,72.19,70.76,69.47,68.56,68.37,70.33,74.46,80.06,83.00,82.25,78.75,73.52,69.30,66.83,65.34,64.56,64.70,65.86,67.30,68.75,70.23,72.20,74.65,77.88,81.87,86.12,90.15,92.21,91.57,87.61,82.87,77.72,72.91,69.20,67.61,66.77,67.10,68.34,69.68,70.45,70.16,69.13,67.72,66.46,65.44,64.51,63.87,64.12,63.69,63.20,62.88,62.73,62.22,61.35,60.02,58.25,56.63,55.26,54.08,52.90
e,e,e,e,e,e,e,e,e,e,e,e,e,e,e,e,e,e,e,e,e,e,e,e,e,e,e,e,e,e,e,e,e,e,e,e,e,e,e,e,e,e,e,e,e,e,e,e,e,e,e,e,e,e,e,e,e,e,e,e,e,e,e,e,e,e,e,e,e,e,e,e,e,e,e,e,e,e,e,e,e,e,e,e,e,e,e,e,e,e,e,e,e,e,e,e,e,e,e,e,e,e,e,e,e,e,e,e,e,e,e,e,e,e,e,e,e,e,e,e,e,e,e,e,e,e,e,e,e,e,e,e,e,e,e,e,e,e,e,e,e,e,e,e,e,e,e,e,e,e,e,e,e,e,e,e,e,e,e,e,e,e,e,e,e,e,e,e,e,e,e,e,e,e,3.87,9.76,20.57,28.41,34.80,40.95,47.22,53.49,58.67,61.77,64.18,66.55,68.67,69.91,70.87,71.65,72.08,72.88,74.40,75.98,76.96,76.95,76.16,75.04,73.75,72.36,71.74,72.96,76.38,81.84,85.13,84.24,81.06,76.68,72.08,69.31,67.93,67.57,68.16,69.34,70.64,71.99,73.50,75.31,77.67,80.97,85.15,89.58,93.59,95.86,95.52,91.61,86.90,82.20,77.67,73.66,71.14,69.94,70.00,71.05,72.58,72.65,71.69,70.25,68.72,67.41,66.30,65.24,64.33,63.94,63.21,62.48,61.89,61.37,60.23,58.99,57.55,55.86,54.29,53.19,52.35,51.41
e,e,e,e,e,e,e,e,e,e,e,e,e,e,e,e,e,e,e,e,e,e,e,e,e,e,e,e,e,e,e,e,e,e,e,e,e,e,e,e,e,e,e,e,e,e,e,e,e,e,e,e,e,e,e,e,e,e,e,e,e,e,e,e,e,e,e,e,e,e,e,e,e,e,e,e,e,e,e,e,e,e,e,e,e,e,e,e,e,e,e,e,e,e,e,e,e,e,e,e,e,e,e,e,e,e,e,e,e,e,e,e,e,e,e,e,e,e,e,e,e,e,e,e,e,e,e,e,e,e,e,e,e,e,e,e,e,e,e,e,e,e,e,e,e,e,e,e,e,e,e,e,e,e,e,e,e,e,e,e,e,e,e,e,e,e,e,e,e,e,e,e,e,e,2.29,8.24,19.68,29.54,35.72,41.13,46.57,51.96,56.84,60.20,62.88,65.40,68.06,70.24,72.21,73.78,74.50,75.35,76.90,78.63,79.89,80.14,79.88,79.16,77.96,76.32,75.33,75.69,78.27,83.66,87.34,86.38,83.51,79.99,75.47,72.38,70.93,70.80,71.62,72.66,73.78,75.13,76.84,78.57,80.89,84.48,89.15,93.59,97.27,99.47,99.34,95.73,90.98,86.66,82.66,78.90,75.61,74.04,73.61,74.07,75.22,74.17,72.39,70.58,69.04,67.78,66.61,65.43,64.26,63.23,62.34,61.47,60.58,59.52,57.95,56.37,54.79,53.20,51.68,50.79,50.06,49.09
e,e,e,e,e,e,e,e,e,e,e,e,e,e,e,e,e,e,e,e,e,e,e,e,e,e,e,e,e,e,e,e,e,e,e,e,e,e,e,e,e,e,e,e,e,e,e,e,e,e,e,e,e,e,e,e,e,e,e,e,e,e,e,e,e,e,e,e,e,e,e,e,e,e,e,e,e,e,e,e,e,e,e,e,e,e,e,e,e,e,e,e,e,e,e,e,e,e,e,e,e,e,e,e,e,e,e,e,e,e,e,e,e,e,e,e,e,e,e,e,e,e,e,e,e,e,e,e,e,e,e,e,e,e,e,e,e,e,e,e,e,e,e,e,e,e,e,e,e,e,e,e,e,e,e,e,e,e,e,e,e,e,e,e,e,e,e,e,e,e,e,e,e,e,1.05,7.54,19.89,30.10,35.68,40.37,45.01,49.33,53.38,57.16,60.33,62.80,65.09,67.73,70.16,72.19,73.78,75.80,78.06,80.02,81.27,81.95,82.00,81.73,81.09,79.84,78.86,78.50,80.38,86.04,90.03,89.45,86.91,83.62,79.51,76.41,74.62,74.06,74.72,75.65,76.88,78.43,80.27,82.03,83.58,86.67,91.47,96.32,99.77,101.73,101.89,99.38,95.12,90.58,86.44,83.20,81.31,79.86,78.50,77.07,75.38,73.02,70.96,69.24,67.78,66.57,65.69,64.73,63.59,62.42,61.47,60.46,59.19,57.42,55.45,53.62,51.85,50.13,48.53,47.36,46.38,45.27
e,e,e,e,e,e,e,e,e,e,e,e,e,e,e,e,e,e,e,e,e,e,e,e,e,e,e,e,e,e,e,e,e,e,e,e,e,e,e,e,e,e,e,e,e,e,e,e,e,e,e,e,e,e,e,e,e,e,e,e,e,e,e,e,e,e,e,e,e,e,e,e,e,e,e,e,e,e,e,e,e,e,e,e,e,e,e,e,e,e,e,e,e,e,e,e,e,e,e,e,e,e,e,e,e,e,e,e,e,e,e,e,e,e,e,e,e,e,e,e,e,e,e,e,e,e,e,e,e,e,e,e,e,e,e,e,e,e,e,e,e,e,e,e,e,e,e,e,e,e,e,e,e,e,e,e,e,e,e,e,e,e,e,e,e,e,e,e,e,e,e,e,e,e,0.50,7.90,16.85,28.23,34.21,38.66,42.73,46.35,49.67,53.14,56.39,59.17,61.52,64.38,67.09,69.52,71.83,74.54,77.31,79.69,81.32,82.48,83.17,83.62,83.69,82.93,82.31,81.95,83.48,88.59,93.02,92.87,90.61,87.64,84.21,80.99,78.64,77.50,77.99,78.94,80.28,81.94,83.81,85.36,86.37,88.83,93.21,98.13,100.90,102.12,102.07,100.28,96.11,91.63,87.71,84.83,83.12,81.45,79.57,77.30,74.29,71.32,69.13,67.38,65.85,64.92,64.24,63.49,62.56,61.49,60.41,59.08,57.41,55.31,53.14,51.19,49.14,46.91,45.01,43.42,42.16,40.89
e,e,e,e,e,e,e,e,e,e,e,e,e,e,e,e,e,e,e,e,e,e,e,e,e,e,e,e,e,e,e,e,e,e,e,e,e,e,e,e,e,e,e,e,e,e,e,e,e,e,e,e,e,e,e,e,e,e,e,e,e,e,e,e,e,e,e,e,e,e,e,e,e,e,e,e,e,e,e,e,e,e,e,e,e,e,e,e,e,e,e,e,e,e,e,e,e,e,e,e,e,e,e,e,e,e,e,e,e,e,e,e,e,e,e,e,e,e,e,e,e,e,e,e,e,e,e,e,e,e,e,e,e,e,e,e,e,e,e,e,e,e,e,e,e,e,e,e,e,e,e,e,e,e,e,e,e,e,e,e,e,e,e,e,e,e,e,e,e,e,e,e,e,e,e,7.39,11.00,23.73,31.11,36.00,39.88,43.17,45.98,48.64,51.60,54.85,57.64,60.61,63.51,66.30,69.12,72.06,75.15,78.07,80.45,82.08,83.58,84.90,85.72,85.53,85.54,85.92,87.55,91.55,96.14,96.24,94.24,91.70,89.06,85.75,82.85,81.11,81.47,82.60,84.07,85.78,87.59,88.79,89.42,91.20,94.67,99.06,100.71,100.72,99.97,98.44,94.19,90.14,86.81,84.13,81.58,79.42,77.41,75.22,72.34,69.33,67.06,65.14,63.46,62.90,62.34,61.73,61.08,60.24,58.99,57.28,55.29,53.20,51.01,49.06,46.73,43.85,41.42,39.32,37.66,36.05
e,e,e,e,e,e,e,e,e,e,e,e,e,e,e,e,e,e,e,e,e,e,e,e,e,e,e,e,e,e,e,e,e,e,e,e,e,e,e,e,e,e,e,e,e,e,e,e,e,e,e,e,e,e,e,e,e,e,e,e,e,e,e,e,e,e,e,e,e,e,e,e,e,e,e,e,e,e,e,e,e,e,e,e,e,e,e,e,e,e,e,e,e,e,e,e,e,e,e,e,e,e,e,e,e,e,e,e,e,e,e,e,e,e,e,e,e,e,e,e,e,e,e,e,e,e,e,e,e,e,e,e,e,e,e,e,e,e,e,e,e,e,e,e,e,e,e,e,e,e,e,e,e,e,e,e,e,e,e,e,e,e,e,e,e,e,e,e,e,e,e,e,e,e,e,3.02,5.31,15.04,24.56,31.64,36.55,39.90,42.87,45.49,48.17,51.07,54.05,57.17,60.33,63.48,66.61,69.99,73.40,76.83,79.98,81.75,83.41,84.99,86.29,87.02,87.80,89.73,92.81,96.54,98.68,97.92,96.11,94.08,91.64,89.21,86.75,84.95,85.30,86.84,88.65,90.57,92.47,93.52,93.58,94.48,96.58,98.56,98.58,97.19,95.20,93.09,90.15,87.34,84.69,82.17,79.85,77.57,75.35,73.05,70.33,67.16,64.55,62.47,60.92,60.18,59.63,59.03,58.33,57.52,56.27,54.74,53.00,51.06,49.06,47.17,45.02,42.37,39.31,36.50,33.68,30.43
e,e,e,e,e,e,e,e,e,e,e,e,e,e,e,e,e,e,e,e,e,e,e,e,e,e,e,e,e,e,e,e,e,e,e,e,e,e,e,e,e,e,e,e,e,e,e,e,e,e,e,e,e,e,e,e,e,e,e,e,e,e,e,e,e,e,e,e,e,e,e,e,e,e,e,e,e,e,e,e,e,e,e,e,e,e,e,e,e,e,e,e,e,e,e,e,e,e,e,e,e,e,e,e,e,e,e,e,e,e,e,e,e,e,e,e,e,e,e,e,e,e,e,e,e,e,e,e,e,e,e,e,e,e,e,e,e,e,e,e,e,e,e,e,e,e,e,e,e,e,e,e,e,e,e,e,e,e,e,e,e,e,e,e,e,e,e,e,e,e,e,e,e,e,e,0.30,1.80,7.47,16.51,25.23,32.07,36.41,39.80,42.65,45.27,47.85,50.79,53.99,57.55,61.25,64.80,68.66,72.58,76.46,79.86,81.62,83.27,84.87,86.31,87.41,88.45,91.02,94.50,97.37,97.68,96.66,95.44,94.33,92.93,91.54,89.88,88.51,88.87,90.44,92.27,94.21,96.19,97.72,97.70,97.45,97.22,96.13,93.89,91.48,89.24,87.33,85.78,83.84,81.69,79.65,78.20,76.02,73.66,71.18,68.24,64.92,61.86,59.41,57.85,56.91,56.31,55.68,54.92,54.14,53.04,51.77,50.36,48.73,46.97,45.25,43.40,41.08,37.77,34.47,30.27,25.30
e,e,e,e,e,e,e,e,e,e,e,e,e,e,e,e,e,e,e,e,e,e,e,e,e,e,e,e,e,e,e,e,e,e,e,e,e,e,e,e,e,e,e,e,e,e,e,e,e,e,e,e,e,e,e,e,e,e,e,e,e,e,e,e,e,e,e,e,e,e,e,e,e,e,e,e,e,e,e,e,e,e,e,e,e,e,e,e,e,e,e,e,e,e,e,e,e,e,e,e,e,e,e,e,e,e,e,e,e,e,e,e,e,e,e,e,e,e,e,e,e,e,e,e,e,e,e,e,e,e,e,e,e,e,e,e,e,e,e,e,e,e,e,e,e,e,e,e,e,e,e,e,e,e,e,e,e,e,e,e,e,e,e,e,e,e,e,e,e,e,e,e,e,e,e,e,e,2.42,7.60,16.57,25.91,32.53,36.60,39.85,42.71,45.32,47.97,51.16,55.25,59.81,63.98,68.32,73.01,77.22,80.13,81.72,83.23,84.66,85.81,86.38,86.95,88.61,90.60,91.64,91.74,91.58,91.58,91.99,92.89,92.48,91.84,91.50,91.79,92.77,94.09,95.67,97.67,100.35,101.04,99.38,95.71,91.20,86.06,83.24,82.24,81.74,81.27,79.50,77.63,76.62,76.67,74.86,72.50,69.78,66.10,62.61,58.98,55.89,54.07,53.06,52.34,51.66,50.95,50.23,49.39,48.34,47.19,46.08,44.57,43.19,41.66,39.60,36.60,33.17,27.56,21.17
e,e,e,e,e,e,e,e,e,e,e,e,e,e,e,e,e,e,e,e,e,e,e,e,e,e,e,e,e,e,e,e,e,e,e,e,e,e,e,e,e,e,e,e,e,e,e,e,e,e,e,e,e,e,e,e,e,e,e,e,e,e,e,e,e,e,e,e,e,e,e,e,e,e,e,e,e,e,e,e,e,e,e,e,e,e,e,e,e,e,e,e,e,e,e,e,e,e,e,e,e,e,e,e,e,e,e,e,e,e,e,e,e,e,e,e,e,e,e,e,e,e,e,e,e,e,e,e,e,e,e,e,e,e,e,e,e,e,e,e,e,e,e,e,e,e,e,e,e,e,e,e,e,e,e,e,e,e,e,e,e,e,e,e,e,e,e,e,e,e,e,e,e,e,e,e,e,1.24,5.68,12.45,17.70,27.16,32.78,36.39,39.69,43.09,45.85,49.21,53.81,59.08,63.84,68.39,73.20,77.40,80.02,80.94,81.75,82.53,83.11,83.35,83.74,84.57,85.51,86.10,86.61,87.29,88.41,90.08,91.81,92.29,92.15,91.85,91.74,91.88,92.32,92.96,93.95,95.83,96.47,95.06,91.30,85.44,79.36,75.92,74.54,73.92,73.50,72.58,72.19,72.94,74.25,73.54,71.63,68.72,64.39,59.95,55.52,52.14,50.62,49.63,48.95,48.34,47.64,46.66,45.54,44.46,43.46,42.51,41.40,40.22,38.80,36.92,34.42,30.64,24.88,18.82
e,e,e,e,e,e,e,e,e,e,e,e,e,e,e,e,e,e,e,e,e,e,e,e,e,e,e,e,e,e,e,e,e,e,e,e,e,e,e,e,e,e,e,e,e,e,e,e,e,e,e,e,e,e,e,e,e,e,e,e,e,e,e,e,e,e,e,e,e,e,e,e,e,e,e,e,e,e,e,e,e,e,e,e,e,e,e,e,e,e,e,e,e,e,e,e,e,e,e,e,e,e,e,e,e,e,e,e,e,e,e,e,e,e,e,e,e,e,e,e,e,e,e,e,e,e,e,e,e,e,e,e,e,e,e,e,e,e,e,e,e,e,e,e,e,e,e,e,e,e,e,e,e,e,e,e,e,e,e,e,e,e,e,e,e,e,e,e,e,e,e,e,e,e,e,e,e,e,e,6.05,9.78,20.58,28.06,32.41,36.39,40.74,43.98,47.78,52.95,58.80,63.84,68.40,72.80,76.42,78.44,78.75,79.14,79.48,79.65,79.64,79.59,79.49,79.61,80.33,81.62,83.33,85.54,88.14,90.30,91.47,91.34,90.42,89.65,89.15,89.03,89.01,89.05,89.86,90.21,89.27,86.26,80.16,73.99,70.01,67.88,66.78,65.98,65.80,66.78,69.08,71.59,72.09,70.76,67.77,63.01,57.55,52.50,48.94,47.55,46.48,45.81,45.26,44.58,43.33,41.78,40.47,39.41,38.50,37.77,36.79,35.45,33.72,31.70,27.67,22.31,17.19
e,e,e,e,e,e,e,e,e,e,e,e,e,e,e,e,e,e,e,e,e,e,e,e,e,e,e,e,e,e,e,e,e,e,e,e,e,e,e,e,e,e,e,e,e,e,e,e,e,e,e,e,e,e,e,e,e,e,e,e,e,e,e,e,e,e,e,e,e,e,e,e,e,e,e,e,e,e,e,e,e,e,e,e,e,e,e,e,e,e,e,e,e,e,e,e,e,e,e,e,e,e,e,e,e,e,e,e,e,e,e,e,e,e,e,e,e,e,e,e,e,e,e,e,e,e,e,e,e,e,e,e,e,e,e,e,e,e,e,e,e,e,e,e,e,e,e,e,e,e,e,e,e,e,e,e,e,e,e,e,e,e,e,e,e,e,e,e,e,e,e,e,e,e,e,e,e,e,e,1.79,4.18,11.86,21.35,27.55,32.68,37.84,42.26,47.09,53.02,59.17,63.75,67.94,70.96,72.67,73.08,73.38,74.49,75.40,75.75,75.57,74.11,72.77,72.40,73.77,76.34,79.64,82.91,85.79,88.38,89.79,88.71,86.07,84.20,83.81,84.30,84.78,84.84,85.34,85.23,84.16,81.64,76.79,71.38,67.27,64.60,63.14,61.61,61.32,62.49,65.23,68.89,70.44,69.65,66.85,62.15,56.13,51.07,47.42,45.27,43.77,42.93,42.35,41.71,40.43,38.38,36.45,34.92,33.96,33.48,32.76,31.58,29.96,28.26,24.41,20.08,16.22
e,e,e,e,e,e,e,e,e,e,e,e,e,e,e,e,e,e,e,e,e,e,e,e,e,e,e,e,e,e,e,e,e,e,e,e,e,e,e,e,e,e,e,e,e,e,e,e,e,e,e,e,e,e,e,e,e,e,e,e,e,e,e,e,e,e,e,e,e,e,e,e,e,e,e,e,e,e,e,e,e,e,e,e,e,e,e,e,e,e,e,e,e,e,e,e,e,e,e,e,e,e,e,e,e,e,e,e,e,e,e,e,e,e,e,e,e,e,e,e,e,e,e,e,e,e,e,e,e,e,e,e,e,e,e,e,e,e,e,e,e,e,e,e,e,e,e,e,e,e,e,e,e,e,e,e,e,e,e,e,e,e,e,e,e,e,e,e,e,e,e,e,e,e,e,e,e,e,e,0.50,2.62,7.69,15.18,22.91,29.82,35.78,41.45,47.28,53.83,59.93,63.20,65.74,67.41,68.19,68.19,68.63,70.22,71.52,71.84,70.83,68.81,67.20,66.83,68.52,71.70,75.88,79.86,83.09,85.73,86.77,84.75,80.77,77.75,77.93,78.94,79.89,80.53,80.97,80.79,79.85,77.81,74.00,69.37,65.18,61.96,60.02,58.37,58.07,59.15,61.66,65.19,67.29,67.64,66.02,61.54,55.38,50.39,46.75,44.19,42.05,40.23,38.94,37.93,36.30,33.98,31.46,29.25,27.84,27.11,26.68,26.08,25.12,23.98,21.17,17.91,14.75
e,e,e,e,e,e,e,e,e,e,e,e,e,e,e,e,e,e,e,e,e,e,e,e,e,e,e,e,e,e,e,e,e,e,e,e,e,e,e,e,e,e,e,e,e,e,e,e,e,e,e,e,e,e,e,e,e,e,e,e,e,e,e,e,e,e,e,e,e,e,e,e,e,e,e,e,e,e,e,e,e,e,e,e,e,e,e,e,e,e,e,e,e,e,e,e,e,e,e,e,e,e,e,e,e,e,e,e,e,e,e,e,e,e,e,e,e,e,e,e,e,e,e,e,e,e,e,e,e,e,e,e,e,e,e,e,e,e,e,e,e,e,e,e,e,e,e,e,e,e,e,e,e,e,e,e,e,e,e,e,e,e,e,e,e,e,e,e,e,e,e,e,e,e,e,e,e,e,e,e,e,5.48,10.00,18.86,27.56,34.34,41.08,47.68,54.45,60.07,61.81,62.26,62.67,63.02,63.26,64.11,66.08,67.59,67.66,65.57,63.25,61.83,61.84,63.96,67.62,72.35,76.81,80.31,82.84,83.28,80.42,75.40,71.25,71.82,73.22,74.63,75.97,76.58,76.58,75.91,74.31,71.24,67.23,63.05,59.42,57.09,55.62,55.37,56.26,58.35,61.31,63.77,65.40,65.22,61.09,55.11,50.20,46.55,43.77,41.02,38.02,35.60,33.78,31.53,28.95,26.14,23.55,21.80,20.73,20.53,20.52,20.24,19.50,17.86,15.50,12.87
e,e,e,e,e,e,e,e,e,e,e,e,e,e,e,e,e,e,e,e,e,e,e,e,e,e,e,e,e,e,e,e,e,e,e,e,e,e,e,e,e,e,e,e,e,e,e,e,e,e,e,e,e,e,e,e,e,e,e,e,e,e,e,e,e,e,e,e,e,e,e,e,e,e,e,e,e,e,e,e,e,e,e,e,e,e,e,e,e,e,e,e,e,e,e,e,e,e,e,e,e,e,e,e,e,e,e,e,e,e,e,e,e,e,e,e,e,e,e,e,e,e,e,e,e,e,e,e,e,e,e,e,e,e,e,e,e,e,e,e,e,e,e,e,e,e,e,e,e,e,e,e,e,e,e,e,e,e,e,e,e,e,e,e,e,e,e,e,e,e,e,e,e,e,e,e,e,e,e,e,e,3.58,7.77,16.84,26.22,33.86,40.84,47.42,53.13,57.15,57.83,56.67,56.17,56.43,57.41,59.52,61.81,63.07,62.47,59.30,56.32,55.27,56.39,59.88,64.68,69.89,74.46,77.84,80.16,80.19,76.97,71.44,66.19,65.72,67.17,69.02,70.61,71.90,72.40,72.10,70.71,67.58,63.55,59.58,56.20,53.96,52.84,52.69,53.53,55.51,58.45,61.38,63.79,64.44,60.83,55.51,50.63,46.75,43.91,41.06,37.41,33.50,29.66,26.19,23.22,21.17,19.80,18.78,17.82,17.62,17.55,17.04,15.68,14.22,12.03,9.90
e,e,e,e,e,e,e,e,e,e,e,e,e,e,e,e,e,e,e,e,e,e,e,e,e,e,e,e,e,e,e,e,e,e,e,e,e,e,e,e,e,e,e,e,e,e,e,e,e,e,e,e,e,e,e,e,e,e,e,e,e,e,e,e,e,e,e,e,e,e,e,e,e,e,e,e,e,e,e,e,e,e,e,e,e,e,e,e,e,e,e,e,e,e,e,e,e,e,e,e,e,e,e,e,e,e,e,e,e,e,e,e,e,e,e,e,e,e,e,e,e,e,e,e,e,e,e,e,e,e,e,e,e,e,e,e,e,e,e,e,e,e,e,e,e,e,e,e,e,e,e,e,e,e,e,e,e,e,e,e,e,e,e,e,e,e,e,e,e,e,e,e,e,e,e,e,e,e,e,e,e,2.84,6.83,16.30,26.66,34.83,41.02,46.67,50.94,53.41,53.41,51.73,50.85,50.98,52.19,54.75,57.20,58.20,57.16,53.98,51.41,50.73,52.17,56.14,62.21,68.13,72.77,75.85,78.20,77.77,74.71,69.49,63.07,60.91,61.73,63.53,65.21,66.92,67.61,67.37,66.05,63.17,59.60,56.00,52.87,50.81,49.87,49.77,50.52,52.32,55.07,58.88,62.09,63.33,60.48,55.79,51.12,47.23,44.35,41.47,37.36,32.50,27.44,23.13,19.98,18.16,17.18,16.42,15.46,15.19,14.95,14.15,12.36,10.19,9.07,8.30
e,e,e,e,e,e,e,e,e,e,e,e,e,e,e,e,e,e,e,e,e,e,e,e,e,e,e,e,e,e,e,e,e,e,e,e,e,e,e,e,e,e,e,e,e,e,e,e,e,e,e,e,e,e,e,e,e,e,e,e,e,e,e,e,e,e,e,e,e,e,e,e,e,e,e,e,e,e,e,e,e,e,e,e,e,e,e,e,e,e,e,e,e,e,e,e,e,e,e,e,e,e,e,e,e,e,e,e,e,e,e,e,e,e,e,e,e,e,e,e,e,e,e,e,e,e,e,e,e,e,e,e,e,e,e,e,e,e,e,e,e,e,e,e,e,e,e,e,e,e,e,e,e,e,e,e,e,e,e,e,e,e,e,e,e,e,e,e,e,e,e,e,e,e,e,e,e,e,e,e,e,e,6.51,15.97,27.20,35.79,40.99,45.35,48.09,49.20,48.83,47.53,46.72,46.68,47.66,49.94,52.33,53.14,52.01,49.73,48.31,48.10,49.37,53.07,60.31,66.99,71.68,74.33,76.79,75.91,73.39,69.05,61.67,57.59,57.07,58.21,59.78,61.60,62.28,61.94,60.62,58.28,55.53,52.45,49.60,47.72,46.75,46.64,47.33,48.91,51.37,56.13,60.16,61.94,60.05,55.94,51.65,47.94,45.04,42.14,37.82,32.56,26.98,22.17,18.95,16.86,15.46,14.45,13.38,12.93,12.43,11.32,9.25,6.26,4.73,e
e,e,e,e,e,e,e,e,e,e,e,e,e,e,e,e,e,e,e,e,e,e,e,e,e,e,e,e,e,e,e,e,e,e,e,e,e,e,e,e,e,e,e,e,e,e,e,e,e,e,e,e,e,e,e,e,e,e,e,e,e,e,e,e,e,e,e,e,e,e,e,e,e,e,e,e,e,e,e,e,e,e,e,e,e,e,e,e,e,e,e,e,e,e,e,e,e,e,e,e,e,e,e,e,e,e,e,e,e,e,e,e,e,e,e,e,e,e,e,e,e,e,e,e,e,e,e,e,e,e,e,e,e,e,e,e,e,e,e,e,e,e,e,e,e,e,e,e,e,e,e,e,e,e,e,e,e,e,e,e,e,e,e,e,e,e,e,e,e,e,e,e,e,e,e,e,e,e,e,e,e,e,3.94,10.37,19.91,29.93,37.57,42.59,44.60,44.62,44.29,43.89,43.48,43.41,44.09,45.77,47.55,48.38,48.03,47.01,46.17,46.88,49.03,52.87,60.01,66.77,71.33,73.49,75.53,74.42,72.32,68.83,62.02,57.10,54.23,53.20,54.02,55.60,56.59,56.57,55.50,53.62,51.44,49.13,46.89,44.98,43.68,43.49,44.32,46.12,48.59,52.82,57.43,60.66,59.56,56.11,52.28,48.84,45.99,43.08,39.32,34.26,28.24,22.94,19.29,16.59,14.45,12.81,11.57,10.74,9.70,7.92,5.27,4.46,4.00,e
e,e,e,e,e,e,e,e,e,e,e,e,e,e,e,e,e,e,e,e,e,e,e,e,e,e,e,e,e,e,e,e,e,e,e,e,e,e,e,e,e,e,e,e,e,e,e,e,e,e,e,e,e,e,e,e,e,e,e,e,e,e,e,e,e,e,e,e,e,e,e,e,e,e,e,e,e,e,e,e,e,e,e,e,e,e,e,e,e,e,e,e,e,e,e,e,e,e,e,e,e,e,e,e,e,e,e,e,e,e,e,e,e,e,e,e,e,e,e,e,e,e,e,e,e,e,e,e,e,e,e,e,e,e,e,e,e,e,e,e,e,e,e,e,e,e,e,e,e,e,e,e,e,e,e,e,e,e,e,e,e,e,e,e,e,e,e,e,e,e,e,e,e,e,e,e,e,e,e,e,e,e,2.20,6.58,13.57,20.89,30.23,37.25,39.82,39.45,39.22,39.13,38.64,38.35,38.99,40.82,42.52,43.74,44.39,44.48,44.70,46.37,49.28,53.38,59.86,66.38,70.79,72.56,74.04,73.18,71.63,68.83,62.60,57.10,52.52,49.68,49.43,50.56,51.45,51.55,50.77,49.40,47.71,45.92,44.06,42.13,40.64,40.48,41.58,43.77,46.35,49.97,54.48,58.40,58.58,55.98,52.83,49.85,47.12,44.04,40.63,35.75,29.52,23.83,19.67,16.44,13.75,11.50,9.84,8.46,6.82,4.79,2.66,2.10,e,e
e,e,e,e,e,e,e,e,e,e,e,e,e,e,e,e,e,e,e,e,e,e,e,e,e,e,e,e,e,e,e,e,e,e,e,e,e,e,e,e,e,e,e,e,e,e,e,e,e,e,e,e,e,e,e,e,e,e,e,e,e,e,e,e,e,e,e,e,e,e,e,e,e,e,e,e,e,e,e,e,e,e,e,e,e,e,e,e,e,e,e,e,e,e,e,e,e,e,e,e,e,e,e,e,e,e,e,e,e,e,e,e,e,e,e,e,e,e,e,e,e,e,e,e,e,e,e,e,e,e,e,e,e,e,e,e,e,e,e,e,e,e,e,e,e,e,e,e,e,e,e,e,e,e,e,e,e,e,e,e,e,e,e,e,e,e,e,e,e,e,e,e,e,e,e,e,e,e,e,e,e,e,e,e,7.40,9.37,18.59,28.64,33.27,33.46,33.35,32.77,31.54,30.82,31.79,34.78,37.13,39.16,40.88,41.84,43.84,46.41,49.66,54.11,59.49,65.48,69.71,71.31,72.20,72.14,71.36,69.00,63.09,57.14,51.98,48.23,46.61,47.01,47.20,47.02,46.53,45.74,44.46,42.80,40.91,39.00,37.61,37.66,39.15,41.84,44.63,47.94,51.52,54.90,56.91,55.47,53.24,50.95,48.40,44.96,41.41,36.56,30.39,24.45,19.78,16.23,13.30,10.56,8.17,6.05,3.92,2.00,e,e,e,e
e,e,e,e,e,e,e,e,e,e,e,e,e,e,e,e,e,e,e,e,e,e,e,e,e,e,e,e,e,e,e,e,e,e,e,e,e,e,e,e,e,e,e,e,e,e,e,e,e,e,e,e,e,e,e,e,e,e,e,e,e,e,e,e,e,e,e,e,e,e,e,e,e,e,e,e,e,e,e,e,e,e,e,e,e,e,e,e,e,e,e,e,e,e,e,e,e,e,e,e,e,e,e,e,e,e,e,e,e,e,e,e,e,e,e,e,e,e,e,e,e,e,e,e,e,e,e,e,e,e,e,e,e,e,e,e,e,e,e,e,e,e,e,e,e,e,e,e,e,e,e,e,e,e,e,e,e,e,e,e,e,e,e,e,e,e,e,e,e,e,e,e,e,e,e,e,e,e,e,e,e,e,e,e,4.90,6.67,11.39,19.36,24.41,26.01,26.99,26.89,26.72,26.94,28.01,30.51,32.33,34.09,36.22,39.01,42.07,45.30,48.91,53.36,58.55,63.64,67.48,69.48,70.23,70.41,70.08,68.33,63.22,57.55,52.19,47.80,45.02,43.76,43.32,42.99,42.52,41.85,40.62,39.01,37.25,35.58,34.44,34.81,36.61,39.62,42.76,46.48,50.09,53.21,55.22,55.02,53.54,51.58,49.31,45.85,41.97,36.97,30.86,24.78,19.90,16.12,12.88,9.65,6.72,4.20,2.63,1.35,e,e,e,e
e,e,e,e,e,e,e,e,e,e,e,e,e,e,e,e,e,e,e,e,e,e,e,e,e,e,e,e,e,e,e,e,e,e,e,e,e,e,e,e,e,e,e,e,e,e,e,e,e,e,e,e,e,e,e,e,e,e,e,e,e,e,e,e,e,e,e,e,e,e,e,e,e,e,e,e,e,e,e,e,e,e,e,e,e,e,e,e,e,e,e,e,e,e,e,e,e,e,e,e,e,e,e,e,e,e,e,e,e,e,e,e,e,e,e,e,e,e,e,e,e,e,e,e,e,e,e,e,e,e,e,e,e,e,e,e,e,e,e,e,e,e,e,e,e,e,e,e,e,e,e,e,e,e,e,e,e,e,e,e,e,e,e,e,e,e,e,e,e,e,e,e,e,e,e,e,e,e,e,e,e,e,e,e,e,e,6.49,12.57,16.34,17.71,20.11,21.07,22.45,23.94,25.18,27.00,28.29,29.65,31.88,36.08,40.18,44.12,48.13,52.59,57.72,61.93,65.19,67.28,67.83,68.03,68.04,66.96,62.95,57.95,52.70,47.93,44.15,41.20,39.86,39.11,38.44,37.59,36.35,34.88,33.38,32.10,31.32,31.99,34.01,37.23,40.77,44.98,48.93,52.04,53.62,54.35,53.51,51.90,49.89,46.45,42.28,37.13,31.07,24.91,19.73,15.73,12.27,8.70,5.38,2.94,1.50,e,e,e,e,e
e,e,e,e,e,e,e,e,e,e,e,e,e,e,e,e,e,e,e,e,e,e,e,e,e,e,e,e,e,e,e,e,e,e,e,e,e,e,e,e,e,e,e,e,e,e,e,e,e,e,e,e,e,e,e,e,e,e,e,e,e,e,e,e,e,e,e,e,e,e,e,e,e,e,e,e,e,e,e,e,e,e,e,e,e,e,e,e,e,e,e,e,e,e,e,e,e,e,e,e,e,e,e,e,e,e,e,e,e,e,e,e,e,e,e,e,e,e,e,e,e,e,e,e,e,e,e,e,e,e,e,e,e,e,e,e,e,e,e,e,e,e,e,e,e,e,e,e,e,e,e,e,e,e,e,e,e,e,e,e,e,e,e,e,e,e,e,e,e,e,e,e,e,e,e,e,e,e,e,e,e,e,e,e,e,e,e,e,7.77,8.26,12.27,15.10,18.07,20.68,22.43,24.23,25.75,27.17,29.11,33.05,38.59,43.56,48.03,52.69,57.55,61.21,63.55,64.50,64.44,64.49,64.72,64.38,61.94,58.05,53.48,48.79,44.32,40.18,37.23,35.31,34.03,32.56,31.37,30.27,29.30,28.66,28.44,29.32,31.36,34.58,38.52,43.02,47.43,50.95,52.27,53.04,52.76,51.74,49.91,46.36,42.07,36.92,30.93,24.67,18.84,14.55,11.14,7.59,4.14,3.00,e,e,e,e,e,e
e,e,e,e,e,e,e,e,e,e,e,e,e,e,e,e,e,e,e,e,e,e,e,e,e,e,e,e,e,e,e,e,e,e,e,e,e,e,e,e,e,e,e,e,e,e,e,e,e,e,e,e,e,e,e,e,e,e,e,e,e,e,e,e,e,e,e,e,e,e,e,e,e,e,e,e,e,e,e,e,e,e,e,e,e,e,e,e,e,e,e,e,e,e,e,e,e,e,e,e,e,e,e,e,e,e,e,e,e,e,e,e,e,e,e,e,e,e,e,e,e,e,e,e,e,e,e,e,e,e,e,e,e,e,e,e,e,e,e,e,e,e,e,e,e,e,e,e,e,e,e,e,e,e,e,e,e,e,e,e,e,e,e,e,e,e,e,e,e,e,e,e,e,e,e,e,e,e,e,e,e,e,e,e,e,e,e,e,4.30,5.53,9.76,9.65,11.74,14.85,17.95,21.36,23.51,25.57,28.21,32.02,38.01,43.95,49.09,53.25,57.44,60.37,61.69,61.43,60.73,60.91,61.61,62.00,60.65,57.60,53.71,49.45,44.94,40.30,36.67,33.74,31.33,29.44,28.23,27.18,26.26,25.77,25.70,26.65,28.64,31.75,35.64,40.13,44.70,48.62,50.63,51.60,51.73,51.09,49.26,45.55,41.06,35.95,30.24,24.12,18.19,13.42,9.66,6.46,3.02,2.03,e,e,e,e,e,e
e,e,e,e,e,e,e,e,e,e,e,e,e,e,e,e,e,e,e,e,e,e,e,e,e,e,e,e,e,e,e,e,e,e,e,e,e,e,e,e,e,e,e,e,e,e,e,e,e,e,e,e,e,e,e,e,e,e,e,e,e,e,e,e,e,e,e,e,e,e,e,e,e,e,e,e,e,e,e,e,e,e,e,e,e,e,e,e,e,e,e,e,e,e,e,e,e,e,e,e,e,e,e,e,e,e,e,e,e,e,e,e,e,e,e,e,e,e,e,e,e,e,e,e,e,e,e,e,e,e,e,e,e,e,e,e,e,e,e,e,e,e,e,e,e,e,e,e,e,e,e,e,e,e,e,e,e,e,e,e,e,e,e,e,e,e,e,e,e,e,e,e,e,e,e,e,e,e,e,e,e,e,e,e,e,e,e,e,e,e,e,4.25,5.84,8.77,13.04,18.24,21.43,24.49,28.13,32.09,38.16,44.80,50.43,53.83,57.25,59.26,59.49,58.09,56.75,56.99,58.02,58.95,58.55,56.57,53.61,50.02,45.83,41.01,37.12,33.41,29.87,27.53,25.99,24.69,23.64,23.12,23.05,23.99,25.95,28.93,32.55,36.89,41.45,45.69,48.58,49.86,50.37,50.00,48.09,44.28,39.69,34.65,29.17,23.23,17.26,12.13,8.13,5.34,2.17,1.16,e,e,e,e,e,e
e,e,e,e,e,e,e,e,e,e,e,e,e,e,e,e,e,e,e,e,e,e,e,e,e,e,e,e,e,e,e,e,e,e,e,e,e,e,e,e,e,e,e,e,e,e,e,e,e,e,e,e,e,e,e,e,e,e,e,e,e,e,e,e,e,e,e,e,e,e,e,e,e,e,e,e,e,e,e,e,e,e,e,e,e,e,e,e,e,e,e,e,e,e,e,e,e,e,e,e,e,e,e,e,e,e,e,e,e,e,e,e,e,e,e,e,e,e,e,e,e,e,e,e,e,e,e,e,e,e,e,e,e,e,e,e,e,e,e,e,e,e,e,e,e,e,e,e,e,e,e,e,e,e,e,e,e,e,e,e,e,e,e,e,e,e,e,e,e,e,e,e,e,e,e,e,e,e,e,e,e,e,e,e,e,e,e,e,e,e,e,e,4.37,5.71,9.28,14.30,19.46,24.02,28.22,33.31,39.56,45.91,51.03,53.76,56.70,57.32,56.27,54.18,52.27,51.82,52.24,53.04,53.80,54.18,53.03,50.62,47.03,42.24,38.23,34.35,30.50,27.34,24.25,22.18,21.05,20.55,20.49,21.44,23.46,26.45,29.69,33.74,38.16,42.35,45.40,47.18,48.18,48.00,45.94,42.41,38.20,33.22,27.51,21.50,14.85,10.12,6.91,4.31,e,e,e,e,e,e,e,e
e,e,e,e,e,e,e,e,e,e,e,e,e,e,e,e,e,e,e,e,e,e,e,e,e,e,e,e,e,e,e,e,e,e,e,e,e,e,e,e,e,e,e,e,e,e,e,e,e,e,e,e,e,e,e,e,e,e,e,e,e,e,e,e,e,e,e,e,e,e,e,e,e,e,e,e,e,e,e,e,e,e,e,e,e,e,e,e,e,e,e,e,e,e,e,e,e,e,e,e,e,e,e,e,e,e,e,e,e,e,e,e,e,e,e,e,e,e,e,e,e,e,e,e,e,e,e,e,e,e,e,e,e,e,e,e,e,e,e,e,e,e,e,e,e,e,e,e,e,e,e,e,e,e,e,e,e,e,e,e,e,e,e,e,e,e,e,e,e,e,e,e,e,e,e,e,e,e,e,e,e,e,e,e,e,e,e,e,e,e,e,e,2.71,3.90,7.34,12.14,18.61,24.45,29.43,35.21,41.18,46.91,51.41,53.67,55.82,55.38,53.47,50.93,48.56,47.41,47.27,48.00,49.57,50.94,50.87,49.47,46.80,43.28,39.59,35.72,31.73,27.95,23.83,20.84,19.07,18.33,18.20,19.29,21.37,24.23,27.16,30.71,34.76,38.85,42.16,44.26,45.65,45.73,43.73,40.63,36.85,32.06,26.18,19.70,12.94,8.52,5.70,3.22,e,e,e,e,e,e,e,e
e,e,e,e,e,e,e,e,e,e,e,e,e,e,e,e,e,e,e,e,e,e,e,e,e,e,e,e,e,e,e,e,e,e,e,e,e,e,e,e,e,e,e,e,e,e,e,e,e,e,e,e,e,e,e,e,e,e,e,e,e,e,e,e,e,e,e,e,e,e,e,e,e,e,e,e,e,e,e,e,e,e,e,e,e,e,e,e,e,e,e,e,e,e,e,e,e,e,e,e,e,e,e,e,e,e,e,e,e,e,e,e,e,e,e,e,e,e,e,e,e,e,e,e,e,e,e,e,e,e,e,e,e,e,e,e,e,e,e,e,e,e,e,e,e,e,e,e,e,e,e,e,e,e,e,e,e,e,e,e,e,e,e,e,e,e,e,e,e,e,e,e,e,e,e,e,e,e,e,e,e,e,e,e,e,e,e,e,e,e,e,e,1.58,2.99,6.89,11.68,18.79,25.60,31.48,37.48,42.86,47.75,51.60,53.52,54.66,53.50,51.15,48.32,45.61,43.74,43.08,43.71,45.63,46.87,47.30,46.79,45.27,43.73,40.73,37.02,33.02,28.88,24.29,20.38,17.60,16.33,16.10,17.37,19.46,21.98,24.61,27.46,31.08,35.17,38.75,41.08,42.81,43.24,41.56,38.97,35.62,31.11,25.19,18.11,11.70,7.43,4.54,2.16,e,e,e,e,e,e,e,e
e,e,e,e,e,e,e,e,e,e,e,e,e,e,e,e,e,e,e,e,e,e,e,e,e,e,e,e,e,e,e,e,e,e,e,e,e,e,e,e,e,e,e,e,e,e,e,e,e,e,e,e,e,e,e,e,e,e,e,e,e,e,e,e,e,e,e,e,e,e,e,e,e,e,e,e,e,e,e,e,e,e,e,e,e,e,e,e,e,e,e,e,e,e,e,e,e,e,e,e,e,e,e,e,e,e,e,e,e,e,e,e,e,e,e,e,e,e,e,e,e,e,e,e,e,e,e,e,e,e,e,e,e,e,e,e,e,e,e,e,e,e,e,e,e,e,e,e,e,e,e,e,e,e,e,e,e,e,e,e,e,e,e,e,e,e,e,e,e,e,e,e,e,e,e,e,e,e,e,e,e,e,e,e,e,e,e,e,e,e,e,e,0.93,2.74,7.61,12.96,20.05,27.19,33.63,39.27,44.25,48.34,51.36,52.87,53.08,51.78,49.44,46.39,43.44,40.79,39.28,39.08,40.18,41.27,42.30,42.78,42.34,41.75,39.61,36.48,32.73,28.66,24.14,19.87,16.35,14.24,13.89,15.03,16.76,18.65,20.48,22.48,26.22,30.94,34.29,37.09,39.28,40.39,39.69,37.30,34.28,30.11,24.53,17.94,11.80,7.22,3.84,1.32,e,e,e,e,e,e,e,e
e,e,e,e,e,e,e,e,e,e,e,e,e,e,e,e,e,e,e,e,e,e,e,e,e,e,e,e,e,e,e,e,e,e,e,e,e,e,e,e,e,e,e,e,e,e,e,e,e,e,e,e,e,e,e,e,e,e,e,e,e,e,e,e,e,e,e,e,e,e,e,e,e,e,e,e,e,e,e,e,e,e,e,e,e,e,e,e,e,e,e,e,e,e,e,e,e,e,e,e,e,e,e,e,e,e,e,e,e,e,e,e,e,e,e,e,e,e,e,e,e,e,e,e,e,e,e,e,e,e,e,e,e,e,e,e,e,e,e,e,e,e,e,e,e,e,e,e,e,e,e,e,e,e,e,e,e,e,e,e,e,e,e,e,e,e,e,e,e,e,e,e,e,e,e,e,e,e,e,e,e,e,e,e,e,e,e,e,e,e,e,e,0.60,3.56,9.43,15.16,22.37,29.39,35.48,40.50,44.86,48.20,50.59,51.89,51.72,50.40,48.08,44.92,41.80,38.46,36.03,34.73,34.61,35.17,36.34,37.45,37.98,37.98,36.66,34.23,30.93,27.25,23.07,18.59,14.54,12.02,11.52,12.32,13.60,15.01,16.32,17.78,21.30,25.99,29.15,32.13,34.77,36.76,37.41,35.70,33.16,29.39,24.27,18.37,12.70,7.75,3.84,1.01,e,e,e,e,e,e,e,e
e,e,e,e,e,e,e,e,e,e,e,e,e,e,e,e,e,e,e,e,e,e,e,e,e,e,e,e,e,e,e,e,e,e,e,e,e,e,e,e,e,e,e,e,e,e,e,e,e,e,e,e,e,e,e,e,e,e,e,e,e,e,e,e,e,e,e,e,e,e,e,e,e,e,e,e,e,e,e,e,e,e,e,e,e,e,e,e,e,e,e,e,e,e,e,e,e,e,e,e,e,e,e,e,e,e,e,e,e,e,e,e,e,e,e,e,e,e,e,e,e,e,e,e,e,e,e,e,e,e,e,e,e,e,e,e,e,e,e,e,e,e,e,e,e,e,e,e,e,e,e,e,e,e,e,e,e,e,e,e,e,e,e,e,e,e,e,e,e,e,e,e,e,e,e,e,e,e,e,e,e,e,e,e,e,e,e,e,e,e,e,e,e,e,12.36,18.03,25.62,32.08,36.79,40.95,44.41,47.06,49.13,50.51,50.68,49.40,47.05,43.90,40.69,36.79,33.41,30.89,29.30,28.88,29.47,30.66,31.93,32.29,31.71,30.04,27.38,24.34,20.70,16.12,11.82,9.57,8.92,9.18,10.00,11.20,12.45,13.82,16.56,20.27,23.48,26.23,29.25,32.31,34.57,34.17,32.30,29.02,24.42,19.19,14.23,8.87,4.73,e,e,e,e,e,e,e,e,e
e,e,e,e,e,e,e,e,e,e,e,e,e,e,e,e,e,e,e,e,e,e,e,e,e,e,e,e,e,e,e,e,e,e,e,e,e,e,e,e,e,e,e,e,e,e,e,e,e,e,e,e,e,e,e,e,e,e,e,e,e,e,e,e,e,e,e,e,e,e,e,e,e,e,e,e,e,e,e,e,e,e,e,e,e,e,e,e,e,e,e,e,e,e,e,e,e,e,e,e,e,e,e,e,e,e,e,e,e,e,e,e,e,e,e,e,e,e,e,e,e,e,e,e,e,e,e,e,e,e,e,e,e,e,e,e,e,e,e,e,e,e,e,e,e,e,e,e,e,e,e,e,e,e,e,e,e,e,e,e,e,e,e,e,e,e,e,e,e,e,e,e,e,e,e,e,e,e,e,e,e,e,e,e,e,e,e,e,e,e,e,e,e,e,11.78,18.72,26.31,32.25,36.35,39.85,42.35,44.58,46.57,48.00,48.85,47.98,45.93,43.02,39.57,35.04,31.06,27.93,25.45,23.87,23.39,23.75,24.68,25.42,25.38,24.35,22.27,19.30,15.34,10.93,7.30,5.95,5.59,5.78,6.44,7.54,8.73,10.04,12.24,15.40,19.25,22.55,26.05,29.51,32.14,32.43,31.02,28.09,23.85,19.02,14.04,7.54,2.34,e,e,e,e,e,e,e,e,e
e,e,e,e,e,e,e,e,e,e,e,e,e,e,e,e,e,e,e,e,e,e,e,e,e,e,e,e,e,e,e,e,e,e,e,e,e,e,e,e,e,e,e,e,e,e,e,e,e,e,e,e,e,e,e,e,e,e,e,e,e,e,e,e,e,e,e,e,e,e,e,e,e,e,e,e,e,e,e,e,e,e,e,e,e,e,e,e,e,e,e,e,e,e,e,e,e,e,e,e,e,e,e,e,e,e,e,e,e,e,e,e,e,e,e,e,e,e,e,e,e,e,e,e,e,e,e,e,e,e,e,e,e,e,e,e,e,e,e,e,e,e,e,e,e,e,e,e,e,e,e,e,e,e,e,e,e,e,e,e,e,e,e,e,e,e,e,e,e,e,e,e,e,e,e,e,e,e,e,e,e,e,e,e,e,e,e,e,e,e,e,e,e,e,10.64,17.45,24.82,30.82,34.91,37.92,39.80,41.77,43.74,45.24,46.67,46.38,44.80,42.10,38.33,33.26,28.82,25.25,21.98,19.05,17.56,17.25,17.83,18.73,18.87,18.03,16.09,13.02,10.31,6.76,3.79,3.18,3.10,3.33,3.93,4.96,6.07,6.55,7.82,10.46,14.87,18.99,22.94,26.55,29.26,30.04,29.16,26.77,23.03,18.57,13.56,6.71,0.00,e,e,e,e,e,e,e,e,e
e,e,e,e,e,e,e,e,e,e,e,e,e,e,e,e,e,e,e,e,e,e,e,e,e,e,e,e,e,e,e,e,e,e,e,e,e,e,e,e,e,e,e,e,e,e,e,e,e,e,e,e,e,e,e,e,e,e,e,e,e,e,e,e,e,e,e,e,e,e,e,e,e,e,e,e,e,e,e,e,e,e,e,e,e,e,e,e,e,e,e,e,e,e,e,e,e,e,e,e,e,e,e,e,e,e,e,e,e,e,e,e,e,e,e,e,e,e,e,e,e,e,e,e,e,e,e,e,e,e,e,e,e,e,e,e,e,e,e,e,e,e,e,e,e,e,e,e,e,e,e,e,e,e,e,e,e,e,e,e,e,e,e,e,e,e,e,e,e,e,e,e,e,e,e,e,e,e,e,e,e,e,e,e,e,e,e,e,e,e,e,e,e,e,e,12.30,19.69,27.17,32.15,34.99,37.08,39.04,40.92,42.56,44.09,44.62,43.70,40.98,36.81,31.46,26.72,22.69,18.52,13.87,11.86,11.80,12.69,13.21,12.76,11.14,8.30,4.72,e,e,e,e,e,e,e,e,e,2.41,2.88,4.77,9.27,14.38,18.64,22.19,25.05,26.20,26.16,24.83,22.07,18.02,13.40,10.83,e,e,e,e,e,e,e,e,e,e
e,e,e,e,e,e,e,e,e,e,e,e,e,e,e,e,e,e,e,e,e,e,e,e,e,e,e,e,e,e,e,e,e,e,e,e,e,e,e,e,e,e,e,e,e,e,e,e,e,e,e,e,e,e,e,e,e,e,e,e,e,e,e,e,e,e,e,e,e,e,e,e,e,e,e,e,e,e,e,e,e,e,e,e,e,e,e,e,e,e,e,e,e,e,e,e,e,e,e,e,e,e,e,e,e,e,e,e,e,e,e,e,e,e,e,e,e,e,e,e,e,e,e,e,e,e,e,e,e,e,e,e,e,e,e,e,e,e,e,e,e,e,e,e,e,e,e,e,e,e,e,e,e,e,e,e,e,e,e,e,e,e,e,e,e,e,e,e,e,e,e,e,e,e,e,e,e,e,e,e,e,e,e,e,e,e,e,e,e,e,e,e,e,e,e,10.71,18.27,20.70,20.97,30.92,34.22,36.14,38.23,40.35,42.10,43.02,42.55,40.05,35.31,29.94,25.14,20.72,15.80,10.93,8.40,7.67,7.83,7.20,8.61,9.23,6.14,2.33,e,e,e,e,e,e,e,e,e,1.10,1.52,3.20,7.57,9.50,13.30,17.74,20.75,22.30,22.79,22.02,19.75,15.93,10.78,8.59,e,e,e,e,e,e,e,e,e,e
e,e,e,e,e,e,e,e,e,e,e,e,e,e,e,e,e,e,e,e,e,e,e,e,e,e,e,e,e,e,e,e,e,e,e,e,e,e,e,e,e,e,e,e,e,e,e,e,e,e,e,e,e,e,e,e,e,e,e,e,e,e,e,e,e,e,e,e,e,e,e,e,e,e,e,e,e,e,e,e,e,e,e,e,e,e,e,e,e,e,e,e,e,e,e,e,e,e,e,e,e,e,e,e,e,e,e,e,e,e,e,e,e,e,e,e,e,e,e,e,e,e,e,e,e,e,e,e,e,e,e,e,e,e,e,e,e,e,e,e,e,e,e,e,e,e,e,e,e,e,e,e,e,e,e,e,e,e,e,e,e,e,e,e,e,e,e,e,e,e,e,e,e,e,e,e,e,e,e,e,e,e,e,e,e,e,e,e,e,e,e,e,e,e,e,e,e,5.10,9.27,27.07,29.44,31.73,35.51,38.12,40.10,41.23,41.05,38.82,33.87,28.69,23.89,19.11,13.52,8.92,5.93,4.44,4.00,2.19,1.90,e,e,e,e,e,e,e,e,e,e,e,e,e,e,e,e,4.38,8.26,12.87,16.03,18.12,18.76,18.22,16.37,12.73,7.73,5.39,e,e,e,e,e,e,e,e,e,e
e,e,e,e,e,e,e,e,e,e,e,e,e,e,e,e,e,e,e,e,e,e,e,e,e,e,e,e,e,e,e,e,e,e,e,e,e,e,e,e,e,e,e,e,e,e,e,e,e,e,e,e,e,e,e,e,e,e,e,e,e,e,e,e,e,e,e,e,e,e,e,e,e,e,e,e,e,e,e,e,e,e,e,e,e,e,e,e,e,e,e,e,e,e,e,e,e,e,e,e,e,e,e,e,e,e,e,e,e,e,e,e,e,e,e,e,e,e,e,e,e,e,e,e,e,e,e,e,e,e,e,e,e,e,e,e,e,e,e,e,e,e,e,e,e,e,e,e,e,e,e,e,e,e,e,e,e,e,e,e,e,e,e,e,e,e,e,e,e,e,e,e,e,e,e,e,e,e,e,e,e,e,e,e,e,e,e,e,e,e,e,e,e,e,e,e,e,e,e,e,14.92,22.01,32.55,35.10,37.29,38.52,38.32,36.28,32.62,27.99,23.16,17.97,11.86,7.23,3.91,2.33,e,e,e,e,e,e,e,e,e,e,e,e,e,e,e,e,e,e,e,e,5.13,6.57,9.88,12.98,12.79,12.02,10.93,7.39,6.29,e,e,e,e,e,e,e,e,e,e,e
e,e,e,e,e,e,e,e,e,e,e,e,e,e,e,e,e,e,e,e,e,e,e,e,e,e,e,e,e,e,e,e,e,e,e,e,e,e,e,e,e,e,e,e,e,e,e,e,e,e,e,e,e,e,e,e,e,e,e,e,e,e,e,e,e,e,e,e,e,e,e,e,e,e,e,e,e,e,e,e,e,e,e,e,e,e,e,e,e,e,e,e,e,e,e,e,e,e,e,e,e,e,e,e,e,e,e,e,e,e,e,e,e,e,e,e,e,e,e,e,e,e,e,e,e,e,e,e,e,e,e,e,e,e,e,e,e,e,e,e,e,e,e,e,e,e,e,e,e,e,e,e,e,e,e,e,e,e,e,e,e,e,e,e,e,e,e,e,e,e,e,e,e,e,e,e,e,e,e,e,e,e,e,e,e,e,e,e,e,e,e,e,e,e,e,e,e,e,e,e,6.40,17.83,30.73,30.11,33.93,35.54,35.21,33.42,30.64,26.66,22.01,16.68,10.65,6.63,3.08,1.20,e,e,e,e,e,e,e,e,e,e,e,e,e,e,e,e,e,e,e,e,2.70,3.92,7.29,10.82,10.25,9.38,8.62,5.02,4.30,e,e,e,e,e,e,e,e,e,e,e
e,e,e,e,e,e,e,e,e,e,e,e,e,e,e,e,e,e,e,e,e,e,e,e,e,e,e,e,e,e,e,e,e,e,e,e,e,e,e,e,e,e,e,e,e,e,e,e,e,e,e,e,e,e,e,e,e,e,e,e,e,e,e,e,e,e,e,e,e,e,e,e,e,e,e,e,e,e,e,e,e,e,e,e,e,e,e,e,e,e,e,e,e,e,e,e,e,e,e,e,e,e,e,e,e,e,e,e,e,e,e,e,e,e,e,e,e,e,e,e,e,e,e,e,e,e,e,e,e,e,e,e,e,e,e,e,e,e,e,e,e,e,e,e,e,e,e,e,e,e,e,e,e,e,e,e,e,e,e,e,e,e,e,e,e,e,e,e,e,e,e,e,e,e,e,e,e,e,e,e,e,e,e,e,e,e,e,e,e,e,e,e,e,e,e,e,e,e,e,e,e,e,e,24.03,29.54,31.81,31.78,30.32,27.99,24.67,20.40,15.17,9.42,e,e,e,e,e,e,e,e,e,e,e,e,e,e,e,e,e,e,e,e,e,e,e,e,e,e,e,e,e,e,e,e,e,e,e,e,e,e,e,e,e,e,e
e,e,e,e,e,e,e,e,e,e,e,e,e,e,e,e,e,e,e,e,e,e,e,e,e,e,e,e,e,e,e,e,e,e,e,e,e,e,e,e,e,e,e,e,e,e,e,e,e,e,e,e,e,e,e,e,e,e,e,e,e,e,e,e,e,e,e,e,e,e,e,e,e,e,e,e,e,e,e,e,e,e,e,e,e,e,e,e,e,e,e,e,e,e,e,e,e,e,e,e,e,e,e,e,e,e,e,e,e,e,e,e,e,e,e,e,e,e,e,e,e,e,e,e,e,e,e,e,e,e,e,e,e,e,e,e,e,e,e,e,e,e,e,e,e,e,e,e,e,e,e,e,e,e,e,e,e,e,e,e,e,e,e,e,e,e,e,e,e,e,e,e,e,e,e,e,e,e,e,e,e,e,e,e,e,e,e,e,e,e,e,e,e,e,e,e,e,e,e,e,e,e,e,22.38,20.38,24.74,27.85,26.82,24.48,21.57,17.96,13.10,6.66,e,e,e,e,e,e,e,e,e,e,e,e,e,e,e,e,e,e,e,e,e,e,e,e,e,e,e,e,e,e,e,e,e,e,e,e,e,e,e,e,e,e,e
e,e,e,e,e,e,e,e,e,e,e,e,e,e,e,e,e,e,e,e,e,e,e,e,e,e,e,e,e,e,e,e,e,e,e,e,e,e,e,e,e,e,e,e,e,e,e,e,e,e,e,e,e,e,e,e,e,e,e,e,e,e,e,e,e,e,e,e,e,e,e,e,e,e,e,e,e,e,e,e,e,e,e,e,e,e,e,e,e,e,e,e,e,e,e,e,e,e,e,e,e,e,e,e,e,e,e,e,e,e,e,e,e,e,e,e,e,e,e,e,e,e,e,e,e,e,e,e,e,e,e,e,e,e,e,e,e,e,e,e,e,e,e,e,e,e,e,e,e,e,e,e,e,e,e,e,e,e,e,e,e,e,e,e,e,e,e,e,e,e,e,e,e,e,e,e,e,e,e,e,e,e,e,e,e,e,e,e,e,e,e,e,e,e,e,e,e,e,e,e,e,e,e,e,13.70,20.52,24.14,21.77,20.29,17.10,13.61,9.94,4.91,e,e,e,e,e,e,e,e,e,e,e,e,e,e,e,e,e,e,e,e,e,e,e,e,e,e,e,e,e,e,e,e,e,e,e,e,e,e,e,e,e,e,e
e,e,e,e,e,e,e,e,e,e,e,e,e,e,e,e,e,e,e,e,e,e,e,e,e,e,e,e,e,e,e,e,e,e,e,e,e,e,e,e,e,e,e,e,e,e,e,e,e,e,e,e,e,e,e,e,e,e,e,e,e,e,e,e,e,e,e,e,e,e,e,e,e,e,e,e,e,e,e,e,e,e,e,e,e,e,e,e,e,e,e,e,e,e,e,e,e,e,e,e,e,e,e,e,e,e,e,e,e,e,e,e,e,e,e,e,e,e,e,e,e,e,e,e,e,e,e,e,e,e,e,e,e,e,e,e,e,e,e,e,e,e,e,e,e,e,e,e,e,e,e,e,e,e,e,e,e,e,e,e,e,e,e,e,e,e,e,e,e,e,e,e,e,e,e,e,e,e,e,e,e,e,e,e,e,e,e,e,e,e,e,e,e,e,e,e,e,e,e,e,e,e,e,e,e,e,15.66,15.08,15.72,11.54,7.45,5.18,e,e,e,e,e,e,e,e,e,e,e,e,e,e,e,e,e,e,e,e,e,e,e,e,e,e,e,e,e,e,e,e,e,e,e,e,e,e,e,e,e,e,e,e
e,e,e,e,e,e,e,e,e,e,e,e,e,e,e,e,e,e,e,e,e,e,e,e,e,e,e,e,e,e,e,e,e,e,e,e,e,e,e,e,e,e,e,e,e,e,e,e,e,e,e,e,e,e,e,e,e,e,e,e,e,e,e,e,e,e,e,e,e,e,e,e,e,e,e,e,e,e,e,e,e,e,e,e,e,e,e,e,e,e,e,e,e,e,e,e,e,e,e,e,e,e,e,e,e,e,e,e,e,e,e,e,e,e,e,e,e,e,e,e,e,e,e,e,e,e,e,e,e,e,e,e,e,e,e,e,e,e,e,e,e,e,e,e,e,e,e,e,e,e,e,e,e,e,e,e,e,e,e,e,e,e,e,e,e,e,e,e,e,e,e,e,e,e,e,e,e,e,e,e,e,e,e,e,e,e,e,e,e,e,e,e,e,e,e,e,e,e,e,e,e,e,e,e,e,e,13.40,13.70,14.80,10.43,6.22,4.10,e,e,e,e,e,e,e,e,e,e,e,e,e,e,e,e,e,e,e,e,e,e,e,e,e,e,e,e,e,e,e,e,e,e,e,e,e,e,e,e,e,e,e,e
e,e,e,e,e,e,e,e,e,e,e,e,e,e,e,e,e,e,e,e,e,e,e,e,e,e,e,e,e,e,e,e,e,e,e,e,e,e,e,e,e,e,e,e,e,e,e,e,e,e,e,e,e,e,e,e,e,e,e,e,e,e,e,e,e,e,e,e,e,e,e,e,e,e,e,e,e,e,e,e,e,e,e,e,e,e,e,e,e,e,e,e,e,e,e,e,e,e,e,e,e,e,e,e,e,e,e,e,e,e,e,e,e,e,e,e,e,e,e,e,e,e,e,e,e,e,e,e,e,e,e,e,e,e,e,e,e,e,e,e,e,e,e,e,e,e,e,e,e,e,e,e,e,e,e,e,e,e,e,e,e,e,e,e,e,e,e,e,e,e,e,e,e,e,e,e,e,e,e,e,e,e,e,e,e,e,e,e,e,e,e,e,e,e,e,e,e,e,e,e,e,e,e,e,e,e,e,e,e,e,e,e,e,e,e,e,e,e,e,e,e,e,e,e,e,e,e,e,e,e,e,e,e,e,e,e,e,e,e,e,e,e,e,e,e,e,e,e,e,e,e,e,e,e,e,e
e,e,e,e,e,e,e,e,e,e,e,e,e,e,e,e,e,e,e,e,e,e,e,e,e,e,e,e,e,e,e,e,e,e,e,e,e,e,e,e,e,e,e,e,e,e,e,e,e,e,e,e,e,e,e,e,e,e,e,e,e,e,e,e,e,e,e,e,e,e,e,e,e,e,e,e,e,e,e,e,e,e,e,e,e,e,e,e,e,e,e,e,e,e,e,e,e,e,e,e,e,e,e,e,e,e,e,e,e,e,e,e,e,e,e,e,e,e,e,e,e,e,e,e,e,e,e,e,e,e,e,e,e,e,e,e,e,e,e,e,e,e,e,e,e,e,e,e,e,e,e,e,e,e,e,e,e,e,e,e,e,e,e,e,e,e,e,e,e,e,e,e,e,e,e,e,e,e,e,e,e,e,e,e,e,e,e,e,e,e,e,e,e,e,e,e,e,e,e,e,e,e,e,e,e,e,e,e,e,e,e,e,e,e,e,e,e,e,e,e,e,e,e,e,e,e,e,e,e,e,e,e,e,e,e,e,e,e,e,e,e,e,e,e,e,e,e,e,e,e,e,e,e,e,e,e
e,e,e,e,e,e,e,e,e,e,e,e,e,e,e,e,e,e,e,e,e,e,e,e,e,e,e,e,e,e,e,e,e,e,e,e,e,e,e,e,e,e,e,e,e,e,e,e,e,e,e,e,e,e,e,e,e,e,e,e,e,e,e,e,e,e,e,e,e,e,e,e,e,e,e,e,e,e,e,e,e,e,e,e,e,e,e,e,e,e,e,e,e,e,e,e,e,e,e,e,e,e,e,e,e,e,e,e,e,e,e,e,e,e,e,e,e,e,e,e,e,e,e,e,e,e,e,e,e,e,e,e,e,e,e,e,e,e,e,e,e,e,e,e,e,e,e,e,e,e,e,e,e,e,e,e,e,e,e,e,e,e,e,e,e,e,e,e,e,e,e,e,e,e,e,e,e,e,e,e,e,e,e,e,e,e,e,e,e,e,e,e,e,e,e,e,e,e,e,e,e,e,e,e,e,e,e,e,e,e,e,e,e,e,e,e,e,e,e,e,e,e,e,e,e,e,e,e,e,e,e,e,e,e,e,e,e,e,e,e,e,e,e,e,e,e,e,e,e,e,e,e,e,e,e,e
e,e,e,e,e,e,e,e,e,e,e,e,e,e,e,e,e,e,e,e,e,e,e,e,e,e,e,e,e,e,e,e,e,e,e,e,e,e,e,e,e,e,e,e,e,e,e,e,e,e,e,e,e,e,e,e,e,e,e,e,e,e,e,e,e,e,e,e,e,e,e,e,e,e,e,e,e,e,e,e,e,e,e,e,e,e,e,e,e,e,e,e,e,e,e,e,e,e,e,e,e,e,e,e,e,e,e,e,e,e,e,e,e,e,e,e,e,e,e,e,e,e,e,e,e,e,e,e,e,e,e,e,e,e,e,e,e,e,e,e,e,e,e,e,e,e,e,e,e,e,e,e,e,e,e,e,e,e,e,e,e,e,e,e,e,e,e,e,e,e,e,e,e,e,e,e,e,e,e,e,e,e,e,e,e,e,e,e,e,e,e,e,e,e,e,e,e,e,e,e,e,e,e,e,e,e,e,e,e,e,e,e,e,e,e,e,e,e,e,e,e,e,e,e,e,e,e,e,e,e,e,e,e,e,e,e,e,e,e,e,e,e,e,e,e,e,e,e,e,e,e,e,e,e,e,e
e,e,e,e,e,e,e,e,e,e,e,e,e,e,e,e,e,e,e,e,e,e,e,e,e,e,e,e,e,e,e,e,e,e,e,e,e,e,e,e,e,e,e,e,e,e,e,e,e,e,e,e,e,e,e,e,e,e,e,e,e,e,e,e,e,e,e,e,e,e,e,e,e,e,e,e,e,e,e,e,e,e,e,e,e,e,e,e,e,e,e,e,e,e,e,e,e,e,e,e,e,e,e,e,e,e,e,e,e,e,e,e,e,e,e,e,e,e,e,e,e,e,e,e,e,e,e,e,e,e,e,e,e,e,e,e,e,e,e,e,e,e,e,e,e,e,e,e,e,e,e,e,e,e,e,e,e,e,e,e,e,e,e,e,e,e,e,e,e,e,e,e,e,e,e,e,e,e,e,e,e,e,e,e,e,e,e,e,e,e,e,e,e,e,e,e,e,e,e,e,e,e,e,e,e,e,e,e,e,e,e,e,e,e,e,e,e,e,e,e,e,e,e,e,e,e,e,e,e,e,e,e,e,e,e,e,e,e,e,e,e,e,e,e,e,e,e,e,e,e,e,e,e,e,e,e
e,e,e,e,e,e,e,e,e,e,e,e,e,e,e,e,e,e,e,e,e,e,e,e,e,e,e,e,e,e,e,e,e,e,e,e,e,e,e,e,e,e,e,e,e,e,e,e,e,e,e,e,e,e,e,e,e,e,e,e,e,e,e,e,e,e,e,e,e,e,e,e,e,e,e,e,e,e,e,e,e,e,e,e,e,e,e,e,e,e,e,e,e,e,e,e,e,e,e,e,e,e,e,e,e,e,e,e,e,e,e,e,e,e,e,e,e,e,e,e,e,e,e,e,e,e,e,e,e,e,e,e,e,e,e,e,e,e,e,e,e,e,e,e,e,e,e,e,e,e,e,e,e,e,e,e,e,e,e,e,e,e,e,e,e,e,e,e,e,e,e,e,e,e,e,e,e,e,e,e,e,e,e,e,e,e,e,e,e,e,e,e,e,e,e,e,e,e,e,e,e,e,e,e,e,e,e,e,e,e,e,e,e,e,e,e,e,e,e,e,e,e,e,e,e,e,e,e,e,e,e,e,e,e,e,e,e,e,e,e,e,e,e,e,e,e,e,e,e,e,e,e,e,e,e,e
e,e,e,e,e,e,e,e,e,e,e,e,e,e,e,e,e,e,e,e,e,e,e,e,e,e,e,e,e,e,e,e,e,e,e,e,e,e,e,e,e,e,e,e,e,e,e,e,e,e,e,e,e,e,e,e,e,e,e,e,e,e,e,e,e,e,e,e,e,e,e,e,e,e,e,e,e,e,e,e,e,e,e,e,e,e,e,e,e,e,e,e,e,e,e,e,e,e,e,e,e,e,e,e,e,e,e,e,e,e,e,e,e,e,e,e,e,e,e,e,e,e,e,e,e,e,e,e,e,e,e,e,e,e,e,e,e,e,e,e,e,e,e,e,e,e,e,e,e,e,e,e,e,e,e,e,e,e,e,e,e,e,e,e,e,e,e,e,e,e,e,e,e,e,e,e,e,e,e,e,e,e,e,e,e,e,e,e,e,e,e,e,e,e,e,e,e,e,e,e,e,e,e,e,e,e,e,e,e,e,e,e,e,e,e,e,e,e,e,e,e,e,e,e,e,e,e,e,e,e,e,e,e,e,e,e,e,e,e,e,e,e,e,e,e,e,e,e,e,e,e,e,e,e,e,e
e,e,e,e,e,e,e,e,e,e,e,e,e,e,e,e,e,e,e,e,e,e,e,e,e,e,e,e,e,e,e,e,e,e,e,e,e,e,e,e,e,e,e,e,e,e,e,e,e,e,e,e,e,e,e,e,e,e,e,e,e,e,e,e,e,e,e,e,e,e,e,e,e,e,e,e,e,e,e,e,e,e,e,e,e,e,e,e,e,e,e,e,e,e,e,e,e,e,e,e,e,e,e,e,e,e,e,e,e,e,e,e,e,e,e,e,e,e,e,e,e,e,e,e,e,e,e,e,e,e,e,e,e,e,e,e,e,e,e,e,e,e,e,e,e,e,e,e,e,e,e,e,e,e,e,e,e,e,e,e,e,e,e,e,e,e,e,e,e,e,e,e,e,e,e,e,e,e,e,e,e,e,e,e,e,e,e,e,e,e,e,e,e,e,e,e,e,e,e,e,e,e,e,e,e,e,e,e,e,e,e,e,e,e,e,e,e,e,e,e,e,e,e,e,e,e,e,e,e,e,e,e,e,e,e,e,e,e,e,e,e,e,e,e,e,e,e,e,e,e,e,e,e,e,e,e
e,e,e,e,e,e,e,e,e,e,e,e,e,e,e,e,e,e,e,e,e,e,e,e,e,e,e,e,e,e,e,e,e,e,e,e,e,e,e,e,e,e,e,e,e,e,e,e,e,e,e,e,e,e,e,e,e,e,e,e,e,e,e,e,e,e,e,e,e,e,e,e,e,e,e,e,e,e,e,e,e,e,e,e,e,e,e,e,e,e,e,e,e,e,e,e,e,e,e,e,e,e,e,e,e,e,e,e,e,e,e,e,e,e,e,e,e,e,e,e,e,e,e,e,e,e,e,e,e,e,e,e,e,e,e,e,e,e,e,e,e,e,e,e,e,e,e,e,e,e,e,e,e,e,e,e,e,e,e,e,e,e,e,e,e,e,e,e,e,e,e,e,e,e,e,e,e,e,e,e,e,e,e,e,e,e,e,e,e,e,e,e,e,e,e,e,e,e,e,e,e,e,e,e,e,e,e,e,e,e,e,e,e,e,e,e,e,e,e,e,e,e,e,e,e,e,e,e,e,e,e,e,e,e,e,e,e,e,e,e,e,e,e,e,e,e,e,e,e,e,e,e,e,e,e,e
e,e,e,e,e,e,e,e,e,e,e,e,e,e,e,e,e,e,e,e,e,e,e,e,e,e,e,e,e,e,e,e,e,e,e,e,e,e,e,e,e,e,e,e,e,e,e,e,e,e,e,e,e,e,e,e,e,e,e,e,e,e,e,e,e,e,e,e,e,e,e,e,e,e,e,e,e,e,e,e,e,e,e,e,e,e,e,e,e,e,e,e,e,e,e,e,e,e,e,e,e,e,e,e,e,e,e,e,e,e,e,e,e,e,e,e,e,e,e,e,e,e,e,e,e,e,e,e,e,e,e,e,e,e,e,e,e,e,e,e,e,e,e,e,e,e,e,e,e,e,e,e,e,e,e,e,e,e,e,e,e,e,e,e,e,e,e,e,e,e,e,e,e,e,e,e,e,e,e,e,e,e,e,e,e,e,e,e,e,e,e,e,e,e,e,e,e,e,e,e,e,e,e,e,e,e,e,e,e,e,e,e,e,e,e,e,e,e,e,e,e,e,e,e,e,e,e,e,e,e,e,e,e,e,e,e,e,e,e,e,e,e,e,e,e,e,e,e,e,e,e,e,e,e,e,e
e,e,e,e,e,e,e,e,e,e,e,e,e,e,e,e,e,e,e,e,e,e,e,e,e,e,e,e,e,e,e,e,e,e,e,e,e,e,e,e,e,e,e,e,e,e,e,e,e,e,e,e,e,e,e,e,e,e,e,e,e,e,e,e,e,e,e,e,e,e,e,e,e,e,e,e,e,e,e,e,e,e,e,e,e,e,e,e,e,e,e,e,e,e,e,e,e,e,e,e,e,e,e,e,e,e,e,e,e,e,e,e,e,e,e,e,e,e,e,e,e,e,e,e,e,e,e,e,e,e,e,e,e,e,e,e,e,e,e,e,e,e,e,e,e,e,e,e,e,e,e,e,e,e,e,e,e,e,e,e,e,e,e,e,e,e,e,e,e,e,e,e,e,e,e,e,e,e,e,e,e,e,e,e,e,e,e,e,e,e,e,e,e,e,e,e,e,e,e,e,e,e,e,e,e,e,e,e,e,e,e,e,e,e,e,e,e,e,e,e,e,e,e,e,e,e,e,e,e,e,e,e,e,e,e,e,e,e,e,e,e,e,e,e,e,e,e,e,e,e,e,e,e,e,e,e
e,e,e,e,e,e,e,e,e,e,e,e,e,e,e,e,e,e,e,e,e,e,e,e,e,e,e,e,e,e,e,e,e,e,e,e,e,e,e,e,e,e,e,e,e,e,e,e,e,e,e,e,e,e,e,e,e,e,e,e,e,e,e,e,e,e,e,e,e,e,e,e,e,e,e,e,e,e,e,e,e,e,e,e,e,e,e,e,e,e,e,e,e,e,e,e,e,e,e,e,e,e,e,e,e,e,e,e,e,e,e,e,e,e,e,e,e,e,e,e,e,e,e,e,e,e,e,e,e,e,e,e,e,e,e,e,e,e,e,e,e,e,e,e,e,e,e,e,e,e,e,e,e,e,e,e,e,e,e,e,e,e,e,e,e,e,e,e,e,e,e,e,e,e,e,e,e,e,e,e,e,e,e,e,e,e,e,e,e,e,e,e,e,e,e,e,e,e,e,e,e,e,e,e,e,e,e,e,e,e,e,e,e,e,e,e,e,e,e,e,e,e,e,e,e,e,e,e,e,e,e,e,e,e,e,e,e,e,e,e,e,e,e,e,e,e,e,e,e,e,e,e,e,e,e,e
e,e,e,e,e,e,e,e,e,e,e,e,e,e,e,e,e,e,e,e,e,e,e,e,e,e,e,e,e,e,e,e,e,e,e,e,e,e,e,e,e,e,e,e,e,e,e,e,e,e,e,e,e,e,e,e,e,e,e,e,e,e,e,e,e,e,e,e,e,e,e,e,e,e,e,e,e,e,e,e,e,e,e,e,e,e,e,e,e,e,e,e,e,e,e,e,e,e,e,e,e,e,e,e,e,e,e,e,e,e,e,e,e,e,e,e,e,e,e,e,e,e,e,e,e,e,e,e,e,e,e,e,e,e,e,e,e,e,e,e,e,e,e,e,e,e,e,e,e,e,e,e,e,e,e,e,e,e,e,e,e,e,e,e,e,e,e,e,e,e,e,e,e,e,e,e,e,e,e,e,e,e,e,e,e,e,e,e,e,e,e,e,e,e,e,e,e,e,e,e,e,e,e,e,e,e,e,e,e,e,e,e,e,e,e,e,e,e,e,e,e,e,e,e,e,e,e,e,e,e,e,e,e,e,e,e,e,e,e,e,e,e,e,e,e,e,e,e,e,e,e,e,e,e,e,e
e,e,e,e,e,e,e,e,e,e,e,e,e,e,e,e,e,e,e,e,e,e,e,e,e,e,e,e,e,e,e,e,e,e,e,e,e,e,e,e,e,e,e,e,e,e,e,e,e,e,e,e,e,e,e,e,e,e,e,e,e,e,e,e,e,e,e,e,e,e,e,e,e,e,e,e,e,e,e,e,e,e,e,e,e,e,e,e,e,e,e,e,e,e,e,e,e,e,e,e,e,e,e,e,e,e,e,e,e,e,e,e,e,e,e,e,e,e,e,e,e,e,e,e,e,e,e,e,e,e,e,e,e,e,e,e,e,e,e,e,e,e,e,e,e,e,e,e,e,e,e,e,e,e,e,e,e,e,e,e,e,e,e,e,e,e,e,e,e,e,e,e,e,e,e,e,e,e,e,e,e,e,e,e,e,e,e,e,e,e,e,e,e,e,e,e,e,e,e,e,e,e,e,e,e,e,e,e,e,e,e,e,e,e,e,e,e,e,e,e,e,e,e,e,e,e,e,e,e,e,e,e,e,e,e,e,e,e,e,e,e,e,e,e,e,e,e,e,e,e,e,e,e,e,e,e
e,e,e,e,e,e,e,e,e,e,e,e,e,e,e,e,e,e,e,e,e,e,e,e,e,e,e,e,e,e,e,e,e,e,e,e,e,e,e,e,e,e,e,e,e,e,e,e,e,e,e,e,e,e,e,e,e,e,e,e,e,e,e,e,e,e,e,e,e,e,e,e,e,e,e,e,e,e,e,e,e,e,e,e,e,e,e,e,e,e,e,e,e,e,e,e,e,e,e,e,e,e,e,e,e,e,e,e,e,e,e,e,e,e,e,e,e,e,e,e,e,e,e,e,e,e,e,e,e,e,e,e,e,e,e,e,e,e,e,e,e,e,e,e,e,e,e,e,e,e,e,e,e,e,e,e,e,e,e,e,e,e,e,e,e,e,e,e,e,e,e,e,e,e,e,e,e,e,e,e,e,e,e,e,e,e,e,e,e,e,e,e,e,e,e,e,e,e,e,e,e,e,e,e,e,e,e,e,e,e,e,e,e,e,e,e,e,e,e,e,e,e,e,e,e,e,e,e,e,e,e,e,e,e,e,e,e,e,e,e,e,e,e,e,e,e,e,e,e,e,e,e,e,e,e,e
e,e,e,e,e,e,e,e,e,e,e,e,e,e,e,e,e,e,e,e,e,e,e,e,e,e,e,e,e,e,e,e,e,e,e,e,e,e,e,e,e,e,e,e,e,e,e,e,e,e,e,e,e,e,e,e,e,e,e,e,e,e,e,e,e,e,e,e,e,e,e,e,e,e,e,e,e,e,e,e,e,e,e,e,e,e,e,e,e,e,e,e,e,e,e,e,e,e,e,e,e,e,e,e,e,e,e,e,e,e,e,e,e,e,e,e,e,e,e,e,e,e,e,e,e,e,e,e,e,e,e,e,e,e,e,e,e,e,e,e,e,e,e,e,e,e,e,e,e,e,e,e,e,e,e,e,e,e,e,e,e,e,e,e,e,e,e,e,e,e,e,e,e,e,e,e,e,e,e,e,e,e,e,e,e,e,e,e,e,e,e,e,e,e,e,e,e,e,e,e,e,e,e,e,e,e,e,e,e,e,e,e,e,e,e,e,e,e,e,e,e,e,e,e,e,e,e,e,e,e,e,e,e,e,e,e,e,e,e,e,e,e,e,e,e,e,e,e,e,e,e,e,e,e,e,e
e,e,e,e,e,e,e,e,e,e,e,e,e,e,e,e,e,e,e,e,e,e,e,e,e,e,e,e,e,e,e,e,e,e,e,e,e,e,e,e,e,e,e,e,e,e,e,e,e,e,e,e,e,e,e,e,e,e,e,e,e,e,e,e,e,e,e,e,e,e,e,e,e,e,e,e,e,e,e,e,e,e,e,e,e,e,e,e,e,e,e,e,e,e,e,e,e,e,e,e,e,e,e,e,e,e,e,e,e,e,e,e,e,e,e,e,e,e,e,e,e,e,e,e,e,e,e,e,e,e,e,e,e,e,e,e,e,e,e,e,e,e,e,e,e,e,e,e,e,e,e,e,e,e,e,e,e,e,e,e,e,e,e,e,e,e,e,e,e,e,e,e,e,e,e,e,e,e,e,e,e,e,e,e,e,e,e,e,e,e,e,e,e,e,e,e,e,e,e,e,e,e,e,e,e,e,e,e,e,e,e,e,e,e,e,e,e,e,e,e,e,e,e,e,e,e,e,e,e,e,e,e,e,e,e,e,e,e,e,e,e,e,e,e,e,e,e,e,e,e,e,e,e,e,e,e
e,e,e,e,e,e,e,e,e,e,e,e,e,e,e,e,e,e,e,e,e,e,e,e,e,e,e,e,e,e,e,e,e,e,e,e,e,e,e,e,e,e,e,e,e,e,e,e,e,e,e,e,e,e,e,e,e,e,e,e,e,e,e,e,e,e,e,e,e,e,e,e,e,e,e,e,e,e,e,e,e,e,e,e,e,e,e,e,e,e,e,e,e,e,e,e,e,e,e,e,e,e,e,e,e,e,e,e,e,e,e,e,e,e,e,e,e,e,e,e,e,e,e,e,e,e,e,e,e,e,e,e,e,e,e,e,e,e,e,e,e,e,e,e,e,e,e,e,e,e,e,e,e,e,e,e,e,e,e,e,e,e,e,e,e,e,e,e,e,e,e,e,e,e,e,e,e,e,e,e,e,e,e,e,e,e,e,e,e,e,e,e,e,e,e,e,e,e,e,e,e,e,e,e,e,e,e,e,e,e,e,e,e,e,e,e,e,e,e,e,e,e,e,e,e,e,e,e,e,e,e,e,e,e,e,e,e,e,e,e,e,e,e,e,e,e,e,e,e,e,e,e,e,e,e,e
e,e,e,e,e,e,e,e,e,e,e,e,e,e,e,e,e,e,e,e,e,e,e,e,e,e,e,e,e,e,e,e,e,e,e,e,e,e,e,e,e,e,e,e,e,e,e,e,e,e,e,e,e,e,e,e,e,e,e,e,e,e,e,e,e,e,e,e,e,e,e,e,e,e,e,e,e,e,e,e,e,e,e,e,e,e,e,e,e,e,e,e,e,e,e,e,e,e,e,e,e,e,e,e,e,e,e,e,e,e,e,e,e,e,e,e,e,e,e,e,e,e,e,e,e,e,e,e,e,e,e,e,e,e,e,e,e,e,e,e,e,e,e,e,e,e,e,e,e,e,e,e,e,e,e,e,e,e,e,e,e,e,e,e,e,e,e,e,e,e,e,e,e,e,e,e,e,e,e,e,e,e,e,e,e,e,e,e,e,e,e,e,e,e,e,e,e,e,e,e,e,e,e,e,e,e,e,e,e,e,e,e,e,e,e,e,e,e,e,e,e,e,e,e,e,e,e,e,e,e,e,e,e,e,e,e,e,e,e,e,e,e,e,e,e,e,e,e,e,e,e,e,e,e,e,e
e,e,e,e,e,e,e,e,e,e,e,e,e,e,e,e,e,e,e,e,e,e,e,e,e,e,e,e,e,e,e,e,e,e,e,e,e,e,e,e,e,e,e,e,e,e,e,e,e,e,e,e,e,e,e,e,e,e,e,e,e,e,e,e,e,e,e,e,e,e,e,e,e,e,e,e,e,e,e,e,e,e,e,e,e,e,e,e,e,e,e,e,e,e,e,e,e,e,e,e,e,e,e,e,e,e,e,e,e,e,e,e,e,e,e,e,e,e,e,e,e,e,e,e,e,e,e,e,e,e,e,e,e,e,e,e,e,e,e,e,e,e,e,e,e,e,e,e,e,e,e,e,e,e,e,e,e,e,e,e,e,e,e,e,e,e,e,e,e,e,e,e,e,e,e,e,e,e,e,e,e,e,e,e,e,e,e,e,e,e,e,e,e,e,e,e,e,e,e,e,e,e,e,e,e,e,e,e,e,e,e,e,e,e,e,e,e,e,e,e,e,e,e,e,e,e,e,e,e,e,e,e,e,e,e,e,e,e,e,e,e,e,e,e,e,e,e,e,e,e,e,e,e,e,e,e
